product_id,category,price
P234890,Home,164.08
P228204,Grocery,24.73
P213892,Electronics,175.58
P208689,Electronics,63.67
P228063,Home,16.33
P214062,Beauty,53.91
P201363,Electronics,266.5
P216691,Beauty,9.98
P202751,Fashion,6.61
P207782,Grocery,10.91
P217648,Beauty,6.61
P212540,Beauty,16.22
P245991,Grocery,10.56
P205339,Toys,7.12
P227020,Home,39.19
P227609,Home,12.63
P205848,Sports,96.61
P216877,Fashion,16.0
P218405,Electronics,734.32
P248629,Fashion,50.52
P246233,Toys,17.99
P221471,Fashion,39.54
P203302,Electronics,128.8
P214437,Fashion,176.45
P247930,Sports,345.57
P214512,Beauty,12.49
P232436,Sports,157.21
P223511,Fashion,11.24
P205022,Grocery,20.97
P243239,Home,54.42
P206155,Home,54.93
P231480,Grocery,10.32
P238022,Grocery,7.56
P225332,Sports,22.33
P204354,Grocery,12.84
P231847,Beauty,8.89
P235284,Fashion,33.9
P248640,Fashion,17.92
P210156,Beauty,50.75
P222453,Beauty,13.11
P232689,Home,297.65
P223758,Grocery,6.2
P208838,Home,36.05
P245502,Fashion,47.26
P243790,Electronics,313.25
P237976,Grocery,13.7
P249346,Toys,9.07
P213725,Beauty,12.45
P209337,Toys,7.33
P210701,Toys,53.85
P229811,Grocery,16.12
P243043,Home,195.87
P238978,Beauty,8.29
P229316,Electronics,402.13
P211544,Grocery,19.94
P221514,Grocery,6.52
P216327,Toys,5.38
P246809,Home,167.21
P216705,Home,134.37
P210479,Home,122.85
P211323,Fashion,14.91
P212937,Beauty,10.46
P223089,Electronics,368.67
P201702,Grocery,13.52
P210404,Home,116.53
P233598,Grocery,20.24
P208380,Sports,175.75
P221990,Fashion,20.91
P232859,Fashion,13.43
P203877,Grocery,3.96
P242871,Toys,8.5
P218720,Fashion,150.12
P207676,Electronics,97.95
P231818,Sports,217.48
P234348,Fashion,16.18
P248555,Fashion,26.06
P242368,Sports,23.23
P248180,Sports,20.73
P224130,Home,23.16
P233241,Grocery,6.53
P244392,Sports,82.93
P249421,Grocery,3.95
P226620,Fashion,137.66
P217077,Fashion,48.41
P212663,Electronics,753.1
P217799,Fashion,12.92
P247285,Grocery,3.04
P217619,Grocery,25.7
P203967,Toys,18.51
P227488,Beauty,71.36
P213211,Toys,5.12
P221169,Beauty,3.65
P230373,Electronics,857.18
P232669,Home,168.01
P206634,Beauty,43.33
P200840,Fashion,22.26
P234229,Fashion,5.15
P221318,Fashion,37.42
P215405,Beauty,115.85
P247771,Electronics,823.81
P236240,Sports,17.35
P215847,Home,37.39
P223547,Fashion,23.33
P206575,Toys,36.89
P230123,Home,239.28
P204843,Home,36.94
P227451,Toys,16.98
P207739,Home,101.74
P214852,Toys,12.52
P249092,Home,111.08
P209157,Fashion,22.03
P222406,Beauty,21.58
P247284,Fashion,61.89
P245200,Electronics,70.98
P207432,Electronics,1161.68
P218837,Fashion,13.88
P215148,Sports,53.93
P211194,Toys,14.51
P232591,Toys,2.82
P214819,Fashion,44.08
P206625,Sports,210.6
P207404,Fashion,118.71
P214674,Beauty,12.67
P210507,Grocery,11.77
P220387,Electronics,537.39
P218697,Grocery,4.84
P237391,Toys,16.78
P219547,Toys,10.98
P223570,Sports,56.72
P239783,Toys,3.94
P228037,Grocery,7.88
P230083,Toys,5.45
P248029,Fashion,22.63
P240550,Beauty,12.82
P237982,Fashion,32.69
P239706,Grocery,33.76
P202988,Grocery,14.13
P205156,Beauty,92.86
P238280,Toys,19.57
P209788,Grocery,22.56
P214185,Fashion,93.34
P218734,Beauty,35.91
P209971,Home,155.94
P243408,Toys,12.64
P206487,Home,120.29
P220997,Sports,31.17
P246456,Home,136.79
P212452,Electronics,284.7
P215372,Electronics,580.17
P244767,Electronics,806.71
P213434,Electronics,96.31
P212416,Beauty,31.77
P219248,Sports,304.67
P246713,Electronics,862.36
P228194,Beauty,47.06
P233785,Beauty,4.21
P237458,Electronics,144.57
P208373,Home,31.13
P230283,Sports,267.28
P229415,Electronics,499.11
P226414,Electronics,296.62
P214378,Grocery,52.12
P218336,Sports,31.3
P204700,Home,145.09
P213901,Beauty,26.03
P224838,Toys,10.19
P222597,Toys,15.07
P233428,Fashion,18.2
P240149,Home,158.84
P235687,Beauty,16.27
P229493,Electronics,57.75
P231852,Grocery,40.65
P210932,Home,101.64
P223009,Home,171.02
P233583,Grocery,3.89
P247278,Electronics,94.23
P227994,Electronics,806.31
P229865,Sports,97.9
P212289,Home,99.52
P228293,Toys,16.48
P204734,Electronics,137.57
P220013,Home,331.04
P235521,Fashion,16.85
P206505,Sports,26.91
P244327,Fashion,135.78
P247673,Home,49.21
P204685,Toys,41.02
P249353,Grocery,20.5
P218409,Sports,57.32
P219517,Home,48.58
P244533,Beauty,37.86
P230475,Sports,99.51
P236989,Toys,7.76
P215327,Grocery,30.17
P203671,Grocery,17.81
P204941,Toys,49.2
P226372,Electronics,236.98
P212466,Sports,23.49
P218286,Toys,52.7
P244959,Toys,20.09
P204588,Grocery,13.27
P228080,Home,125.56
P224544,Sports,72.87
P210811,Electronics,145.69
P218733,Beauty,26.26
P240696,Home,176.95
P248093,Grocery,33.7
P239888,Grocery,1.99
P247042,Toys,7.78
P230059,Electronics,537.23
P237487,Home,206.49
P240849,Sports,33.43
P214550,Electronics,116.37
P249122,Fashion,27.49
P210864,Grocery,1.86
P225394,Electronics,475.97
P219061,Electronics,410.13
P249699,Beauty,50.95
P212624,Grocery,8.4
P224934,Toys,21.91
P203361,Grocery,41.53
P213707,Sports,323.62
P201924,Home,19.71
P229487,Grocery,1.02
P212647,Home,433.77
P231734,Fashion,42.68
P229018,Home,168.7
P221627,Toys,49.93
P221031,Grocery,8.47
P239449,Fashion,33.57
P202701,Home,34.06
P246943,Grocery,32.11
P242890,Electronics,389.04
P249573,Toys,5.91
P216719,Home,118.03
P209718,Home,62.37
P200056,Home,30.96
P246741,Home,36.43
P215352,Sports,90.56
P247820,Grocery,11.94
P203147,Home,215.45
P203537,Toys,7.6
P222812,Sports,253.37
P200721,Fashion,40.94
P245037,Beauty,8.6
P216769,Sports,62.43
P240194,Electronics,884.8
P246556,Home,95.63
P246775,Grocery,28.35
P243847,Beauty,7.27
P214346,Fashion,125.6
P239883,Fashion,32.69
P210911,Fashion,140.25
P200259,Home,274.72
P220872,Fashion,58.04
P208791,Electronics,413.13
P207536,Home,41.29
P220432,Beauty,25.62
P232750,Electronics,309.15
P241715,Electronics,182.17
P244537,Electronics,278.95
P219541,Fashion,135.15
P243718,Fashion,5.26
P216860,Beauty,16.22
P205283,Home,63.45
P230743,Fashion,164.8
P242559,Toys,73.7
P235127,Home,126.01
P207405,Electronics,309.52
P231181,Fashion,119.82
P232205,Grocery,1.09
P224408,Grocery,11.88
P217645,Fashion,6.23
P247125,Electronics,1170.31
P206323,Home,60.81
P205937,Home,106.86
P243798,Home,81.17
P230431,Beauty,57.9
P217882,Fashion,428.38
P225324,Electronics,73.02
P213003,Beauty,35.26
P243346,Grocery,7.04
P225106,Electronics,98.67
P212979,Sports,61.13
P234977,Home,838.28
P244828,Fashion,26.76
P207228,Toys,8.39
P209300,Home,256.47
P208681,Beauty,52.6
P240964,Home,64.48
P208267,Electronics,165.3
P205372,Beauty,28.53
P238918,Home,40.24
P210920,Electronics,264.84
P248769,Beauty,6.73
P216856,Electronics,168.13
P227785,Fashion,22.36
P247915,Toys,25.35
P217221,Electronics,157.79
P225178,Sports,234.95
P233954,Grocery,54.68
P206461,Electronics,77.47
P217865,Home,76.74
P244232,Beauty,11.8
P214052,Home,67.12
P230370,Beauty,10.56
P207332,Home,73.51
P249383,Electronics,99.55
P200327,Electronics,156.68
P222765,Sports,145.46
P205239,Fashion,25.73
P210078,Toys,6.58
P207038,Sports,21.29
P208048,Electronics,189.01
P228671,Fashion,55.7
P214954,Fashion,19.36
P235065,Beauty,16.45
P245471,Toys,61.88
P202779,Electronics,311.23
P246474,Fashion,42.33
P213225,Home,79.46
P240086,Fashion,45.01
P232541,Beauty,105.2
P219720,Home,48.55
P213531,Fashion,144.93
P205335,Home,31.25
P209530,Fashion,10.79
P224791,Fashion,57.28
P240270,Fashion,19.22
P201649,Beauty,17.4
P213472,Home,182.23
P202862,Fashion,42.63
P225185,Electronics,54.5
P227134,Electronics,168.64
P200917,Electronics,71.73
P212444,Home,353.02
P241121,Fashion,82.83
P220521,Home,553.17
P238217,Fashion,111.39
P222066,Beauty,18.8
P202811,Sports,220.64
P236189,Home,156.95
P209290,Electronics,291.67
P235489,Electronics,200.49
P227284,Fashion,61.17
P224698,Home,127.44
P243660,Electronics,359.53
P219637,Fashion,30.1
P248024,Grocery,18.7
P233556,Electronics,77.57
P216640,Grocery,18.05
P204025,Toys,27.81
P231476,Toys,16.27
P206741,Toys,8.01
P203654,Electronics,288.05
P246348,Electronics,92.69
P240428,Electronics,159.09
P236019,Electronics,227.77
P238036,Fashion,59.99
P244549,Toys,6.08
P229843,Fashion,13.47
P223560,Fashion,51.02
P246257,Sports,121.9
P247899,Electronics,78.39
P240330,Home,14.44
P215987,Fashion,12.83
P220810,Toys,47.49
P220311,Home,157.03
P247159,Sports,259.63
P234920,Electronics,405.15
P208738,Grocery,45.23
P207888,Fashion,33.41
P242864,Sports,99.88
P205474,Grocery,13.1
P200488,Home,10.41
P224144,Home,13.67
P205622,Electronics,101.01
P231830,Home,104.23
P236542,Toys,13.07
P239214,Electronics,302.19
P227648,Grocery,22.22
P232697,Sports,179.85
P225223,Home,506.77
P221865,Beauty,22.98
P208572,Electronics,188.62
P240601,Fashion,23.1
P243026,Fashion,25.48
P223501,Home,61.52
P226866,Grocery,7.57
P225775,Beauty,27.59
P229080,Electronics,322.81
P204887,Sports,70.95
P219374,Beauty,5.07
P216605,Home,22.88
P215684,Grocery,11.37
P224002,Grocery,1.49
P226015,Sports,136.87
P222972,Grocery,67.88
P200617,Beauty,25.29
P246404,Toys,27.28
P235338,Home,86.09
P206309,Electronics,407.78
P219139,Grocery,14.89
P202790,Electronics,614.78
P207826,Fashion,66.09
P212134,Electronics,499.31
P219693,Fashion,44.99
P204054,Fashion,37.58
P216090,Beauty,18.04
P223808,Grocery,7.55
P240449,Electronics,150.52
P215569,Toys,2.67
P232227,Electronics,411.4
P206508,Electronics,801.48
P216608,Beauty,68.32
P223523,Toys,19.09
P210433,Electronics,82.13
P231939,Fashion,108.7
P245112,Electronics,497.63
P224520,Grocery,4.81
P211888,Fashion,85.01
P230932,Home,94.09
P219734,Grocery,29.78
P203827,Beauty,9.97
P216257,Grocery,22.25
P232194,Grocery,17.39
P231318,Home,11.92
P216793,Beauty,23.3
P234684,Fashion,66.81
P228014,Grocery,3.24
P202859,Fashion,42.32
P239840,Toys,9.13
P231856,Fashion,63.59
P248291,Fashion,43.19
P234819,Electronics,365.71
P220085,Beauty,4.84
P208214,Fashion,12.29
P235736,Electronics,311.03
P241704,Fashion,14.83
P200601,Fashion,38.95
P224318,Home,164.22
P215451,Home,228.5
P246025,Electronics,100.16
P205274,Beauty,36.18
P218226,Toys,10.88
P243634,Beauty,30.83
P230926,Grocery,3.07
P245136,Electronics,285.29
P219046,Toys,37.74
P208674,Home,24.82
P219023,Beauty,46.08
P221910,Home,89.38
P248230,Fashion,90.21
P211503,Fashion,161.32
P248392,Beauty,7.26
P247138,Electronics,414.85
P205368,Beauty,9.57
P223527,Sports,24.32
P245335,Fashion,53.63
P222487,Fashion,10.62
P236593,Fashion,35.77
P210391,Electronics,378.4
P209874,Electronics,275.03
P203608,Electronics,438.13
P230451,Electronics,575.37
P239646,Fashion,106.17
P233786,Fashion,45.35
P227546,Grocery,5.26
P242378,Grocery,10.38
P235268,Fashion,29.12
P202667,Fashion,17.59
P242346,Home,109.15
P205230,Electronics,57.45
P225720,Home,132.49
P243023,Home,236.96
P237602,Fashion,372.76
P201546,Toys,52.09
P215050,Toys,3.85
P247817,Grocery,3.33
P230134,Fashion,12.34
P215640,Grocery,11.76
P220828,Beauty,4.15
P214284,Beauty,70.73
P203423,Grocery,1.84
P228577,Grocery,7.54
P219070,Sports,230.66
P202332,Fashion,150.72
P206066,Home,92.43
P218040,Beauty,19.42
P238806,Toys,21.88
P208583,Sports,61.49
P238057,Home,61.68
P222604,Home,187.07
P226564,Electronics,344.04
P233064,Grocery,9.65
P222857,Electronics,84.53
P228941,Beauty,4.75
P237962,Toys,16.06
P238573,Home,137.2
P245565,Toys,23.07
P225692,Toys,46.3
P216879,Electronics,600.56
P235763,Home,29.98
P216477,Sports,165.56
P245680,Home,158.51
P206393,Beauty,46.13
P233488,Beauty,48.42
P221459,Electronics,187.78
P239093,Home,50.23
P212554,Electronics,311.42
P237867,Electronics,165.27
P212568,Home,66.66
P236794,Beauty,4.76
P245015,Electronics,1594.33
P205057,Sports,46.39
P217490,Home,209.4
P205305,Grocery,66.63
P232740,Home,467.92
P244682,Electronics,376.56
P224118,Sports,86.07
P206674,Beauty,12.07
P242331,Home,270.3
P224998,Fashion,25.28
P215316,Electronics,86.68
P216217,Fashion,22.12
P202005,Electronics,173.01
P245509,Home,176.9
P214602,Grocery,3.45
P221645,Toys,9.49
P245371,Electronics,75.9
P213987,Grocery,25.84
P249915,Home,179.87
P213543,Fashion,33.29
P227944,Sports,65.28
P209144,Fashion,13.95
P243882,Fashion,28.86
P238459,Electronics,821.32
P239827,Home,29.65
P230741,Electronics,520.69
P204479,Toys,2.95
P204198,Home,59.18
P209091,Home,257.13
P247836,Electronics,241.35
P204205,Toys,25.86
P203641,Home,24.39
P203543,Home,161.44
P248192,Toys,35.62
P205591,Electronics,581.71
P244601,Home,86.08
P229341,Beauty,60.45
P229055,Home,122.65
P206116,Fashion,88.73
P200761,Fashion,16.81
P202407,Fashion,16.6
P231594,Grocery,19.48
P200885,Fashion,56.15
P232195,Fashion,60.46
P235411,Toys,7.31
P227819,Home,77.18
P211125,Home,49.36
P221494,Beauty,4.73
P234236,Beauty,8.59
P224585,Beauty,133.63
P222045,Electronics,136.65
P222447,Toys,5.41
P246134,Fashion,63.69
P226238,Electronics,495.4
P239091,Toys,22.85
P241703,Beauty,9.18
P235196,Sports,78.34
P211685,Sports,29.11
P212738,Electronics,145.03
P242076,Fashion,218.21
P248647,Home,181.75
P215772,Fashion,80.09
P210633,Fashion,6.5
P223492,Toys,11.47
P243961,Sports,89.67
P248049,Fashion,12.97
P236855,Toys,39.12
P206228,Beauty,6.68
P202831,Electronics,378.9
P220045,Home,116.07
P218132,Fashion,98.05
P211055,Fashion,23.37
P213795,Grocery,25.67
P240320,Home,42.95
P219648,Toys,28.95
P222158,Fashion,15.43
P221747,Electronics,727.63
P223234,Grocery,25.05
P247373,Home,213.9
P231560,Grocery,9.9
P211282,Electronics,61.19
P233831,Grocery,2.87
P223043,Home,90.31
P246112,Electronics,64.5
P220929,Sports,16.45
P248666,Toys,4.64
P235500,Electronics,148.23
P201872,Grocery,19.22
P237488,Sports,14.84
P201969,Fashion,207.22
P225460,Electronics,153.99
P212155,Home,60.82
P211870,Fashion,19.01
P249470,Home,131.43
P228392,Toys,2.39
P203717,Sports,19.66
P201374,Home,23.69
P221826,Electronics,404.97
P208679,Grocery,6.26
P249602,Fashion,33.29
P213427,Fashion,152.26
P223564,Sports,31.95
P234708,Toys,3.43
P235135,Grocery,8.67
P244196,Grocery,3.36
P224271,Grocery,3.06
P216631,Home,79.5
P219887,Electronics,409.97
P225259,Beauty,9.82
P232396,Electronics,728.33
P249630,Fashion,27.13
P219144,Electronics,933.62
P212655,Fashion,38.34
P240736,Home,180.81
P249060,Home,258.93
P220836,Home,109.33
P247511,Toys,39.35
P201368,Sports,56.69
P234994,Grocery,6.95
P244456,Home,218.06
P236380,Fashion,18.58
P212199,Electronics,460.29
P242802,Sports,17.89
P211569,Toys,21.85
P233827,Fashion,144.92
P231182,Toys,13.99
P213115,Beauty,16.18
P221649,Electronics,302.75
P218195,Sports,135.02
P230596,Beauty,13.89
P234961,Electronics,50.04
P227003,Home,101.81
P216551,Toys,12.69
P248896,Beauty,21.64
P223826,Fashion,66.77
P236950,Grocery,5.39
P224729,Fashion,39.6
P203868,Fashion,19.37
P241274,Fashion,35.24
P238718,Grocery,6.56
P232353,Home,70.63
P241682,Sports,95.15
P230653,Grocery,16.4
P214141,Toys,2.25
P211537,Electronics,730.11
P230401,Toys,10.91
P227387,Sports,111.45
P216154,Fashion,11.42
P235077,Fashion,46.66
P206630,Sports,121.57
P243461,Fashion,13.42
P214778,Fashion,124.58
P244293,Sports,149.3
P223070,Grocery,11.05
P213416,Electronics,109.02
P249501,Home,274.2
P225399,Beauty,4.74
P208629,Sports,22.03
P208360,Grocery,16.77
P212011,Sports,38.8
P240721,Beauty,18.07
P236069,Grocery,11.19
P211227,Electronics,249.2
P239587,Electronics,78.48
P244550,Beauty,35.77
P202769,Fashion,18.49
P210492,Electronics,485.97
P203345,Fashion,103.56
P202665,Sports,85.59
P224807,Grocery,17.14
P243552,Electronics,62.23
P212366,Beauty,3.92
P209325,Fashion,15.8
P205440,Sports,53.64
P228222,Beauty,7.95
P226951,Grocery,14.27
P239878,Electronics,155.36
P220264,Home,256.11
P219121,Fashion,45.43
P218815,Beauty,14.64
P244263,Toys,45.97
P230311,Grocery,24.2
P242397,Home,235.81
P219749,Toys,27.63
P229218,Fashion,51.83
P215533,Electronics,198.53
P244133,Toys,12.8
P244867,Electronics,388.53
P201316,Electronics,111.68
P237972,Fashion,91.49
P221388,Home,377.55
P213512,Electronics,83.52
P200684,Toys,2.45
P227164,Home,30.27
P239208,Home,197.85
P211735,Fashion,10.61
P235855,Home,71.31
P242635,Toys,3.28
P238546,Grocery,8.46
P248797,Grocery,13.19
P208079,Home,140.38
P222412,Grocery,10.63
P235862,Fashion,141.8
P219191,Electronics,296.17
P214821,Toys,40.56
P207582,Electronics,1663.8
P209012,Electronics,134.84
P233655,Grocery,5.06
P244688,Toys,16.51
P238783,Electronics,115.44
P214530,Toys,18.33
P220377,Toys,24.68
P245221,Grocery,1.82
P221653,Beauty,31.02
P240276,Sports,27.08
P220380,Toys,9.0
P200556,Sports,142.01
P226790,Sports,27.57
P208900,Beauty,21.59
P233485,Home,127.13
P236433,Grocery,3.36
P213891,Fashion,20.8
P243104,Electronics,353.09
P215014,Toys,14.16
P206547,Fashion,58.04
P237964,Beauty,50.26
P229932,Electronics,97.15
P244739,Beauty,4.79
P220263,Grocery,15.47
P219320,Sports,154.79
P247984,Fashion,34.33
P243374,Grocery,7.59
P239459,Fashion,49.66
P207045,Home,115.56
P243255,Home,98.7
P201237,Grocery,23.48
P243077,Electronics,111.93
P239240,Sports,122.42
P236326,Home,188.04
P205293,Electronics,802.6
P225274,Grocery,39.21
P219237,Beauty,20.37
P228384,Sports,65.9
P230993,Fashion,39.47
P212811,Toys,27.94
P218229,Toys,2.34
P239130,Home,35.19
P213311,Beauty,61.37
P223040,Grocery,3.86
P203182,Toys,7.1
P247066,Home,379.26
P249615,Sports,44.27
P205760,Toys,8.75
P207260,Electronics,886.29
P233218,Beauty,14.52
P246475,Grocery,9.97
P201915,Grocery,11.82
P209115,Toys,41.87
P207076,Electronics,76.24
P214814,Grocery,4.98
P233083,Beauty,24.67
P204793,Fashion,33.04
P201262,Sports,42.07
P209319,Toys,12.36
P213194,Electronics,1151.28
P219309,Grocery,1.28
P228760,Grocery,3.09
P226998,Electronics,56.12
P203468,Grocery,12.85
P246642,Grocery,1.17
P212651,Electronics,246.68
P220405,Fashion,101.39
P214482,Home,23.46
P204409,Fashion,27.34
P200547,Sports,56.69
P237659,Fashion,27.12
P219907,Grocery,18.12
P223426,Grocery,1.06
P242489,Fashion,79.44
P214436,Home,250.5
P216490,Beauty,16.83
P228962,Beauty,56.45
P238236,Home,73.16
P229288,Electronics,435.62
P222236,Electronics,210.02
P214923,Electronics,62.54
P201250,Grocery,2.15
P213264,Fashion,33.69
P201611,Electronics,1549.82
P207928,Beauty,7.79
P234558,Electronics,784.29
P200867,Electronics,868.41
P231689,Beauty,15.91
P245213,Beauty,18.18
P233095,Electronics,277.11
P203816,Home,203.74
P232626,Home,27.39
P235916,Beauty,12.76
P247838,Sports,28.41
P211573,Fashion,108.6
P243334,Home,19.63
P218939,Toys,29.08
P213157,Grocery,8.63
P209322,Grocery,17.51
P202482,Home,300.5
P235867,Beauty,13.17
P244280,Beauty,9.31
P213675,Toys,22.66
P230420,Toys,120.04
P242516,Fashion,69.29
P213850,Home,140.86
P206732,Fashion,27.58
P240753,Grocery,15.0
P245468,Fashion,11.77
P238822,Fashion,37.99
P249720,Grocery,12.21
P234422,Electronics,821.05
P232731,Fashion,129.01
P211428,Home,18.16
P211311,Beauty,27.48
P203733,Fashion,83.25
P239579,Home,111.23
P208342,Fashion,9.94
P210464,Beauty,9.49
P248514,Home,59.55
P245311,Toys,23.38
P210300,Home,18.93
P234563,Home,115.03
P248960,Beauty,5.83
P213708,Electronics,213.39
P228090,Electronics,230.16
P249151,Toys,13.82
P241308,Fashion,66.01
P216328,Sports,18.33
P226654,Electronics,151.5
P206214,Toys,22.15
P238913,Grocery,38.85
P227552,Home,137.68
P235377,Home,292.91
P225734,Home,464.88
P224721,Grocery,29.35
P218610,Electronics,1214.46
P213622,Sports,157.58
P228875,Sports,224.54
P223226,Home,99.03
P227677,Fashion,25.84
P210298,Fashion,405.6
P235848,Toys,4.02
P233755,Electronics,1081.82
P217744,Beauty,16.81
P223434,Fashion,6.11
P240314,Fashion,84.88
P248001,Home,87.34
P201726,Grocery,22.1
P248917,Beauty,4.12
P214268,Toys,73.89
P246745,Beauty,30.24
P200907,Sports,14.84
P225759,Home,10.61
P213764,Grocery,12.87
P224409,Home,503.85
P208390,Beauty,21.19
P230172,Beauty,13.7
P235223,Fashion,142.45
P240542,Electronics,548.79
P247324,Sports,134.45
P248196,Fashion,5.1
P203365,Home,59.56
P225836,Grocery,35.14
P228554,Beauty,14.25
P221663,Electronics,182.38
P205951,Toys,17.15
P215175,Fashion,34.2
P211027,Beauty,50.96
P242273,Home,21.22
P210094,Fashion,57.86
P223081,Electronics,438.26
P212167,Fashion,109.29
P208769,Electronics,224.68
P223060,Fashion,22.19
P201020,Grocery,13.97
P211845,Home,179.94
P236612,Toys,5.69
P236341,Beauty,7.22
P210485,Sports,40.09
P238210,Electronics,142.6
P207914,Fashion,73.29
P240719,Home,109.61
P208802,Grocery,11.45
P241288,Electronics,54.81
P233314,Home,689.38
P248298,Electronics,625.48
P219565,Home,87.21
P227617,Beauty,4.7
P241766,Sports,126.54
P225609,Electronics,298.89
P244233,Electronics,417.83
P220371,Home,159.03
P248384,Grocery,3.21
P219124,Fashion,24.6
P212717,Home,12.36
P248193,Home,540.89
P237669,Electronics,583.75
P226272,Toys,53.97
P211842,Fashion,7.22
P238476,Sports,78.23
P202082,Home,191.18
P226261,Beauty,5.68
P220970,Electronics,537.82
P209795,Grocery,14.73
P245309,Fashion,211.34
P233028,Sports,24.93
P220180,Toys,21.52
P246335,Beauty,75.03
P227351,Fashion,71.93
P238750,Grocery,6.39
P233268,Fashion,11.24
P201015,Grocery,44.68
P243293,Electronics,74.25
P224489,Home,496.59
P236731,Electronics,167.55
P211866,Electronics,689.71
P235474,Electronics,842.07
P215272,Grocery,8.32
P232161,Toys,39.28
P202099,Electronics,138.5
P206386,Fashion,35.91
P205338,Sports,194.16
P208300,Home,26.59
P221400,Toys,27.65
P224641,Home,85.61
P204297,Sports,80.79
P219332,Beauty,24.2
P241173,Beauty,10.9
P247862,Fashion,9.98
P215201,Home,12.48
P245382,Electronics,233.21
P246129,Beauty,10.67
P233808,Home,141.96
P212810,Toys,26.75
P207988,Fashion,39.45
P240327,Home,137.04
P219579,Fashion,45.45
P221483,Beauty,3.11
P200503,Toys,38.25
P205344,Toys,3.21
P208947,Grocery,7.95
P209533,Grocery,2.55
P247576,Toys,23.35
P240916,Fashion,24.37
P246923,Fashion,8.63
P215193,Home,16.11
P201381,Grocery,4.56
P207012,Home,154.89
P215213,Fashion,67.28
P227563,Grocery,2.81
P215212,Home,29.72
P230124,Sports,98.45
P246576,Toys,64.0
P210711,Toys,17.83
P230266,Toys,26.46
P247941,Toys,18.85
P209515,Sports,20.89
P220193,Home,395.44
P244707,Sports,17.35
P202131,Toys,30.06
P202424,Fashion,195.77
P244344,Fashion,23.89
P221823,Fashion,14.26
P209200,Beauty,23.46
P223031,Electronics,565.15
P203216,Toys,60.71
P245594,Electronics,434.51
P200016,Electronics,183.02
P237438,Fashion,38.53
P226378,Beauty,38.09
P235391,Fashion,81.25
P213350,Grocery,13.52
P249281,Toys,69.31
P214450,Toys,32.25
P201473,Beauty,3.18
P225525,Toys,7.01
P228572,Toys,13.58
P242028,Grocery,17.13
P237079,Electronics,313.33
P230110,Electronics,76.16
P235504,Electronics,485.64
P226888,Grocery,25.02
P201946,Beauty,8.64
P221943,Home,19.19
P215740,Home,216.09
P226445,Toys,22.12
P249452,Grocery,22.42
P209176,Sports,92.22
P229866,Sports,65.02
P244651,Fashion,167.2
P237269,Home,209.34
P211618,Grocery,7.99
P224736,Toys,48.82
P238682,Sports,505.19
P224601,Electronics,169.77
P232850,Electronics,774.77
P241132,Electronics,65.1
P205804,Beauty,8.91
P219525,Beauty,7.3
P245061,Grocery,6.81
P227419,Sports,91.32
P223746,Fashion,67.58
P212812,Electronics,807.58
P226686,Toys,5.39
P235852,Home,123.68
P202045,Sports,89.55
P225336,Beauty,18.03
P249356,Electronics,435.47
P245952,Electronics,284.08
P230460,Home,115.19
P247143,Home,317.63
P221668,Sports,203.53
P234320,Beauty,24.1
P240584,Grocery,3.24
P232575,Toys,64.68
P233592,Home,138.34
P236516,Home,226.92
P205578,Sports,15.57
P237965,Electronics,788.18
P241798,Grocery,16.57
P221079,Home,162.28
P200937,Grocery,2.54
P207595,Grocery,17.43
P200424,Beauty,4.95
P244270,Electronics,68.67
P203051,Beauty,12.64
P235673,Beauty,3.57
P231342,Toys,5.42
P212238,Electronics,470.9
P227786,Home,247.18
P229668,Grocery,3.61
P202694,Grocery,23.82
P203595,Fashion,37.2
P201267,Toys,64.3
P200421,Electronics,98.76
P219650,Toys,3.08
P207017,Fashion,96.69
P209849,Grocery,6.92
P223513,Sports,70.08
P249117,Home,104.41
P244899,Fashion,90.74
P241644,Fashion,8.89
P202226,Sports,88.77
P204388,Grocery,8.41
P202422,Sports,50.9
P239994,Toys,10.42
P209269,Toys,54.39
P212177,Grocery,5.11
P212032,Sports,69.62
P244276,Fashion,38.38
P207316,Toys,27.03
P202843,Fashion,40.98
P228015,Grocery,13.78
P204111,Home,77.0
P245231,Fashion,67.35
P222043,Fashion,35.83
P230101,Sports,34.77
P246546,Electronics,601.81
P236992,Grocery,20.09
P227870,Fashion,53.55
P237747,Fashion,41.29
P249577,Electronics,125.99
P235169,Fashion,104.69
P241709,Home,23.46
P215685,Fashion,99.12
P215963,Electronics,344.21
P229698,Fashion,33.39
P229150,Toys,32.82
P249195,Home,610.1
P221426,Fashion,15.29
P206035,Fashion,7.56
P207071,Beauty,18.23
P220578,Fashion,21.66
P228044,Beauty,29.92
P228842,Grocery,9.98
P216531,Electronics,274.63
P202170,Electronics,192.51
P224687,Electronics,126.89
P237886,Home,41.61
P207297,Electronics,209.04
P204163,Home,160.78
P240794,Grocery,6.41
P241787,Electronics,178.23
P242712,Home,82.86
P235707,Toys,94.34
P238495,Electronics,81.09
P224448,Beauty,11.46
P203616,Electronics,1242.46
P238173,Toys,12.28
P231748,Electronics,322.01
P228299,Beauty,8.41
P243237,Sports,11.26
P241119,Fashion,25.38
P211557,Electronics,381.16
P238648,Electronics,432.25
P214096,Toys,29.57
P233781,Sports,203.8
P208743,Fashion,11.04
P207391,Sports,18.5
P209355,Sports,162.39
P205247,Grocery,8.53
P240286,Home,397.06
P206290,Toys,58.51
P234076,Home,30.11
P242452,Grocery,16.47
P225817,Electronics,72.58
P245491,Electronics,217.87
P237595,Toys,38.25
P232827,Toys,14.15
P226209,Fashion,6.68
P239754,Beauty,9.73
P232118,Home,21.89
P243411,Electronics,220.51
P215216,Electronics,437.73
P207860,Electronics,400.95
P213425,Beauty,34.1
P213806,Fashion,28.81
P247718,Electronics,150.19
P224911,Grocery,1.77
P225406,Electronics,973.01
P234360,Sports,22.38
P214464,Grocery,3.58
P230587,Electronics,58.23
P238865,Fashion,23.76
P206458,Beauty,44.86
P209151,Home,63.17
P236934,Beauty,29.87
P206488,Beauty,85.52
P224541,Grocery,30.37
P221803,Electronics,114.49
P243183,Toys,10.75
P244776,Fashion,73.38
P224718,Home,510.51
P211170,Electronics,459.03
P217430,Home,48.27
P209260,Electronics,272.14
P207636,Fashion,15.54
P236955,Home,44.01
P236108,Electronics,377.05
P238945,Toys,16.22
P215941,Toys,4.53
P203435,Toys,5.28
P228355,Beauty,3.48
P207300,Home,42.66
P245437,Fashion,112.34
P222183,Sports,164.89
P233733,Home,80.54
P207444,Grocery,18.83
P225755,Grocery,7.88
P243394,Grocery,21.68
P223062,Home,36.44
P214610,Home,31.79
P200500,Toys,3.6
P204554,Sports,37.22
P249201,Sports,25.56
P225545,Fashion,83.8
P246059,Toys,7.4
P206771,Beauty,20.79
P217499,Home,195.83
P203932,Toys,24.23
P226055,Home,40.14
P237202,Sports,17.89
P227700,Home,329.65
P203567,Beauty,26.83
P201658,Electronics,448.48
P242836,Home,74.22
P246929,Beauty,9.78
P240712,Home,109.58
P226627,Toys,3.59
P238568,Fashion,84.12
P220760,Grocery,14.99
P229985,Home,198.8
P214408,Sports,92.82
P229832,Electronics,330.32
P240785,Fashion,50.1
P235583,Toys,32.15
P233738,Electronics,133.0
P224204,Grocery,16.07
P213285,Fashion,44.56
P232975,Grocery,10.0
P216643,Home,112.5
P205025,Beauty,10.78
P237126,Electronics,62.28
P216888,Home,197.45
P245258,Electronics,855.68
P234527,Beauty,19.06
P223898,Beauty,47.58
P247069,Sports,89.68
P214387,Toys,54.38
P246435,Home,103.5
P203794,Fashion,16.27
P203590,Fashion,105.35
P214698,Toys,33.68
P212332,Electronics,214.94
P239738,Beauty,48.19
P209593,Electronics,52.95
P230107,Fashion,84.07
P231490,Beauty,31.54
P236097,Home,72.87
P211036,Home,216.48
P228561,Sports,23.32
P214372,Fashion,16.18
P234860,Fashion,42.5
P219351,Sports,219.34
P230327,Beauty,6.41
P218059,Electronics,319.99
P227188,Sports,147.56
P233055,Beauty,36.32
P249937,Electronics,371.35
P202316,Sports,288.17
P216259,Beauty,19.12
P235606,Fashion,109.35
P211829,Beauty,26.68
P208137,Beauty,35.77
P224502,Grocery,9.23
P227204,Sports,28.04
P201265,Fashion,10.68
P235751,Electronics,422.69
P222285,Toys,11.29
P224315,Toys,18.48
P247457,Electronics,495.45
P246875,Electronics,551.81
P240911,Sports,80.08
P240798,Sports,47.13
P245890,Electronics,536.06
P243420,Sports,62.78
P233379,Fashion,140.72
P236291,Fashion,90.58
P227152,Fashion,72.56
P205424,Beauty,9.76
P209939,Toys,10.86
P230253,Home,258.9
P234396,Fashion,6.15
P213176,Grocery,21.02
P207907,Electronics,218.27
P203372,Toys,33.59
P227572,Toys,17.81
P224592,Fashion,41.79
P213102,Fashion,64.46
P242557,Toys,34.29
P225642,Beauty,31.97
P203139,Electronics,244.72
P211643,Grocery,6.09
P218643,Fashion,96.86
P235018,Fashion,41.17
P238889,Sports,160.45
P228780,Sports,546.23
P240949,Fashion,55.77
P248071,Electronics,156.02
P216667,Beauty,52.16
P230632,Beauty,10.83
P238493,Toys,7.93
P248352,Home,20.11
P229408,Sports,18.05
P224302,Electronics,694.42
P221621,Grocery,4.45
P213219,Fashion,10.66
P241562,Beauty,13.65
P225939,Grocery,17.46
P246880,Toys,10.16
P244312,Beauty,12.07
P236843,Sports,75.84
P212778,Grocery,1.28
P238930,Toys,15.28
P229870,Beauty,115.87
P240404,Sports,167.94
P222121,Electronics,73.76
P240770,Home,150.05
P246221,Fashion,35.4
P230158,Home,240.43
P223456,Sports,20.2
P247401,Electronics,136.1
P212992,Electronics,558.98
P244894,Home,259.09
P225390,Fashion,42.05
P245858,Home,12.62
P216756,Grocery,30.51
P221971,Sports,57.45
P227574,Electronics,605.17
P246517,Beauty,16.26
P219275,Sports,30.72
P244751,Home,222.95
P206586,Fashion,35.09
P219703,Electronics,354.2
P226765,Fashion,90.17
P210641,Home,107.31
P236735,Toys,4.3
P200822,Toys,67.25
P232989,Home,54.45
P239648,Toys,103.45
P212129,Grocery,1.08
P215543,Sports,75.02
P225963,Sports,130.02
P236656,Grocery,32.17
P229665,Fashion,79.52
P213499,Electronics,145.94
P210352,Grocery,4.67
P219654,Home,68.06
P210117,Toys,4.3
P221077,Toys,23.78
P245540,Home,383.22
P203993,Beauty,28.17
P218982,Beauty,21.67
P234434,Fashion,39.41
P216312,Electronics,341.85
P244041,Beauty,33.38
P214338,Electronics,565.04
P230173,Fashion,63.92
P237525,Fashion,65.03
P226690,Sports,308.05
P227328,Toys,47.16
P211360,Beauty,45.55
P238883,Home,15.84
P238205,Grocery,15.55
P222625,Electronics,247.25
P242040,Fashion,52.26
P231850,Fashion,66.66
P216471,Fashion,105.09
P227276,Fashion,50.9
P202703,Home,305.71
P211151,Home,200.46
P204147,Home,14.73
P234515,Fashion,5.49
P208232,Toys,19.37
P215151,Home,107.08
P210330,Electronics,437.38
P249190,Electronics,651.39
P211276,Toys,5.53
P218535,Sports,200.86
P236705,Home,23.59
P239654,Fashion,110.59
P243050,Home,260.22
P232976,Beauty,32.25
P200599,Toys,9.02
P203709,Beauty,5.4
P224110,Fashion,79.02
P249365,Electronics,129.87
P205723,Electronics,238.99
P246772,Sports,84.42
P242536,Electronics,425.89
P227394,Home,98.0
P210316,Sports,126.61
P222622,Fashion,87.71
P224844,Sports,132.77
P240740,Beauty,11.72
P221162,Home,305.86
P228833,Grocery,11.53
P217206,Sports,71.58
P224501,Home,122.68
P248314,Toys,14.98
P210291,Sports,148.35
P244562,Toys,12.74
P211659,Sports,157.44
P225226,Home,197.99
P240751,Fashion,20.94
P206500,Sports,19.92
P201634,Electronics,668.65
P214059,Toys,5.64
P204814,Home,14.17
P204076,Beauty,15.61
P241158,Home,48.61
P225931,Sports,28.6
P232007,Beauty,36.89
P222744,Fashion,80.22
P230396,Electronics,65.44
P223083,Toys,17.57
P236273,Grocery,2.91
P249954,Electronics,274.98
P225276,Fashion,26.02
P200502,Fashion,16.08
P212756,Grocery,39.94
P214262,Fashion,159.42
P248909,Electronics,319.76
P210605,Fashion,15.24
P240707,Sports,96.07
P222416,Grocery,35.73
P240516,Electronics,98.16
P227543,Beauty,31.99
P231280,Fashion,57.5
P202870,Electronics,50.45
P204758,Grocery,26.3
P245806,Toys,23.26
P238736,Grocery,3.87
P249534,Fashion,181.33
P240558,Toys,29.64
P209585,Fashion,27.33
P227903,Fashion,32.88
P237039,Fashion,43.06
P204323,Grocery,17.7
P226970,Sports,28.67
P234806,Electronics,120.79
P248745,Electronics,66.08
P205461,Toys,85.66
P240831,Toys,42.99
P234030,Sports,89.17
P205731,Fashion,32.66
P221500,Home,45.69
P209903,Beauty,25.14
P233117,Grocery,16.44
P228602,Electronics,429.78
P231174,Home,10.85
P233208,Electronics,443.51
P219192,Home,275.01
P213899,Fashion,11.0
P218946,Toys,29.69
P203152,Fashion,90.2
P225960,Home,52.55
P210247,Home,173.95
P230806,Toys,4.0
P225573,Sports,113.01
P242382,Electronics,282.06
P249225,Electronics,666.24
P226038,Beauty,17.73
P227770,Home,83.57
P206949,Fashion,138.48
P202205,Toys,55.54
P217855,Electronics,61.82
P219564,Grocery,9.75
P213133,Electronics,107.04
P218114,Electronics,153.94
P232803,Fashion,58.94
P229785,Home,28.23
P238302,Fashion,5.56
P223545,Sports,137.71
P240777,Fashion,55.42
P210952,Electronics,807.12
P202535,Toys,17.37
P204963,Beauty,26.03
P212707,Toys,11.63
P212860,Electronics,354.75
P214247,Fashion,73.0
P217410,Fashion,25.99
P217670,Grocery,7.14
P219230,Home,140.89
P241280,Electronics,247.62
P224158,Home,108.57
P213887,Electronics,1357.13
P235061,Fashion,7.2
P249628,Home,147.44
P223810,Fashion,130.99
P244124,Electronics,137.58
P242786,Electronics,127.44
P225358,Beauty,14.05
P245588,Sports,17.57
P215933,Home,118.18
P230034,Sports,111.96
P201947,Electronics,607.11
P219715,Electronics,72.25
P230956,Toys,13.27
P221644,Fashion,80.39
P215310,Home,202.54
P222450,Grocery,2.01
P216303,Home,11.51
P247782,Electronics,547.05
P224031,Grocery,2.95
P229250,Electronics,330.23
P221853,Sports,19.73
P217977,Fashion,22.22
P242707,Home,32.65
P214465,Beauty,35.67
P210225,Home,157.07
P240472,Toys,4.86
P231535,Electronics,254.1
P239280,Toys,6.28
P202991,Electronics,52.66
P217801,Electronics,149.74
P207965,Home,162.08
P213730,Electronics,691.0
P229553,Beauty,9.65
P208301,Fashion,17.41
P218936,Home,74.6
P242017,Beauty,7.64
P214155,Toys,59.7
P221117,Electronics,140.7
P248848,Fashion,9.82
P202042,Electronics,314.53
P218565,Electronics,300.69
P247602,Grocery,14.16
P237260,Grocery,45.8
P242581,Sports,53.82
P203658,Toys,10.08
P216319,Electronics,371.93
P219078,Electronics,351.12
P236652,Fashion,42.0
P237548,Toys,10.91
P219668,Home,83.47
P238720,Home,217.07
P240285,Fashion,51.2
P222546,Sports,133.89
P237874,Grocery,5.27
P237165,Fashion,124.21
P228898,Beauty,3.88
P229907,Fashion,49.52
P245411,Toys,34.91
P229372,Home,274.92
P214822,Fashion,23.93
P219776,Home,91.07
P232406,Electronics,61.54
P210462,Toys,32.67
P236479,Grocery,2.75
P234354,Home,83.57
P242174,Fashion,235.57
P239906,Sports,255.62
P207662,Home,62.73
P246101,Electronics,144.23
P242605,Grocery,16.2
P209542,Toys,27.45
P215904,Toys,6.8
P227774,Home,46.13
P208556,Sports,48.41
P246123,Beauty,16.91
P212806,Home,338.46
P242586,Toys,2.53
P214864,Grocery,14.39
P230016,Grocery,27.05
P233749,Toys,27.27
P242996,Sports,34.02
P236320,Sports,73.69
P217305,Toys,49.42
P211938,Home,26.19
P216318,Fashion,220.49
P220379,Toys,5.05
P237820,Grocery,3.02
P205406,Fashion,87.4
P220661,Toys,36.66
P217858,Fashion,6.9
P230816,Grocery,3.43
P212850,Sports,301.73
P212601,Beauty,11.03
P239866,Toys,2.24
P226644,Toys,7.76
P227428,Grocery,18.51
P239487,Grocery,33.68
P248624,Electronics,104.8
P241362,Electronics,132.59
P233380,Toys,13.46
P207286,Grocery,19.16
P210068,Fashion,57.85
P209805,Electronics,178.96
P203017,Fashion,8.38
P221172,Home,48.4
P209926,Toys,6.88
P244508,Electronics,56.92
P223486,Fashion,186.45
P230397,Grocery,4.88
P229511,Electronics,638.63
P243340,Sports,75.23
P249005,Home,482.16
P210002,Sports,25.93
P248586,Electronics,88.12
P203201,Fashion,5.12
P233520,Home,176.88
P227048,Toys,9.19
P230130,Beauty,53.05
P240324,Electronics,376.49
P201341,Toys,18.94
P213981,Electronics,266.86
P208696,Grocery,4.93
P214525,Fashion,8.29
P226545,Home,87.18
P228625,Electronics,83.92
P205565,Beauty,60.86
P214947,Home,242.79
P230077,Home,137.32
P240698,Electronics,245.74
P206517,Toys,13.91
P214287,Toys,14.28
P229060,Sports,84.52
P246728,Electronics,594.33
P241633,Grocery,10.4
P205985,Fashion,5.68
P239715,Sports,37.6
P213790,Beauty,30.06
P247507,Beauty,69.67
P225168,Toys,46.09
P224019,Fashion,90.06
P243739,Sports,304.9
P203668,Beauty,11.05
P210744,Electronics,54.05
P228754,Home,67.61
P219522,Toys,18.92
P204509,Fashion,23.71
P202500,Home,15.95
P209904,Home,103.17
P226921,Beauty,8.46
P216683,Grocery,18.12
P214833,Home,427.79
P218290,Home,285.58
P235253,Fashion,106.79
P214003,Grocery,21.54
P240227,Electronics,376.3
P206120,Electronics,67.85
P241253,Sports,116.79
P214251,Fashion,72.56
P222486,Sports,23.79
P228334,Toys,20.81
P206172,Fashion,37.04
P222706,Fashion,36.44
P218472,Electronics,122.3
P221695,Fashion,71.12
P239255,Fashion,132.44
P242732,Toys,32.49
P232716,Electronics,1397.55
P206880,Toys,10.91
P228949,Electronics,136.82
P219810,Sports,348.73
P200528,Electronics,556.93
P243093,Electronics,515.5
P218308,Sports,17.93
P222844,Home,38.07
P222360,Beauty,3.46
P222405,Home,207.37
P217246,Electronics,155.97
P227792,Sports,23.95
P243322,Toys,5.95
P220704,Electronics,383.06
P248181,Home,84.72
P230589,Beauty,72.51
P222436,Beauty,14.16
P246895,Beauty,46.98
P224643,Sports,87.75
P218026,Grocery,17.09
P215693,Home,34.32
P209212,Beauty,36.86
P239767,Home,92.48
P207322,Beauty,9.36
P235911,Sports,74.38
P246580,Beauty,50.42
P230387,Fashion,13.26
P205678,Home,34.47
P201382,Grocery,11.05
P221780,Toys,21.3
P227506,Sports,63.6
P242296,Sports,40.46
P231848,Electronics,72.61
P239882,Home,16.72
P242202,Electronics,63.54
P201705,Toys,47.54
P205997,Fashion,11.92
P240730,Toys,85.8
P244159,Grocery,35.55
P214535,Sports,14.31
P224480,Beauty,22.63
P231051,Beauty,27.59
P230785,Electronics,473.29
P229402,Electronics,1483.92
P241527,Fashion,32.58
P202704,Grocery,8.86
P227027,Electronics,399.99
P205725,Sports,141.16
P226769,Grocery,2.06
P227384,Home,222.36
P232145,Home,272.76
P232892,Home,16.09
P242497,Toys,2.79
P230027,Fashion,44.36
P212767,Toys,15.51
P221481,Sports,395.16
P237575,Fashion,22.14
P218354,Electronics,339.93
P248777,Toys,15.9
P219146,Fashion,42.73
P221901,Grocery,15.19
P249966,Electronics,300.68
P203101,Beauty,3.17
P228727,Sports,192.51
P216515,Fashion,17.92
P224806,Toys,22.53
P233162,Toys,14.78
P240087,Home,122.5
P203573,Beauty,19.86
P241941,Beauty,16.26
P239874,Grocery,9.69
P225508,Grocery,3.0
P225985,Fashion,176.28
P243915,Fashion,47.04
P205060,Grocery,5.45
P249094,Fashion,66.35
P245610,Grocery,28.93
P210933,Sports,44.58
P206632,Electronics,177.5
P239523,Fashion,33.38
P243898,Home,42.26
P222973,Toys,34.64
P205589,Fashion,48.14
P211612,Fashion,7.89
P247611,Grocery,76.25
P218888,Electronics,328.07
P219417,Beauty,57.06
P212015,Home,101.69
P245440,Electronics,333.84
P235744,Electronics,246.95
P211891,Electronics,130.04
P227762,Home,441.0
P206595,Beauty,7.92
P246172,Sports,83.49
P228557,Beauty,5.23
P245593,Home,670.6
P221936,Electronics,313.64
P218281,Fashion,87.85
P202192,Home,118.98
P245032,Grocery,22.52
P233859,Fashion,42.59
P249851,Home,87.52
P242861,Sports,69.85
P234946,Sports,10.23
P249884,Grocery,7.1
P246360,Fashion,154.24
P232309,Electronics,415.85
P241472,Fashion,128.76
P235455,Electronics,122.63
P228672,Beauty,19.55
P203756,Grocery,1.46
P238829,Sports,121.14
P241391,Electronics,548.08
P222918,Electronics,497.7
P204494,Grocery,2.2
P234047,Home,47.44
P206538,Grocery,15.04
P202221,Sports,149.92
P205164,Grocery,5.22
P233622,Toys,12.25
P235980,Home,66.98
P219152,Sports,10.45
P214385,Home,123.13
P223612,Fashion,59.38
P212530,Fashion,20.91
P203340,Home,163.27
P223124,Electronics,140.37
P242579,Electronics,458.57
P233043,Home,90.45
P212295,Grocery,28.06
P220247,Beauty,22.28
P200714,Home,36.88
P200809,Fashion,78.93
P230144,Sports,18.65
P245983,Toys,2.97
P220362,Home,29.29
P241821,Beauty,48.73
P200036,Sports,47.98
P232402,Electronics,278.38
P224498,Fashion,50.42
P228387,Sports,143.79
P210273,Sports,184.22
P225030,Electronics,285.75
P245267,Fashion,31.42
P211403,Sports,31.44
P215037,Fashion,50.98
P219039,Toys,17.7
P214017,Electronics,161.84
P217365,Fashion,34.06
P247464,Fashion,71.17
P239215,Grocery,13.99
P212583,Toys,14.93
P232919,Grocery,5.19
P247025,Home,155.18
P244254,Toys,21.43
P246275,Toys,14.05
P209514,Home,45.88
P238416,Grocery,3.53
P201511,Toys,10.15
P218642,Grocery,32.52
P216615,Toys,29.57
P231589,Toys,45.6
P224225,Grocery,25.34
P220846,Home,90.86
P229152,Toys,16.87
P240517,Fashion,14.14
P200571,Sports,135.48
P226188,Toys,12.78
P245000,Sports,27.29
P242530,Toys,3.97
P213217,Home,166.84
P241999,Beauty,19.13
P206609,Electronics,52.94
P247397,Electronics,615.57
P245041,Sports,105.01
P249322,Beauty,3.96
P205151,Fashion,22.87
P206406,Fashion,68.01
P247062,Fashion,7.99
P214893,Sports,141.06
P232956,Beauty,20.22
P245841,Electronics,546.34
P207145,Sports,200.04
P238695,Fashion,76.78
P233367,Sports,17.99
P212209,Grocery,6.05
P244292,Electronics,280.84
P247085,Sports,341.93
P226965,Beauty,6.25
P209145,Electronics,702.25
P242585,Home,616.64
P234638,Toys,33.33
P220645,Electronics,253.64
P218408,Sports,29.27
P212521,Sports,102.14
P221878,Fashion,51.34
P238221,Electronics,173.64
P234595,Grocery,13.63
P221086,Fashion,11.09
P216923,Electronics,376.67
P216225,Sports,233.25
P207202,Fashion,36.41
P230139,Home,200.43
P231974,Electronics,378.12
P226941,Grocery,1.04
P237206,Home,27.13
P219885,Grocery,20.63
P244907,Home,15.44
P211218,Fashion,158.85
P245692,Grocery,30.56
P228750,Fashion,27.13
P231612,Home,58.93
P206716,Electronics,358.48
P216088,Grocery,13.46
P231001,Electronics,80.31
P239586,Toys,6.77
P222584,Beauty,27.79
P204286,Electronics,574.32
P204739,Electronics,119.29
P234857,Sports,210.98
P205605,Sports,22.33
P239590,Home,86.13
P203321,Fashion,98.46
P244541,Sports,55.53
P233984,Beauty,10.69
P237653,Sports,144.61
P212170,Home,77.43
P208933,Grocery,17.13
P222692,Electronics,93.91
P231474,Electronics,312.06
P209906,Grocery,7.28
P245004,Sports,591.78
P223814,Fashion,49.0
P235565,Toys,24.54
P200818,Home,28.49
P208434,Electronics,1617.95
P230571,Sports,15.19
P240694,Fashion,8.61
P228890,Electronics,75.6
P245485,Fashion,105.54
P212069,Home,181.71
P232780,Electronics,1224.51
P238662,Grocery,1.91
P207392,Fashion,42.47
P216102,Sports,110.23
P233457,Toys,16.15
P222262,Beauty,30.56
P211932,Fashion,121.81
P211766,Electronics,337.77
P222711,Toys,46.59
P213292,Fashion,79.93
P220687,Electronics,700.62
P247631,Sports,115.87
P225899,Electronics,287.6
P207408,Grocery,1.95
P210694,Toys,37.42
P240910,Beauty,9.79
P234533,Toys,2.73
P215237,Home,106.38
P205778,Toys,21.69
P235059,Sports,116.61
P226561,Electronics,410.04
P204866,Grocery,14.96
P208429,Toys,34.47
P243352,Grocery,20.31
P244515,Sports,174.78
P222837,Home,91.2
P234075,Fashion,8.19
P234853,Electronics,381.65
P226395,Electronics,126.7
P216415,Fashion,101.5
P231986,Beauty,34.33
P224104,Sports,152.77
P200291,Fashion,21.59
P203686,Beauty,27.56
P245347,Fashion,41.92
P201642,Sports,40.74
P231477,Grocery,23.02
P224150,Sports,88.51
P229833,Home,57.95
P203909,Toys,7.07
P232078,Beauty,12.18
P212268,Grocery,3.74
P210844,Electronics,200.75
P208638,Fashion,63.22
P237141,Fashion,162.41
P211233,Toys,6.65
P230496,Beauty,11.73
P217806,Electronics,50.7
P240326,Fashion,17.55
P213271,Beauty,16.28
P239513,Grocery,9.16
P219465,Home,50.78
P239502,Electronics,102.94
P213860,Home,119.02
P208250,Fashion,30.87
P241418,Beauty,16.61
P249255,Home,306.73
P221310,Sports,91.05
P249893,Grocery,7.47
P227982,Fashion,19.39
P232206,Toys,13.01
P209764,Grocery,27.06
P243661,Home,451.78
P212842,Electronics,203.91
P237491,Toys,6.61
P244372,Sports,251.85
P224043,Fashion,12.67
P237971,Home,56.47
P202976,Beauty,8.59
P207426,Electronics,321.15
P222887,Sports,61.66
P226710,Sports,43.29
P241387,Grocery,20.23
P247470,Beauty,29.73
P206486,Beauty,135.45
P239258,Beauty,12.16
P246882,Fashion,96.75
P222623,Sports,45.43
P223806,Sports,10.89
P205973,Toys,5.22
P246215,Toys,15.97
P248626,Beauty,43.69
P245939,Electronics,69.22
P249085,Grocery,24.49
P229157,Home,175.77
P205521,Grocery,1.46
P212891,Home,24.8
P216795,Electronics,75.56
P222474,Grocery,15.96
P226507,Toys,18.19
P210687,Toys,10.74
P233014,Electronics,80.05
P211009,Toys,11.82
P222948,Home,22.91
P234939,Grocery,26.57
P244291,Sports,16.39
P248296,Electronics,354.52
P248044,Home,37.61
P240225,Beauty,5.35
P222102,Grocery,6.77
P234828,Fashion,59.05
P236102,Toys,4.54
P245855,Toys,14.7
P233712,Electronics,219.34
P226823,Electronics,231.24
P205361,Beauty,73.37
P225838,Toys,10.44
P214638,Beauty,120.18
P238052,Toys,17.2
P223265,Beauty,48.28
P224751,Sports,52.19
P242012,Electronics,78.79
P210916,Electronics,78.66
P209509,Sports,93.94
P245532,Toys,54.28
P231102,Beauty,4.81
P247659,Beauty,31.62
P224324,Beauty,23.3
P227943,Sports,33.87
P242634,Home,19.63
P233101,Beauty,4.9
P229943,Beauty,9.94
P209456,Toys,6.73
P211369,Fashion,11.64
P219329,Home,50.48
P213218,Home,110.53
P221164,Toys,60.73
P237424,Home,346.34
P212410,Electronics,153.04
P229730,Grocery,1.9
P239899,Electronics,260.29
P237703,Sports,386.66
P200415,Sports,85.86
P233475,Home,296.34
P224172,Sports,68.29
P202684,Electronics,366.2
P207494,Home,111.03
P219750,Electronics,130.7
P220826,Beauty,4.38
P206180,Home,69.26
P246779,Beauty,52.97
P202559,Home,101.97
P240905,Fashion,8.97
P203971,Electronics,125.6
P235725,Fashion,10.71
P218113,Fashion,20.99
P212951,Toys,26.48
P225617,Sports,115.92
P232794,Sports,24.27
P202583,Fashion,33.95
P225628,Sports,44.49
P226250,Beauty,13.08
P203055,Electronics,328.84
P206801,Grocery,31.15
P234426,Electronics,789.76
P236719,Home,80.15
P240067,Home,75.77
P223840,Toys,16.35
P209933,Grocery,9.46
P231979,Grocery,1.84
P245047,Beauty,24.18
P204137,Sports,96.42
P211423,Electronics,244.5
P234482,Grocery,37.81
P244156,Home,130.92
P236115,Electronics,600.66
P234754,Fashion,156.22
P236312,Home,228.73
P223363,Fashion,145.83
P217085,Home,197.52
P242414,Fashion,14.17
P236554,Fashion,17.65
P214415,Electronics,120.05
P247052,Grocery,6.12
P221398,Sports,53.12
P232691,Beauty,43.84
P206659,Beauty,13.97
P220644,Home,181.05
P203044,Toys,48.05
P203883,Grocery,2.6
P231712,Electronics,50.08
P219324,Electronics,763.43
P248119,Sports,36.76
P221545,Fashion,13.19
P218204,Grocery,5.61
P223268,Sports,30.24
P215762,Home,217.8
P228371,Home,142.52
P218847,Sports,28.0
P236139,Electronics,334.71
P241295,Grocery,4.07
P210116,Electronics,121.53
P230125,Grocery,12.92
P231404,Electronics,405.12
P228436,Sports,51.79
P202788,Electronics,518.46
P232149,Home,249.02
P204125,Beauty,63.79
P203606,Electronics,369.69
P241534,Home,42.72
P232988,Fashion,72.86
P221306,Home,25.03
P242973,Home,36.32
P210833,Toys,37.17
P221997,Electronics,835.59
P233521,Electronics,72.44
P229948,Home,59.26
P246643,Grocery,14.06
P207488,Toys,56.89
P239974,Beauty,23.72
P242448,Grocery,23.65
P207938,Toys,52.36
P238726,Fashion,40.99
P215770,Electronics,488.36
P206635,Fashion,58.39
P249934,Beauty,20.83
P231668,Beauty,26.91
P221487,Beauty,22.8
P212869,Fashion,54.92
P249371,Toys,15.84
P209219,Home,43.14
P240797,Home,165.75
P249040,Grocery,7.38
P216673,Fashion,11.72
P216763,Home,260.95
P244933,Sports,29.68
P211043,Grocery,11.24
P209570,Electronics,465.01
P206886,Sports,112.59
P201958,Grocery,3.31
P243087,Home,38.42
P202183,Sports,17.41
P229070,Fashion,21.38
P203774,Home,107.78
P220303,Beauty,89.62
P214272,Electronics,440.03
P222586,Fashion,48.06
P233545,Beauty,31.02
P202566,Home,85.39
P242863,Sports,72.41
P210953,Toys,45.17
P231696,Home,178.52
P232846,Grocery,40.5
P201581,Electronics,403.15
P214066,Fashion,30.01
P240735,Fashion,7.39
P207839,Fashion,29.36
P234930,Fashion,132.23
P222129,Home,16.01
P230845,Electronics,116.31
P213913,Electronics,587.6
P200964,Electronics,197.57
P210739,Electronics,116.84
P202673,Home,232.65
P238061,Fashion,45.19
P231171,Grocery,11.47
P223643,Electronics,163.05
P234486,Grocery,15.8
P210624,Electronics,693.25
P201228,Beauty,36.98
P243370,Fashion,51.6
P234608,Toys,10.49
P249649,Electronics,677.14
P216920,Grocery,11.99
P219689,Electronics,766.14
P207124,Fashion,19.42
P242124,Home,149.85
P231339,Sports,279.07
P207587,Grocery,7.17
P203527,Home,407.82
P233067,Sports,59.0
P245358,Sports,66.61
P203963,Beauty,43.23
P237455,Sports,39.71
P236939,Electronics,447.72
P220243,Home,56.66
P232693,Toys,19.72
P245835,Home,206.96
P203695,Toys,2.52
P209112,Toys,3.82
P232059,Toys,55.57
P207242,Electronics,599.87
P209941,Fashion,108.04
P220001,Electronics,237.83
P202700,Grocery,17.59
P218085,Fashion,317.83
P213339,Home,84.6
P215834,Fashion,97.23
P211084,Electronics,76.85
P229543,Fashion,43.59
P235930,Electronics,181.73
P241074,Home,107.49
P231902,Grocery,2.59
P229044,Sports,55.07
P213137,Sports,17.83
P234905,Home,89.46
P249182,Toys,13.47
P205948,Grocery,6.27
P247461,Grocery,40.01
P232567,Electronics,78.14
P231189,Toys,36.26
P248867,Fashion,26.55
P248978,Home,39.27
P231871,Fashion,20.65
P218189,Sports,238.3
P222797,Beauty,45.69
P203569,Electronics,55.16
P226012,Toys,5.13
P212977,Home,158.0
P232049,Electronics,174.11
P221694,Home,341.15
P244388,Home,213.31
P233224,Electronics,725.92
P216832,Electronics,119.64
P232835,Grocery,3.15
P201862,Toys,54.85
P218186,Electronics,218.3
P229545,Beauty,16.17
P245522,Home,161.92
P244391,Beauty,15.41
P240322,Home,283.99
P208319,Electronics,1088.7
P238663,Fashion,24.88
P245788,Electronics,125.81
P228401,Home,20.31
P232228,Grocery,4.18
P212202,Grocery,2.98
P238283,Grocery,1.39
P220122,Grocery,1.63
P233135,Electronics,281.42
P222585,Sports,130.98
P248408,Fashion,206.08
P248229,Toys,5.33
P214897,Toys,25.56
P221291,Home,116.31
P232826,Home,95.63
P208294,Fashion,67.91
P204507,Fashion,18.41
P228854,Grocery,7.39
P247520,Fashion,14.9
P215475,Fashion,37.02
P244905,Electronics,95.96
P214334,Grocery,6.04
P218830,Grocery,2.58
P247882,Beauty,3.9
P248803,Sports,53.15
P227278,Sports,104.51
P218749,Fashion,13.1
P230511,Grocery,67.22
P237469,Beauty,10.86
P240185,Electronics,57.46
P225072,Home,13.74
P242326,Beauty,29.91
P231146,Fashion,59.49
P211057,Sports,239.12
P226427,Grocery,2.25
P241982,Toys,11.29
P244090,Sports,226.4
P248654,Home,220.39
P214060,Home,300.59
P213607,Fashion,61.15
P235102,Grocery,5.04
P224074,Grocery,1.6
P248864,Electronics,273.62
P219773,Toys,26.55
P232970,Sports,40.76
P232998,Grocery,3.43
P228210,Home,20.3
P244088,Sports,191.46
P211683,Home,17.41
P202962,Electronics,355.53
P235095,Electronics,518.23
P230000,Electronics,542.8
P229137,Fashion,57.14
P235552,Fashion,57.01
P246253,Sports,73.19
P233571,Sports,63.01
P245321,Grocery,2.95
P247350,Fashion,42.69
P243861,Grocery,1.97
P239164,Beauty,18.47
P247578,Home,182.84
P216559,Sports,67.52
P242404,Sports,79.8
P248074,Electronics,650.1
P244963,Sports,112.28
P205691,Sports,23.42
P203532,Grocery,11.31
P248991,Grocery,6.97
P220733,Sports,32.79
P217927,Sports,112.66
P243114,Grocery,7.43
P213482,Grocery,20.2
P226681,Toys,19.37
P205456,Toys,4.17
P203413,Electronics,190.18
P207085,Toys,8.19
P227937,Fashion,12.99
P220563,Beauty,42.46
P209332,Home,72.63
P207386,Fashion,110.08
P226337,Toys,17.4
P229572,Beauty,41.32
P233424,Sports,66.27
P235271,Grocery,11.92
P249810,Home,315.95
P211030,Beauty,19.46
P213138,Beauty,12.98
P247369,Grocery,18.11
P215646,Fashion,12.05
P228812,Grocery,33.26
P223422,Fashion,126.52
P210645,Electronics,331.48
P214628,Fashion,13.24
P224486,Home,89.22
P222409,Sports,64.13
P239266,Home,56.65
P222732,Home,35.34
P246557,Beauty,10.5
P219425,Toys,17.95
P212195,Toys,24.76
P218722,Sports,392.72
P216494,Grocery,4.2
P221571,Beauty,8.59
P222900,Fashion,142.51
P200125,Fashion,28.65
P248814,Beauty,66.13
P219318,Grocery,30.0
P238685,Toys,2.88
P243162,Fashion,21.14
P207590,Home,57.44
P234850,Sports,41.94
P225230,Electronics,274.82
P215058,Home,196.92
P214301,Grocery,5.1
P237861,Grocery,5.67
P227039,Fashion,49.88
P200284,Electronics,114.21
P238334,Beauty,18.7
P243525,Toys,7.68
P240986,Fashion,15.85
P218658,Grocery,21.91
P228443,Fashion,65.38
P203972,Beauty,10.04
P226167,Sports,62.75
P213679,Fashion,13.24
P244341,Fashion,7.69
P229519,Home,125.87
P225704,Toys,10.89
P236881,Electronics,125.48
P231948,Beauty,5.98
P210328,Beauty,10.76
P224732,Grocery,32.33
P217673,Beauty,8.25
P210373,Beauty,9.85
P205720,Beauty,49.76
P205153,Sports,93.55
P206226,Electronics,87.28
P238019,Electronics,169.72
P236267,Sports,141.31
P219297,Beauty,4.98
P216587,Fashion,127.9
P218206,Electronics,261.4
P225935,Electronics,480.73
P229633,Fashion,64.97
P210736,Grocery,3.58
P241401,Toys,43.71
P206971,Electronics,136.09
P209507,Fashion,15.39
P225724,Grocery,10.68
P222166,Fashion,210.02
P213158,Grocery,5.95
P225774,Fashion,169.06
P211108,Sports,66.16
P212077,Home,246.98
P204175,Electronics,295.37
P235627,Fashion,16.3
P213616,Fashion,8.67
P232253,Beauty,31.13
P217751,Fashion,92.34
P245625,Home,244.89
P205210,Home,150.24
P232390,Home,48.05
P235677,Fashion,42.3
P243176,Home,140.74
P236173,Sports,226.78
P215993,Grocery,3.29
P226859,Toys,14.3
P220878,Electronics,181.68
P233588,Electronics,115.71
P227100,Electronics,129.68
P224086,Fashion,77.23
P240023,Fashion,37.0
P247709,Fashion,40.49
P232571,Fashion,116.99
P211017,Fashion,18.49
P237221,Electronics,179.8
P219513,Fashion,23.15
P244974,Sports,115.86
P246478,Fashion,45.64
P214860,Electronics,257.28
P208086,Electronics,408.34
P248544,Home,97.1
P218050,Toys,35.29
P240157,Electronics,221.61
P219784,Beauty,57.21
P211774,Sports,22.53
P234968,Beauty,5.42
P212142,Toys,22.97
P223007,Toys,11.71
P225158,Electronics,247.69
P206051,Home,166.79
P231576,Sports,33.75
P204115,Grocery,1.59
P219024,Toys,13.36
P206371,Electronics,781.63
P228690,Fashion,34.46
P239355,Toys,18.69
P232420,Home,40.77
P243375,Beauty,18.28
P248002,Beauty,19.05
P246698,Electronics,137.12
P209080,Toys,5.52
P201883,Toys,10.48
P204821,Home,15.22
P236590,Beauty,7.46
P208338,Sports,139.25
P222007,Fashion,56.49
P202477,Electronics,171.91
P213135,Electronics,310.36
P242423,Grocery,24.28
P210437,Fashion,94.84
P248100,Electronics,395.28
P209502,Home,27.44
P229236,Electronics,107.79
P200368,Electronics,162.08
P225839,Home,156.26
P246366,Home,49.29
P235515,Beauty,18.3
P207562,Sports,181.69
P207139,Sports,228.65
P227141,Home,250.1
P242778,Sports,22.17
P206704,Fashion,123.8
P201887,Home,161.74
P211975,Home,136.98
P249211,Fashion,18.98
P200544,Fashion,134.52
P219448,Electronics,55.69
P222830,Home,21.29
P246323,Beauty,7.09
P223926,Fashion,63.24
P231002,Grocery,13.84
P247581,Beauty,73.92
P213333,Grocery,6.65
P216942,Beauty,13.46
P214684,Fashion,59.44
P226088,Grocery,3.52
P208861,Home,12.05
P224833,Fashion,49.08
P217454,Fashion,80.34
P201050,Toys,6.48
P220422,Electronics,169.27
P221530,Beauty,6.46
P247060,Sports,104.03
P215756,Fashion,45.82
P204022,Sports,182.18
P241104,Sports,355.94
P202634,Fashion,207.23
P227145,Home,24.93
P207288,Toys,17.84
P208992,Beauty,41.2
P234253,Beauty,29.36
P227005,Home,309.26
P249824,Electronics,239.44
P212166,Grocery,8.33
P228065,Beauty,3.65
P217798,Fashion,5.78
P229301,Sports,126.01
P203894,Beauty,18.62
P203846,Fashion,58.07
P214481,Toys,7.35
P242154,Electronics,696.25
P230221,Beauty,60.13
P247764,Home,152.94
P227386,Toys,6.79
P233336,Sports,106.58
P223853,Home,123.63
P234713,Grocery,25.07
P216791,Fashion,45.97
P204228,Beauty,30.51
P211945,Grocery,12.04
P241573,Electronics,328.37
P224681,Grocery,7.64
P234986,Grocery,31.85
P214975,Toys,41.16
P248377,Home,180.13
P207711,Home,189.11
P244759,Fashion,31.21
P212105,Home,245.28
P249645,Home,365.14
P230146,Electronics,565.28
P215238,Home,28.79
P244294,Sports,71.43
P210060,Home,133.54
P205433,Toys,94.99
P222612,Home,68.63
P217822,Home,66.42
P234120,Beauty,10.48
P241004,Fashion,11.68
P221294,Home,34.24
P218764,Sports,81.01
P204560,Home,326.75
P216583,Grocery,22.86
P215560,Beauty,7.94
P204424,Electronics,318.07
P240615,Home,257.12
P226863,Toys,17.25
P246963,Sports,248.36
P229469,Grocery,32.4
P237565,Sports,52.1
P223184,Electronics,723.05
P223910,Electronics,335.92
P247077,Sports,74.27
P222404,Fashion,78.18
P235175,Beauty,41.19
P203791,Toys,24.13
P232208,Beauty,43.8
P239276,Home,408.24
P247175,Sports,212.99
P209629,Electronics,75.08
P232894,Sports,196.57
P242580,Home,354.15
P207694,Fashion,71.15
P236087,Toys,43.35
P208673,Home,11.35
P238199,Electronics,1287.57
P232187,Grocery,3.79
P204378,Toys,41.27
P223553,Beauty,68.02
P243780,Home,10.29
P222524,Toys,36.76
P243331,Beauty,65.63
P216622,Sports,29.14
P201420,Fashion,78.88
P247440,Fashion,37.86
P200340,Fashion,19.65
P244310,Fashion,74.39
P240288,Sports,73.04
P243953,Electronics,797.97
P204987,Toys,26.39
P226062,Beauty,6.67
P245517,Home,48.01
P232456,Fashion,20.11
P238180,Home,65.52
P225308,Fashion,58.98
P219862,Home,305.92
P207670,Sports,98.57
P224246,Beauty,37.14
P213766,Sports,47.45
P229681,Sports,82.68
P208323,Toys,15.79
P201857,Fashion,64.37
P247223,Grocery,10.61
P225818,Sports,37.49
P225247,Sports,38.91
P233272,Beauty,99.95
P240235,Grocery,6.82
P218540,Fashion,85.78
P225837,Home,19.75
P208484,Electronics,80.53
P230682,Fashion,61.98
P231707,Sports,70.08
P244610,Electronics,740.42
P204923,Grocery,27.1
P242019,Beauty,37.52
P215920,Home,232.4
P243263,Fashion,105.5
P221938,Electronics,547.42
P213319,Grocery,10.85
P242161,Sports,40.24
P206900,Fashion,81.12
P202160,Electronics,174.25
P216236,Fashion,18.81
P206221,Fashion,14.26
P225294,Toys,21.4
P210038,Sports,37.31
P219651,Home,71.85
P223360,Grocery,17.26
P208255,Fashion,82.64
P202699,Home,59.77
P243893,Sports,191.94
P221928,Electronics,69.4
P248169,Home,570.85
P200372,Beauty,16.21
P247312,Home,61.73
P218898,Home,348.75
P223855,Beauty,6.48
P234758,Home,68.31
P209607,Electronics,194.49
P239558,Electronics,229.49
P208553,Beauty,49.21
P205383,Electronics,665.23
P248343,Grocery,12.79
P200715,Toys,96.37
P209837,Fashion,96.4
P213950,Toys,24.47
P207992,Beauty,8.45
P226817,Electronics,309.32
P249803,Beauty,8.9
P233818,Sports,45.31
P213357,Electronics,426.33
P204742,Fashion,15.02
P213369,Electronics,80.95
P205044,Fashion,42.28
P210288,Fashion,5.05
P225378,Beauty,26.0
P207261,Fashion,118.87
P243614,Electronics,118.58
P218064,Fashion,28.72
P209799,Toys,50.8
P203522,Home,170.23
P213690,Home,29.14
P202057,Home,73.37
P237589,Home,153.91
P235331,Electronics,104.99
P214559,Fashion,8.17
P213692,Fashion,61.28
P248429,Home,133.65
P200202,Electronics,69.88
P233709,Fashion,186.0
P216972,Beauty,10.13
P241530,Fashion,28.98
P209537,Sports,29.23
P201365,Grocery,44.26
P200008,Toys,8.55
P249683,Grocery,17.14
P228820,Fashion,41.9
P233803,Sports,20.92
P245531,Fashion,134.79
P218001,Sports,102.88
P206722,Home,57.2
P220100,Fashion,38.09
P217460,Grocery,10.13
P223987,Fashion,41.64
P204015,Sports,77.63
P239897,Sports,91.13
P204840,Home,30.81
P220533,Electronics,405.02
P220454,Grocery,21.71
P248105,Grocery,25.21
P205699,Sports,12.18
P205922,Toys,12.2
P224919,Electronics,1296.97
P226508,Home,18.51
P221664,Fashion,80.7
P232270,Beauty,6.3
P225278,Fashion,90.59
P214862,Beauty,30.33
P213598,Sports,136.96
P201898,Electronics,1280.55
P222939,Electronics,961.57
P231288,Electronics,167.96
P224774,Toys,11.25
P202822,Fashion,30.71
P237252,Fashion,14.79
P225049,Toys,11.44
P221884,Electronics,1305.94
P213052,Home,98.54
P218038,Sports,309.83
P216975,Beauty,4.82
P234616,Beauty,3.98
P213269,Electronics,328.34
P203041,Fashion,70.53
P204379,Electronics,277.46
P207661,Toys,42.57
P206967,Fashion,75.52
P244967,Fashion,25.02
P215674,Toys,9.18
P220394,Sports,135.0
P221370,Beauty,11.05
P200832,Home,598.62
P246978,Fashion,13.43
P217405,Home,151.69
P210185,Fashion,24.84
P203492,Electronics,1606.01
P244630,Electronics,87.43
P200288,Electronics,245.04
P201076,Grocery,1.42
P248332,Beauty,84.17
P234139,Grocery,12.06
P201074,Fashion,64.32
P237702,Home,137.49
P227535,Sports,25.8
P232807,Beauty,7.58
P204274,Beauty,27.12
P228198,Beauty,40.07
P249334,Beauty,26.14
P229859,Toys,18.62
P238264,Sports,144.74
P245760,Grocery,4.68
P235276,Grocery,18.32
P212018,Home,79.74
P208072,Electronics,414.33
P213348,Electronics,154.39
P246678,Electronics,98.06
P213952,Electronics,59.62
P248833,Home,224.22
P200318,Electronics,121.29
P211818,Beauty,14.07
P226011,Fashion,77.01
P218787,Home,88.76
P246750,Electronics,129.73
P243624,Toys,6.26
P212516,Toys,12.31
P233496,Home,119.65
P234055,Grocery,7.56
P236769,Fashion,120.51
P208752,Toys,2.08
P201375,Beauty,15.6
P214970,Fashion,71.77
P244846,Electronics,770.01
P232792,Electronics,194.23
P217538,Toys,24.02
P212657,Beauty,24.27
P217843,Fashion,16.07
P215583,Home,160.41
P221491,Electronics,143.31
P237474,Electronics,547.92
P246431,Grocery,27.45
P248612,Home,95.7
P242180,Home,17.33
P205979,Home,92.9
P207943,Fashion,9.88
P208911,Fashion,24.77
P240254,Beauty,11.41
P233873,Beauty,34.75
P203769,Electronics,229.32
P202479,Sports,96.97
P210112,Toys,15.68
P244039,Beauty,34.56
P204731,Toys,26.9
P211361,Fashion,34.29
P248855,Fashion,12.13
P235940,Sports,61.53
P224569,Electronics,1024.55
P207068,Toys,14.0
P206557,Electronics,59.11
P236098,Fashion,28.08
P238790,Electronics,782.77
P234826,Home,138.09
P222074,Fashion,14.99
P222155,Sports,181.48
P236389,Sports,228.76
P242105,Beauty,26.39
P236759,Fashion,53.06
P230784,Beauty,14.66
P232401,Grocery,17.17
P211565,Electronics,261.57
P224700,Fashion,72.28
P241271,Fashion,175.03
P249926,Beauty,45.34
P215337,Sports,81.63
P211112,Fashion,194.68
P213761,Fashion,50.93
P242791,Grocery,1.88
P208885,Sports,138.89
P201376,Grocery,23.58
P205939,Toys,4.85
P241949,Home,159.73
P202846,Electronics,874.61
P206817,Beauty,10.09
P207430,Fashion,48.24
P226328,Home,52.27
P227619,Grocery,12.44
P234484,Electronics,231.59
P227664,Fashion,6.45
P206780,Beauty,73.97
P203331,Grocery,10.07
P228604,Grocery,22.46
P241849,Beauty,15.19
P217762,Electronics,664.63
P223765,Home,32.96
P237043,Grocery,4.47
P221922,Home,63.4
P223694,Sports,19.12
P210556,Fashion,33.85
P213555,Electronics,266.25
P210004,Toys,12.96
P238190,Grocery,3.89
P211188,Beauty,20.44
P200247,Beauty,77.38
P220762,Toys,10.21
P245995,Grocery,6.45
P213811,Beauty,10.65
P203741,Grocery,21.19
P229052,Toys,8.54
P249214,Electronics,160.4
P234319,Electronics,65.61
P206306,Fashion,170.34
P203005,Fashion,111.9
P203322,Home,55.56
P216008,Beauty,21.02
P240765,Home,96.8
P224870,Electronics,79.83
P245284,Home,25.84
P233161,Toys,13.2
P202739,Electronics,79.87
P236935,Toys,19.48
P204231,Sports,107.35
P228268,Sports,130.79
P201401,Grocery,12.14
P233673,Electronics,70.38
P200529,Toys,2.22
P240779,Fashion,25.61
P223462,Fashion,77.53
P247769,Home,147.21
P237386,Electronics,93.5
P216956,Fashion,62.26
P217027,Home,122.64
P247676,Fashion,13.97
P220455,Home,195.35
P239781,Home,243.54
P242252,Toys,7.21
P244555,Grocery,14.3
P245602,Electronics,204.38
P210677,Grocery,27.02
P216938,Sports,179.03
P246819,Grocery,6.04
P243534,Fashion,42.28
P243184,Toys,16.12
P215009,Sports,29.21
P230246,Fashion,12.74
P228185,Sports,192.86
P229295,Home,275.98
P225519,Fashion,68.51
P220952,Electronics,74.55
P209185,Sports,398.45
P219843,Beauty,39.61
P217505,Home,67.41
P228022,Fashion,30.59
P216439,Home,278.26
P214660,Toys,8.47
P208849,Toys,5.01
P229628,Sports,180.17
P224835,Grocery,3.83
P204736,Grocery,32.32
P247443,Home,116.72
P249555,Home,12.19
P214867,Toys,26.59
P200794,Electronics,346.57
P217945,Grocery,10.77
P215369,Beauty,9.0
P243601,Sports,183.92
P223807,Electronics,143.78
P210856,Electronics,268.69
P206795,Beauty,7.22
P229385,Toys,73.56
P231063,Toys,6.25
P238260,Sports,169.86
P248562,Fashion,20.01
P210149,Fashion,19.54
P226669,Grocery,8.21
P237767,Sports,124.39
P203562,Home,16.37
P233623,Home,420.35
P242255,Grocery,2.06
P204206,Toys,6.57
P233806,Home,251.99
P237364,Electronics,694.52
P220897,Grocery,11.55
P214151,Electronics,217.58
P204370,Home,217.62
P224045,Fashion,106.86
P221700,Home,186.49
P236215,Fashion,121.73
P222234,Grocery,13.97
P248671,Grocery,15.62
P215326,Home,121.69
P246824,Electronics,267.67
P237997,Sports,114.61
P202241,Home,118.44
P230639,Grocery,18.3
P240586,Electronics,934.54
P239766,Electronics,201.74
P221278,Sports,62.08
P242923,Sports,11.49
P206444,Home,108.58
P203015,Fashion,11.93
P214903,Fashion,66.89
P239583,Fashion,79.35
P228143,Fashion,68.07
P204864,Toys,17.56
P209676,Electronics,298.31
P204234,Home,146.94
P221340,Sports,89.55
P246915,Electronics,500.92
P218723,Toys,46.24
P208526,Sports,85.53
P206842,Electronics,88.0
P234626,Grocery,2.85
P201207,Home,72.08
P217308,Sports,77.43
P205429,Grocery,4.36
P207591,Grocery,8.94
P245712,Home,29.21
P238660,Fashion,18.55
P211777,Fashion,70.1
P238713,Toys,85.36
P240459,Grocery,3.71
P212548,Electronics,184.6
P246441,Electronics,190.35
P236795,Toys,6.97
P245224,Home,40.05
P237063,Fashion,11.94
P232055,Fashion,122.05
P223863,Grocery,5.52
P204661,Grocery,4.93
P247498,Fashion,48.8
P244802,Grocery,16.73
P218782,Fashion,19.34
P249179,Toys,10.39
P244910,Fashion,21.88
P212919,Fashion,29.02
P240068,Fashion,42.5
P202427,Grocery,15.03
P234393,Fashion,31.51
P210767,Grocery,54.94
P218420,Electronics,369.5
P236123,Electronics,757.43
P246821,Toys,50.71
P204902,Beauty,45.2
P226850,Home,51.43
P248554,Electronics,233.42
P243034,Beauty,3.01
P221620,Home,89.05
P208280,Home,55.79
P244764,Beauty,47.68
P246814,Grocery,15.74
P246973,Sports,700.01
P237729,Fashion,38.92
P232800,Fashion,24.74
P237466,Home,50.33
P208887,Fashion,33.1
P231607,Home,58.83
P232141,Toys,94.12
P241484,Toys,5.97
P213335,Beauty,3.47
P206177,Beauty,6.41
P241206,Home,302.47
P203926,Beauty,32.01
P248146,Toys,32.14
P243056,Sports,47.99
P210154,Electronics,366.79
P202959,Sports,131.01
P218611,Sports,48.86
P234161,Electronics,469.01
P218407,Electronics,372.83
P213025,Toys,8.91
P206064,Beauty,4.33
P206639,Toys,7.34
P202478,Fashion,52.51
P207929,Electronics,347.01
P232326,Electronics,280.28
P229974,Toys,5.06
P244183,Sports,116.77
P208418,Grocery,27.78
P217650,Electronics,252.49
P234825,Electronics,127.85
P246471,Electronics,621.87
P214383,Beauty,12.2
P246703,Fashion,49.32
P243211,Sports,17.71
P231708,Electronics,461.33
P235709,Electronics,250.67
P232924,Home,82.48
P223382,Home,369.56
P226649,Toys,15.3
P231140,Toys,2.33
P245023,Electronics,1094.68
P232563,Toys,2.24
P217144,Home,142.2
P208965,Electronics,780.89
P222791,Sports,121.8
P223115,Electronics,591.68
P217341,Fashion,77.24
P247573,Electronics,128.07
P216637,Beauty,32.54
P224269,Sports,109.8
P217953,Grocery,4.68
P227794,Sports,23.51
P223877,Grocery,19.34
P240273,Toys,71.71
P212405,Fashion,70.94
P227812,Beauty,36.91
P245605,Home,34.01
P241767,Beauty,9.95
P209973,Beauty,24.59
P223925,Sports,13.14
P244623,Electronics,408.28
P223091,Sports,25.38
P219584,Electronics,223.36
P239325,Electronics,175.43
P209071,Home,24.82
P205088,Beauty,24.18
P249152,Electronics,195.68
P216550,Home,15.92
P202063,Beauty,17.4
P227280,Electronics,339.97
P208303,Sports,23.74
P211631,Fashion,48.24
P201125,Toys,9.07
P235409,Fashion,19.78
P222485,Home,218.97
P243003,Grocery,9.3
P212794,Toys,11.34
P218018,Toys,34.98
P208862,Electronics,833.83
P235879,Electronics,173.0
P201690,Beauty,4.27
P248643,Fashion,48.57
P223024,Home,163.38
P220341,Beauty,28.49
P209156,Toys,63.43
P249432,Fashion,103.79
P237214,Grocery,2.86
P231053,Beauty,17.76
P210158,Toys,13.93
P202808,Beauty,17.93
P205402,Toys,54.5
P201964,Electronics,178.8
P232337,Home,16.83
P234829,Electronics,735.19
P221559,Sports,152.39
P203865,Electronics,125.74
P204294,Fashion,24.36
P246939,Electronics,170.87
P212965,Electronics,131.29
P212228,Sports,110.06
P248419,Fashion,204.84
P231377,Electronics,109.23
P249229,Fashion,17.99
P234927,Home,55.16
P212822,Home,375.21
P230070,Home,139.43
P203187,Home,41.48
P207135,Home,224.56
P213508,Toys,52.39
P233557,Electronics,217.89
P234090,Toys,5.73
P246155,Fashion,23.24
P239441,Sports,34.07
P239884,Home,39.62
P226067,Fashion,14.21
P218043,Beauty,54.15
P230572,Toys,3.77
P203062,Home,11.95
P218454,Grocery,17.16
P210868,Toys,6.46
P202553,Home,888.01
P228511,Fashion,12.21
P217428,Sports,162.01
P242747,Home,501.07
P205957,Home,415.45
P244495,Electronics,570.21
P204578,Grocery,48.55
P238389,Toys,38.14
P234734,Toys,3.18
P210548,Fashion,96.86
P221353,Fashion,37.51
P246632,Beauty,17.95
P218634,Toys,2.05
P211679,Grocery,13.75
P247743,Fashion,59.75
P224717,Beauty,41.32
P246935,Sports,48.79
P225579,Fashion,11.74
P226730,Home,86.31
P234782,Fashion,27.12
P204624,Sports,147.56
P223103,Toys,7.13
P225544,Toys,4.92
P228534,Sports,67.05
P238636,Fashion,53.62
P247394,Sports,42.44
P233572,Toys,4.39
P228560,Beauty,17.17
P233435,Home,440.15
P233152,Grocery,46.04
P244084,Toys,26.26
P219638,Grocery,20.77
P236208,Grocery,4.0
P216396,Home,71.81
P240494,Toys,20.26
P243967,Beauty,37.01
P226783,Electronics,109.24
P205403,Beauty,17.99
P223838,Home,33.39
P238919,Fashion,54.33
P212359,Grocery,20.48
P247995,Electronics,632.27
P222614,Grocery,18.36
P210057,Electronics,106.33
P200100,Home,242.08
P228655,Home,63.6
P204978,Sports,187.64
P242272,Fashion,19.2
P210988,Grocery,9.5
P214531,Sports,94.5
P239302,Toys,2.69
P249601,Electronics,810.57
P211693,Grocery,3.81
P235935,Fashion,13.62
P238148,Electronics,427.04
P213823,Home,21.23
P224696,Grocery,8.63
P211629,Home,112.32
P203856,Home,44.95
P201075,Grocery,9.88
P248523,Electronics,185.2
P220797,Electronics,99.11
P243682,Electronics,126.76
P233469,Electronics,256.91
P236116,Fashion,12.02
P208185,Fashion,140.24
P227841,Beauty,39.6
P206836,Fashion,24.37
P246072,Home,49.35
P224596,Grocery,28.31
P243406,Electronics,230.94
P222218,Home,271.45
P235017,Fashion,71.7
P210705,Beauty,5.37
P219606,Sports,175.19
P221375,Toys,17.27
P242142,Home,159.04
P226933,Toys,6.86
P208118,Toys,2.01
P235319,Electronics,181.95
P245318,Sports,66.18
P202214,Grocery,2.25
P208534,Home,306.81
P249869,Fashion,11.21
P235228,Toys,30.41
P244696,Fashion,142.78
P203255,Sports,25.78
P205334,Electronics,476.81
P212281,Home,175.03
P239598,Sports,13.75
P240522,Electronics,73.83
P239708,Toys,4.52
P230697,Electronics,322.8
P210722,Beauty,4.39
P236400,Fashion,48.65
P216029,Sports,51.23
P200014,Toys,23.77
P244349,Electronics,545.12
P246925,Fashion,82.06
P211506,Grocery,1.51
P208208,Home,397.25
P227157,Home,126.32
P241040,Grocery,13.57
P223183,Grocery,9.71
P222963,Electronics,475.21
P235847,Beauty,9.07
P208127,Toys,4.14
P241978,Home,22.49
P225355,Electronics,597.38
P218208,Toys,48.18
P222713,Home,561.01
P232267,Beauty,21.29
P203864,Fashion,13.22
P210661,Toys,20.41
P232559,Toys,10.59
P210322,Beauty,13.42
P206710,Grocery,18.13
P231362,Electronics,80.88
P232380,Toys,2.75
P241284,Beauty,32.11
P214386,Fashion,19.85
P213338,Electronics,208.26
P224463,Toys,20.76
P210203,Toys,5.3
P204888,Sports,135.38
P228192,Electronics,891.52
P211325,Grocery,24.81
P219088,Fashion,121.8
P209386,Beauty,70.76
P248413,Toys,11.16
P239028,Electronics,566.22
P211267,Sports,77.15
P231809,Electronics,152.18
P215419,Electronics,496.52
P225480,Sports,37.52
P245854,Electronics,87.73
P202904,Home,170.57
P244260,Fashion,21.67
P233891,Home,58.08
P213430,Electronics,742.14
P214999,Sports,24.32
P223319,Electronics,520.44
P220700,Toys,11.6
P227633,Sports,229.78
P219108,Home,86.42
P240889,Toys,12.34
P224055,Fashion,32.63
P203646,Electronics,53.43
P213173,Home,170.67
P207025,Grocery,4.02
P212549,Electronics,744.89
P214853,Toys,11.27
P241757,Sports,50.7
P229952,Electronics,455.26
P211326,Grocery,17.88
P203463,Grocery,14.22
P227163,Grocery,6.27
P232600,Home,134.1
P247156,Fashion,7.74
P214075,Home,418.84
P228709,Beauty,17.77
P243315,Home,57.81
P237709,Sports,203.88
P216010,Toys,9.71
P200897,Fashion,293.54
P241012,Home,164.46
P200605,Grocery,14.81
P236445,Fashion,13.1
P237315,Fashion,51.28
P208652,Electronics,104.78
P232229,Home,29.61
P230530,Electronics,194.45
P238024,Electronics,260.49
P249101,Beauty,43.08
P220414,Fashion,54.25
P214730,Toys,7.5
P237924,Beauty,9.64
P238541,Electronics,205.69
P227898,Toys,2.37
P243654,Fashion,92.33
P215930,Fashion,27.71
P203518,Grocery,1.92
P230982,Electronics,718.66
P206775,Toys,69.59
P223990,Toys,22.46
P205378,Fashion,26.68
P246402,Electronics,223.56
P214176,Grocery,6.8
P225060,Home,14.35
P209379,Electronics,65.36
P236495,Beauty,26.37
P246993,Fashion,21.87
P227568,Fashion,14.08
P230802,Toys,8.42
P223196,Electronics,74.75
P215468,Home,38.33
P228849,Electronics,539.01
P237113,Beauty,49.81
P208174,Fashion,106.13
P245820,Electronics,298.74
P219098,Home,406.97
P207046,Beauty,7.03
P204186,Fashion,60.77
P216722,Toys,25.96
P242621,Home,17.2
P205968,Sports,42.64
P248266,Toys,29.99
P240452,Beauty,4.38
P228270,Fashion,43.26
P248311,Toys,22.57
P241129,Toys,73.1
P239273,Grocery,17.59
P206387,Electronics,380.82
P224394,Beauty,61.6
P211291,Home,152.41
P245574,Sports,274.52
P230093,Grocery,9.94
P202610,Beauty,34.06
P235241,Sports,108.24
P228337,Fashion,44.54
P235456,Fashion,24.26
P204804,Fashion,120.1
P234058,Electronics,152.3
P210227,Fashion,13.54
P231334,Electronics,454.61
P206511,Home,114.13
P240965,Home,50.16
P241482,Toys,42.17
P239440,Home,54.39
P219727,Home,18.68
P249217,Fashion,5.76
P231139,Toys,52.39
P219794,Electronics,217.2
P202981,Grocery,4.16
P212785,Home,120.24
P214666,Fashion,37.9
P205096,Electronics,762.98
P206673,Fashion,63.82
P201742,Beauty,15.0
P238488,Electronics,197.3
P236277,Sports,54.98
P203534,Beauty,21.92
P214685,Fashion,74.16
P205136,Electronics,103.96
P205585,Electronics,230.09
P227358,Sports,203.56
P208554,Beauty,3.08
P244241,Home,138.61
P216908,Fashion,28.81
P215117,Home,185.2
P201722,Grocery,13.27
P208611,Grocery,3.91
P201067,Fashion,93.22
P225976,Fashion,69.36
P239206,Fashion,47.05
P207271,Grocery,17.51
P244093,Fashion,190.23
P211828,Sports,11.07
P246900,Grocery,15.36
P231131,Toys,32.98
P220386,Beauty,27.96
P249781,Electronics,153.66
P246210,Electronics,612.33
P201834,Home,331.96
P247894,Grocery,16.15
P202353,Grocery,10.42
P213878,Electronics,198.27
P211132,Fashion,24.69
P208203,Beauty,34.47
P211295,Electronics,105.45
P235925,Home,30.03
P222247,Grocery,1.97
P242394,Grocery,16.15
P217340,Beauty,12.25
P220242,Beauty,3.5
P222522,Fashion,25.26
P244594,Sports,185.47
P212095,Electronics,142.49
P240652,Electronics,238.25
P223425,Home,114.81
P234723,Toys,19.81
P210204,Grocery,8.99
P204991,Sports,15.86
P231626,Sports,92.46
P236833,Fashion,29.91
P216067,Beauty,8.46
P213763,Sports,233.05
P244863,Home,185.39
P217408,Electronics,158.61
P225176,Sports,86.14
P235097,Fashion,167.25
P248641,Electronics,141.54
P235794,Home,397.72
P224231,Electronics,423.75
P201011,Beauty,22.07
P223427,Sports,411.87
P238392,Fashion,24.96
P215229,Grocery,5.29
P213244,Toys,10.16
P216602,Electronics,501.66
P244548,Sports,50.41
P224462,Fashion,10.33
P225302,Sports,111.65
P223536,Toys,6.96
P222210,Electronics,51.36
P249130,Toys,35.63
P246873,Fashion,143.53
P217195,Electronics,402.49
P214837,Electronics,170.83
P247161,Electronics,236.41
P237289,Fashion,109.57
P209775,Fashion,58.86
P214099,Electronics,78.66
P236805,Sports,54.96
P241842,Grocery,11.17
P246754,Grocery,22.02
P216815,Fashion,129.49
P212226,Toys,4.8
P230072,Grocery,24.69
P209139,Grocery,1.9
P230060,Grocery,4.62
P209859,Fashion,8.24
P243942,Electronics,60.71
P202539,Home,30.78
P243073,Electronics,729.82
P213199,Grocery,5.4
P233158,Fashion,37.12
P200082,Grocery,9.79
P241736,Toys,107.26
P215120,Electronics,150.11
P209946,Fashion,167.42
P210891,Sports,98.28
P219640,Toys,8.72
P226111,Grocery,5.46
P238775,Electronics,79.35
P233290,Electronics,314.51
P230604,Electronics,468.02
P234462,Fashion,36.65
P218636,Toys,44.44
P204837,Fashion,37.53
P211801,Beauty,13.42
P223710,Home,48.02
P241237,Fashion,18.71
P231621,Beauty,12.32
P249299,Home,645.32
P213065,Sports,83.12
P245474,Fashion,20.79
P228230,Sports,25.24
P236388,Grocery,14.67
P210631,Sports,87.48
P229828,Home,19.25
P209131,Sports,220.8
P214307,Toys,15.94
P248754,Sports,158.6
P246683,Home,25.65
P220721,Toys,14.63
P205094,Grocery,20.65
P209415,Beauty,14.33
P248846,Fashion,99.93
P248244,Home,167.51
P213530,Fashion,77.49
P207472,Electronics,1179.79
P236131,Electronics,655.39
P219407,Fashion,25.94
P218201,Home,146.66
P227948,Home,277.23
P246908,Electronics,292.03
P249835,Beauty,31.13
P227961,Fashion,88.21
P247083,Electronics,510.39
P247182,Beauty,56.83
P202017,Electronics,452.48
P204223,Fashion,107.99
P234952,Home,33.3
P223075,Electronics,596.04
P206531,Home,412.49
P204666,Fashion,88.1
P223781,Toys,20.78
P244023,Toys,53.34
P235236,Grocery,2.31
P240059,Beauty,3.42
P236688,Grocery,16.13
P204236,Home,25.96
P201939,Beauty,13.18
P236624,Home,191.9
P232818,Beauty,37.0
P215926,Electronics,110.55
P230100,Grocery,22.68
P201360,Electronics,1156.66
P239573,Toys,21.16
P211994,Fashion,36.15
P224941,Sports,86.16
P227531,Electronics,83.86
P235813,Home,66.64
P211093,Electronics,280.05
P233025,Beauty,10.88
P211651,Home,68.73
P232812,Grocery,47.71
P217718,Electronics,167.15
P249823,Fashion,48.12
P248122,Grocery,5.31
P213589,Sports,120.96
P239768,Beauty,11.71
P220022,Beauty,27.91
P247248,Home,259.67
P238853,Beauty,29.33
P200234,Toys,3.01
P206834,Electronics,565.38
P215055,Grocery,4.15
P203207,Fashion,54.52
P202400,Home,147.0
P209609,Electronics,579.2
P221473,Beauty,20.27
P245330,Home,72.09
P223935,Fashion,40.89
P223874,Grocery,11.39
P240508,Home,236.91
P225015,Home,40.22
P214184,Home,257.04
P246806,Electronics,197.95
P200650,Fashion,25.11
P232389,Home,172.48
P249185,Toys,33.57
P219416,Beauty,26.68
P213119,Electronics,449.81
P207644,Fashion,62.33
P208653,Home,181.14
P214416,Electronics,665.86
P224897,Beauty,9.1
P201874,Fashion,16.89
P210429,Grocery,47.47
P212213,Beauty,49.7
P248987,Fashion,49.04
P217640,Electronics,52.67
P236008,Electronics,677.04
P215802,Electronics,502.63
P216122,Sports,317.99
P243671,Electronics,59.41
P224101,Home,105.94
P201409,Fashion,100.3
P243388,Sports,476.72
P234600,Fashion,23.96
P205736,Sports,31.39
P204993,Grocery,28.59
P243871,Fashion,35.89
P247165,Beauty,50.03
P231247,Sports,67.7
P228821,Sports,15.4
P203213,Electronics,362.4
P243123,Grocery,8.53
P229495,Grocery,9.9
P206208,Electronics,1016.99
P209644,Beauty,17.96
P206453,Fashion,83.28
P246509,Sports,74.12
P211263,Fashion,48.44
P200305,Electronics,89.06
P234152,Fashion,22.69
P232021,Electronics,487.29
P217958,Electronics,116.05
P200872,Beauty,6.37
P241128,Sports,44.97
P221962,Home,267.9
P242563,Beauty,38.27
P217414,Electronics,537.4
P248259,Sports,20.24
P239673,Home,14.28
P237210,Fashion,48.38
P215290,Fashion,64.57
P203667,Beauty,14.63
P217660,Toys,16.8
P206553,Home,53.07
P216926,Electronics,197.24
P204808,Toys,27.74
P228612,Electronics,461.65
P240499,Home,13.75
P233351,Grocery,5.13
P249662,Sports,244.18
P209138,Beauty,20.57
P240463,Sports,78.0
P236241,Beauty,17.67
P201198,Electronics,880.88
P227447,Sports,32.94
P236763,Home,134.54
P212113,Beauty,12.37
P228749,Electronics,852.07
P237303,Electronics,110.3
P238639,Beauty,30.63
P219687,Home,82.12
P202447,Fashion,58.22
P209408,Fashion,13.43
P239612,Beauty,15.26
P217674,Electronics,86.88
P212413,Home,466.44
P247937,Beauty,8.9
P207549,Fashion,250.57
P223071,Toys,12.66
P208693,Electronics,74.13
P243831,Toys,2.35
P216770,Sports,99.85
P241371,Home,135.58
P202006,Grocery,10.8
P205213,Sports,16.76
P236636,Grocery,6.3
P247128,Home,170.65
P206637,Beauty,16.3
P249504,Electronics,326.54
P204964,Grocery,5.44
P234070,Sports,137.3
P207749,Beauty,4.17
P200846,Grocery,59.8
P213390,Grocery,14.51
P213735,Electronics,102.38
P223905,Sports,134.3
P214876,Beauty,40.84
P213967,Home,214.61
P218262,Grocery,5.16
P236873,Toys,64.65
P220014,Sports,11.76
P224054,Home,72.91
P229955,Sports,20.82
P223051,Beauty,14.9
P228385,Fashion,7.9
P235587,Home,146.35
P227483,Fashion,8.17
P227653,Home,135.97
P240845,Sports,36.22
P244790,Electronics,114.16
P242018,Toys,10.38
P230894,Electronics,382.91
P229842,Home,123.66
P231756,Toys,51.42
P222407,Toys,6.47
P244561,Home,80.22
P217058,Electronics,150.43
P210070,Sports,96.8
P239025,Home,53.88
P233779,Fashion,45.14
P216616,Fashion,90.18
P234941,Fashion,94.53
P236152,Home,134.44
P200797,Home,278.93
P239889,Beauty,68.3
P213594,Home,103.34
P247754,Grocery,21.59
P207690,Home,93.3
P212669,Home,170.82
P218973,Electronics,62.42
P221085,Beauty,86.51
P228787,Beauty,58.06
P225084,Beauty,57.82
P224051,Grocery,5.35
P211554,Toys,8.55
P237639,Toys,12.13
P213354,Electronics,739.6
P205289,Fashion,101.19
P224744,Fashion,21.8
P224243,Home,94.88
P248599,Toys,22.68
P239054,Home,41.69
P224227,Fashion,9.37
P227748,Fashion,6.36
P216958,Fashion,28.62
P246684,Fashion,149.07
P209934,Fashion,61.77
P245530,Electronics,499.42
P210550,Sports,295.5
P204024,Home,82.19
P231772,Electronics,259.02
P208722,Home,68.67
P202120,Grocery,3.63
P230089,Home,201.46
P221348,Grocery,32.23
P205877,Beauty,44.19
P243488,Grocery,1.64
P218904,Fashion,22.48
P220792,Fashion,49.09
P226037,Sports,48.97
P217335,Grocery,3.14
P214659,Toys,17.2
P229684,Beauty,21.06
P234902,Home,1185.34
P235012,Electronics,389.56
P235571,Fashion,23.74
P203911,Fashion,159.0
P211216,Home,121.52
P201408,Toys,22.41
P220977,Fashion,34.56
P213195,Fashion,31.67
P243938,Fashion,140.32
P240431,Home,228.38
P242577,Fashion,9.67
P207113,Grocery,5.96
P222761,Electronics,286.35
P224992,Home,53.15
P213778,Fashion,8.75
P221985,Fashion,77.69
P204367,Fashion,9.7
P245447,Electronics,152.98
P210786,Sports,155.22
P245780,Toys,16.09
P242706,Home,233.69
P244461,Sports,62.63
P230908,Home,232.08
P211051,Electronics,301.08
P236746,Home,22.12
P215611,Beauty,18.62
P204490,Electronics,312.08
P231313,Sports,103.12
P206377,Sports,268.56
P214567,Electronics,352.73
P222885,Electronics,503.19
P248556,Grocery,10.81
P226606,Toys,6.73
P217440,Toys,35.47
P202260,Home,319.99
P230267,Beauty,5.76
P227002,Fashion,17.83
P216833,Toys,42.35
P203498,Home,34.39
P246729,Fashion,55.96
P210518,Sports,70.28
P212501,Electronics,1168.24
P222254,Toys,6.95
P215902,Home,33.92
P215370,Grocery,5.09
P246721,Grocery,16.69
P228231,Beauty,21.29
P241863,Beauty,20.97
P209642,Beauty,40.27
P217839,Home,136.63
P223681,Grocery,3.29
P207035,Fashion,17.26
P233299,Electronics,305.06
P235035,Grocery,25.57
P249484,Fashion,13.12
P223583,Sports,21.12
P222105,Fashion,40.84
P216130,Grocery,3.75
P213736,Toys,103.4
P242281,Grocery,1.06
P213815,Grocery,8.84
P224396,Electronics,107.65
P224312,Home,160.47
P212244,Sports,107.8
P242668,Toys,34.36
P211718,Fashion,45.75
P216784,Grocery,3.76
P230683,Fashion,7.69
P244590,Toys,27.19
P243997,Home,86.32
P231428,Home,43.09
P226490,Electronics,102.45
P240701,Fashion,21.4
P247351,Home,216.76
P241001,Home,137.63
P245856,Sports,440.1
P216410,Fashion,41.53
P235386,Home,107.05
P209362,Grocery,3.8
P239407,Sports,96.83
P224011,Electronics,354.67
P207042,Toys,6.55
P225286,Grocery,2.21
P211391,Grocery,7.06
P226999,Toys,5.71
P202018,Beauty,20.14
P212952,Fashion,41.72
P216240,Sports,102.13
P221262,Sports,100.8
P219282,Fashion,60.24
P222459,Fashion,17.88
P234815,Home,182.81
P217942,Sports,83.17
P236820,Beauty,28.57
P201651,Grocery,10.16
P221606,Fashion,41.67
P234546,Grocery,1.31
P200683,Home,223.26
P242239,Electronics,229.38
P218394,Electronics,287.24
P246705,Fashion,29.3
P218966,Fashion,44.43
P226469,Toys,3.09
P208505,Sports,57.63
P240211,Grocery,15.54
P205492,Beauty,71.3
P216827,Home,259.07
P227492,Fashion,166.85
P203266,Beauty,40.27
P205909,Beauty,27.53
P239782,Grocery,2.73
P221863,Beauty,10.07
P244055,Toys,8.22
P207819,Beauty,16.68
P229136,Fashion,51.28
P247954,Fashion,34.89
P210056,Beauty,10.87
P217275,Electronics,1510.91
P220191,Home,379.47
P216884,Fashion,14.93
P245462,Electronics,352.21
P208894,Toys,8.89
P218717,Home,38.47
P218578,Fashion,61.7
P223321,Home,213.12
P242969,Sports,61.32
P224959,Electronics,69.79
P210515,Beauty,15.58
P209077,Home,110.03
P221443,Grocery,30.45
P210443,Beauty,29.2
P237208,Electronics,452.87
P201783,Home,39.81
P213113,Beauty,34.21
P205385,Electronics,276.46
P236885,Grocery,23.61
P206982,Electronics,129.24
P235351,Electronics,285.08
P242689,Electronics,126.39
P213407,Sports,43.11
P246524,Electronics,428.33
P227207,Fashion,8.49
P248116,Fashion,69.15
P228402,Electronics,269.73
P202430,Grocery,9.09
P239828,Sports,62.32
P202936,Sports,197.73
P211864,Electronics,113.49
P225115,Beauty,44.22
P209307,Beauty,67.57
P206709,Home,34.25
P229854,Fashion,389.19
P241843,Toys,93.65
P220707,Electronics,365.59
P239384,Beauty,10.66
P235187,Home,83.93
P201399,Sports,28.37
P224188,Fashion,64.86
P214245,Beauty,24.24
P245746,Grocery,11.92
P223371,Grocery,4.75
P247204,Fashion,18.16
P232286,Electronics,1538.16
P221693,Beauty,27.28
P234303,Home,235.38
P221137,Toys,11.35
P241049,Beauty,48.47
P215365,Home,178.73
P213450,Sports,52.38
P204190,Electronics,461.05
P243639,Home,41.66
P223937,Toys,17.6
P207452,Electronics,1155.23
P203960,Fashion,89.69
P239602,Grocery,13.75
P230185,Beauty,4.77
P210564,Grocery,7.87
P247510,Sports,113.45
P205091,Grocery,7.94
P249670,Fashion,292.01
P230519,Electronics,504.99
P203710,Toys,6.07
P249981,Toys,15.26
P239395,Beauty,14.87
P235754,Grocery,8.79
P228114,Electronics,138.3
P223074,Beauty,34.57
P221198,Electronics,86.66
P210509,Electronics,296.86
P225180,Home,58.89
P248068,Toys,68.81
P245433,Sports,45.57
P216560,Grocery,6.49
P243281,Electronics,449.06
P242674,Home,28.11
P238938,Electronics,177.56
P228731,Fashion,6.54
P219162,Fashion,23.32
P248344,Home,11.09
P225236,Electronics,102.91
P237133,Home,132.03
P211379,Grocery,9.03
P204340,Sports,26.68
P204755,Toys,3.6
P248731,Toys,3.14
P241866,Home,21.75
P248759,Sports,19.93
P219905,Sports,18.88
P218259,Fashion,7.79
P231255,Toys,25.48
P236726,Home,383.24
P234904,Electronics,679.78
P243556,Sports,40.39
P241813,Sports,32.47
P231614,Beauty,4.2
P200506,Fashion,13.34
P208599,Home,120.44
P221774,Home,836.74
P208715,Grocery,26.8
P235818,Toys,12.83
P214783,Fashion,12.86
P231262,Fashion,31.66
P223476,Home,128.96
P202397,Home,129.16
P240680,Electronics,315.01
P227475,Beauty,45.57
P234077,Fashion,40.08
P239970,Beauty,18.69
P207700,Electronics,168.61
P204718,Fashion,14.77
P227111,Toys,2.03
P210233,Toys,21.72
P214171,Sports,90.48
P210726,Toys,16.87
P226768,Electronics,531.02
P217139,Fashion,18.03
P200145,Beauty,30.8
P244782,Grocery,13.3
P219958,Sports,50.71
P226203,Home,42.47
P221307,Electronics,318.81
P237490,Home,20.46
P203598,Toys,62.13
P213583,Home,92.3
P247637,Fashion,65.87
P217013,Electronics,578.32
P244126,Home,16.06
P236286,Fashion,11.76
P237120,Beauty,13.22
P244874,Sports,318.4
P240197,Electronics,64.21
P209096,Home,342.22
P205555,Toys,18.2
P232719,Home,24.22
P207997,Beauty,7.06
P210809,Home,163.92
P227365,Home,133.46
P249259,Electronics,109.56
P225618,Electronics,812.73
P225964,Electronics,96.35
P209868,Toys,16.09
P221882,Fashion,41.94
P220639,Grocery,27.91
P236963,Toys,2.44
P241224,Sports,24.43
P236589,Sports,28.4
P249828,Electronics,71.11
P229470,Beauty,27.46
P244446,Grocery,4.43
P205178,Electronics,329.37
P210898,Fashion,80.03
P205566,Electronics,220.67
P220353,Beauty,38.88
P238188,Electronics,538.96
P233375,Home,50.26
P205674,Sports,11.56
P222272,Electronics,85.43
P221716,Sports,180.57
P223740,Electronics,218.91
P223170,Electronics,643.76
P235162,Fashion,43.99
P208070,Toys,26.5
P229472,Fashion,45.16
P242807,Electronics,190.91
P234789,Toys,3.81
P220982,Sports,20.61
P231518,Electronics,117.89
P219399,Beauty,30.38
P227313,Toys,27.6
P216110,Electronics,373.94
P234816,Electronics,183.7
P222353,Fashion,33.55
P228530,Sports,131.58
P200893,Electronics,400.47
P245811,Toys,31.16
P228724,Sports,37.13
P226885,Beauty,3.11
P244560,Electronics,150.7
P213613,Grocery,6.63
P214316,Home,435.52
P206087,Home,42.33
P235701,Grocery,24.06
P218665,Toys,21.16
P241032,Home,34.14
P234148,Home,78.03
P229622,Electronics,281.94
P230298,Grocery,6.55
P216867,Toys,7.04
P241989,Fashion,19.33
P244741,Sports,96.53
P213164,Toys,24.91
P220163,Fashion,36.12
P206101,Beauty,72.65
P237722,Fashion,69.12
P238721,Toys,45.73
P239048,Electronics,259.83
P233546,Sports,11.47
P203475,Fashion,49.09
P204723,Electronics,604.18
P214890,Electronics,299.93
P223270,Sports,92.51
P206713,Fashion,186.31
P227853,Beauty,14.17
P208601,Home,223.15
P217443,Sports,79.16
P217984,Home,92.04
P212735,Fashion,12.74
P218617,Electronics,498.47
P226228,Fashion,90.22
P242257,Beauty,16.81
P213974,Sports,151.79
P249503,Electronics,332.81
P246492,Sports,39.28
P244182,Electronics,886.32
P210623,Fashion,63.67
P215395,Beauty,54.61
P206469,Fashion,21.25
P225040,Sports,253.99
P243473,Grocery,6.97
P203166,Electronics,53.11
P221637,Beauty,4.91
P202209,Grocery,2.23
P208747,Electronics,125.44
P220250,Electronics,69.38
P224931,Sports,231.99
P246319,Sports,183.27
P233331,Sports,151.5
P212201,Beauty,18.98
P231305,Electronics,230.06
P217574,Grocery,5.0
P230859,Fashion,51.08
P210096,Electronics,69.79
P210228,Grocery,15.16
P209218,Toys,16.18
P224831,Toys,35.35
P218802,Electronics,1220.78
P247381,Toys,43.15
P218947,Beauty,34.18
P219335,Sports,65.76
P246861,Grocery,4.18
P216653,Home,39.64
P239387,Sports,12.01
P222031,Home,122.12
P209119,Electronics,212.85
P204555,Electronics,728.48
P246095,Beauty,28.43
P201042,Fashion,56.23
P238212,Electronics,553.97
P204188,Fashion,25.11
P213060,Fashion,161.06
P203088,Electronics,717.3
P201646,Grocery,32.83
P213127,Electronics,62.94
P232615,Toys,21.65
P200487,Sports,146.09
P215453,Beauty,78.35
P216911,Toys,18.23
P217551,Home,205.3
P216278,Electronics,102.19
P220856,Home,262.43
P211931,Fashion,30.41
P222188,Home,144.43
P200483,Home,15.65
P200451,Fashion,17.4
P204069,Sports,73.96
P213386,Grocery,5.49
P207207,Fashion,160.68
P238439,Sports,206.82
P218157,Beauty,18.38
P222006,Home,94.5
P209190,Toys,34.17
P240180,Grocery,7.46
P218449,Beauty,19.06
P241357,Fashion,41.97
P229678,Home,133.02
P214929,Home,148.22
P239100,Home,160.34
P248747,Fashion,33.86
P207913,Home,56.05
P209995,Home,342.81
P226727,Fashion,91.18
P236183,Grocery,10.47
P201394,Sports,41.57
P247852,Home,145.52
P202421,Home,101.96
P240113,Beauty,34.88
P219467,Beauty,10.89
P224504,Beauty,3.79
P210980,Grocery,24.2
P201844,Electronics,331.04
P234572,Fashion,37.61
P218887,Sports,51.66
P218277,Electronics,323.89
P237112,Toys,7.64
P222975,Electronics,71.13
P219449,Toys,18.21
P219459,Electronics,500.6
P201259,Toys,13.82
P218604,Toys,7.67
P213859,Grocery,13.34
P225362,Beauty,38.11
P221319,Electronics,594.29
P235215,Electronics,98.3
P235897,Electronics,206.7
P207697,Grocery,3.61
P231360,Beauty,79.17
P228160,Beauty,34.78
P228735,Fashion,24.37
P231293,Grocery,4.72
P203949,Fashion,16.24
P210659,Grocery,1.58
P208010,Grocery,2.43
P223823,Sports,117.91
P216400,Fashion,49.4
P240727,Electronics,322.93
P239009,Beauty,35.49
P214787,Home,48.08
P207906,Toys,10.25
P245953,Sports,23.32
P213303,Fashion,48.56
P201266,Electronics,928.04
P233246,Fashion,102.78
P203977,Beauty,22.84
P206068,Electronics,386.22
P244504,Sports,488.66
P231227,Sports,81.63
P212740,Electronics,714.55
P207791,Beauty,4.2
P200485,Home,369.21
P245048,Grocery,2.56
P230695,Electronics,445.86
P237441,Home,45.78
P200337,Grocery,31.45
P225436,Home,39.46
P215092,Home,29.87
P234771,Sports,66.79
P201471,Sports,77.51
P227696,Home,199.23
P206489,Fashion,24.56
P207856,Beauty,14.91
P228611,Beauty,24.06
P209365,Sports,88.86
P234373,Sports,204.78
P205664,Fashion,36.44
P223323,Fashion,115.12
P226455,Home,40.22
P205379,Fashion,104.42
P244353,Sports,45.68
P202124,Beauty,41.15
P246189,Fashion,45.97
P231536,Grocery,28.44
P206794,Electronics,442.92
P231113,Beauty,39.73
P236074,Fashion,46.04
P227977,Toys,24.13
P228359,Home,38.81
P249302,Grocery,4.21
P248673,Electronics,151.08
P222523,Grocery,3.41
P209070,Fashion,22.46
P207199,Electronics,872.63
P218703,Home,195.32
P219267,Grocery,18.39
P214133,Beauty,17.88
P228571,Sports,129.17
P226991,Sports,92.02
P211579,Electronics,74.1
P249741,Home,123.14
P233355,Electronics,245.63
P219003,Fashion,10.95
P221871,Toys,10.3
P206223,Sports,231.43
P214197,Grocery,22.44
P209387,Electronics,846.99
P237121,Home,176.24
P226902,Toys,21.69
P214839,Fashion,12.37
P235373,Electronics,86.86
P235306,Home,47.31
P213896,Home,59.66
P241525,Grocery,13.3
P216198,Home,286.25
P234524,Toys,45.54
P228651,Grocery,16.1
P232636,Electronics,327.26
P234128,Sports,37.56
P227144,Fashion,141.67
P218757,Electronics,411.41
P233963,Toys,16.99
P218515,Fashion,10.4
P222027,Fashion,26.1
P213792,Fashion,118.5
P215777,Home,34.28
P232544,Home,85.11
P218751,Grocery,2.07
P231023,Fashion,8.14
P247793,Electronics,146.71
P223665,Sports,110.15
P231126,Beauty,23.72
P219481,Grocery,3.0
P234101,Fashion,8.36
P223549,Electronics,227.98
P245604,Beauty,7.93
P203336,Sports,19.96
P208157,Electronics,173.9
P236155,Beauty,3.08
P237481,Toys,29.88
P231567,Sports,26.93
P237869,Sports,106.67
P202431,Toys,37.15
P233784,Electronics,859.83
P217025,Fashion,45.09
P220446,Electronics,554.57
P208507,Electronics,247.13
P217522,Fashion,43.91
P247402,Sports,119.06
P225490,Sports,118.99
P238011,Sports,161.32
P235071,Beauty,26.51
P230413,Home,172.64
P245102,Grocery,35.82
P214040,Electronics,501.11
P239374,Fashion,57.44
P246202,Grocery,2.14
P218462,Toys,9.46
P238871,Toys,35.12
P220534,Home,12.89
P220935,Toys,4.21
P240995,Toys,2.75
P209009,Beauty,43.72
P246989,Grocery,5.32
P246876,Grocery,18.19
P236724,Fashion,30.85
P240483,Grocery,1.03
P203325,Fashion,51.7
P208699,Beauty,19.07
P203745,Sports,63.0
P245076,Fashion,9.03
P244837,Beauty,24.74
P230794,Fashion,79.44
P213489,Toys,9.34
P246116,Fashion,114.37
P202677,Home,242.08
P234512,Electronics,84.3
P211175,Electronics,262.92
P243318,Home,147.85
P242191,Electronics,342.21
P201177,Beauty,30.86
P237546,Beauty,60.6
P220110,Electronics,82.12
P242503,Home,512.38
P228253,Electronics,393.02
P218317,Toys,23.17
P228433,Grocery,23.4
P207179,Home,82.05
P214849,Fashion,29.0
P204444,Fashion,151.46
P202964,Toys,11.62
P241990,Sports,18.04
P210067,Electronics,722.05
P239992,Home,23.14
P210472,Sports,134.02
P215126,Grocery,5.08
P226990,Fashion,40.53
P236665,Grocery,14.33
P203678,Electronics,140.56
P234611,Home,34.24
P230729,Home,18.61
P229035,Electronics,617.54
P215958,Home,173.21
P224250,Sports,44.14
P207083,Home,248.77
P221756,Fashion,93.2
P201466,Toys,4.92
P249887,Grocery,17.47
P200339,Toys,8.8
P244547,Toys,14.38
P221103,Grocery,8.4
P217088,Toys,20.03
P203724,Grocery,6.61
P240957,Sports,17.48
P221643,Sports,119.81
P226044,Sports,327.94
P210334,Grocery,15.51
P233320,Sports,86.27
P236259,Toys,5.51
P200789,Fashion,53.25
P233941,Grocery,13.43
P200552,Home,136.97
P219806,Electronics,774.27
P236979,Toys,26.78
P208823,Fashion,80.21
P231980,Fashion,23.48
P200860,Electronics,125.29
P200290,Electronics,539.69
P242417,Beauty,32.38
P214344,Toys,10.23
P205870,Home,30.03
P233397,Beauty,48.94
P239775,Toys,11.54
P216186,Fashion,15.35
P238711,Sports,25.34
P249626,Fashion,128.99
P232265,Sports,23.71
P221016,Fashion,26.92
P204080,Grocery,14.17
P212972,Electronics,220.42
P201760,Home,95.46
P211274,Fashion,84.78
P237476,Beauty,178.79
P223304,Home,92.9
P203398,Fashion,30.67
P230625,Fashion,27.65
P247698,Toys,14.63
P214705,Toys,14.21
P236329,Home,392.99
P210607,Electronics,159.58
P230006,Electronics,392.94
P213018,Grocery,9.79
P209816,Beauty,35.3
P220494,Fashion,36.43
P221237,Sports,27.21
P206831,Toys,42.49
P240963,Fashion,60.38
P230541,Beauty,21.28
P203447,Fashion,92.44
P246448,Electronics,1264.68
P205584,Home,79.34
P227156,Sports,52.82
P236559,Home,194.43
P221465,Home,89.82
P242120,Home,21.81
P217217,Home,67.62
P247466,Fashion,86.3
P210190,Beauty,33.05
P206260,Toys,5.12
P225778,Electronics,140.87
P215605,Beauty,8.92
P218559,Home,477.68
P242341,Toys,5.64
P220557,Toys,19.92
P235556,Fashion,54.27
P243781,Sports,104.86
P245137,Fashion,62.85
P224917,Electronics,264.99
P225937,Grocery,2.15
P231538,Electronics,442.63
P206721,Fashion,21.23
P220575,Electronics,75.64
P207312,Home,34.5
P247680,Grocery,5.46
P204616,Fashion,32.85
P233763,Beauty,51.4
P233124,Home,111.25
P224761,Fashion,36.4
P201693,Beauty,8.2
P202590,Beauty,81.41
P230870,Fashion,122.59
P209534,Toys,35.3
P207921,Electronics,176.85
P201691,Electronics,318.02
P242042,Grocery,7.48
P244155,Toys,3.47
P244377,Beauty,6.7
P239705,Home,437.72
P215783,Beauty,5.23
P208515,Grocery,17.22
P202070,Beauty,26.76
P217314,Electronics,71.13
P245514,Home,109.67
P213771,Electronics,65.79
P231240,Sports,16.54
P245612,Home,16.92
P217828,Home,48.84
P244996,Grocery,22.31
P224978,Grocery,6.93
P220936,Grocery,14.43
P226082,Fashion,11.56
P217905,Sports,275.6
P203098,Grocery,10.24
P218952,Fashion,42.9
P210985,Toys,6.01
P208283,Toys,6.29
P237708,Fashion,17.62
P204762,Fashion,16.84
P234521,Beauty,22.08
P205054,Home,45.35
P213276,Sports,21.52
P205781,Electronics,220.52
P218025,Home,320.38
P235730,Fashion,34.53
P205413,Beauty,3.32
P207420,Home,43.5
P241510,Sports,321.3
P239678,Fashion,26.86
P226527,Grocery,5.98
P243250,Toys,12.61
P212029,Beauty,8.83
P241583,Grocery,19.21
P236525,Fashion,39.9
P237564,Home,193.29
P236060,Electronics,145.4
P203832,Home,10.19
P202611,Home,456.11
P208353,Beauty,20.58
P243042,Electronics,77.01
P227589,Electronics,85.6
P240996,Home,85.1
P225421,Fashion,63.43
P211068,Sports,59.68
P203346,Sports,178.71
P236822,Fashion,24.62
P248760,Electronics,65.17
P204200,Fashion,5.41
P247259,Sports,202.94
P208527,Grocery,55.83
P247013,Fashion,12.01
P210535,Toys,3.26
P217944,Toys,50.34
P240290,Electronics,84.52
P245941,Grocery,4.41
P204164,Home,223.0
P230022,Grocery,82.72
P212438,Beauty,19.31
P223104,Fashion,16.64
P204852,Grocery,25.78
P203183,Grocery,5.19
P231354,Electronics,269.1
P208032,Sports,200.43
P214275,Home,44.93
P218793,Grocery,8.26
P237066,Fashion,33.88
P218918,Home,245.47
P205599,Beauty,30.61
P232771,Grocery,20.97
P213440,Fashion,63.12
P211289,Home,128.26
P243808,Home,28.7
P246032,Fashion,92.98
P249178,Toys,20.38
P205161,Electronics,442.56
P215942,Beauty,12.15
P249223,Fashion,33.27
P238369,Home,112.61
P202947,Home,49.39
P243275,Electronics,537.45
P244857,Electronics,505.43
P206238,Toys,37.06
P213156,Fashion,63.66
P202411,Grocery,5.92
P208308,Home,108.79
P243171,Beauty,47.23
P202924,Home,65.97
P235605,Grocery,20.12
P200576,Home,58.04
P214641,Electronics,184.32
P208963,Beauty,37.2
P224291,Beauty,30.81
P241159,Toys,6.59
P232728,Grocery,24.1
P241139,Home,212.15
P218789,Fashion,83.5
P239651,Home,93.68
P227899,Grocery,6.25
P215658,Grocery,25.96
P238907,Grocery,12.68
P231747,Home,48.55
P210493,Home,72.78
P226178,Electronics,207.71
P233887,Electronics,138.69
P208000,Home,15.34
P208065,Fashion,36.53
P201085,Sports,27.06
P249325,Fashion,66.42
P246332,Sports,234.78
P217622,Toys,15.54
P204834,Electronics,330.56
P220197,Electronics,210.91
P212008,Sports,260.27
P212962,Grocery,9.15
P247229,Electronics,1370.05
P247356,Electronics,163.7
P208012,Grocery,2.0
P220166,Electronics,328.07
P218628,Fashion,90.23
P241372,Toys,6.03
P213767,Fashion,70.9
P215111,Grocery,5.16
P239989,Beauty,38.98
P240582,Electronics,148.88
P244370,Sports,90.13
P245052,Beauty,56.57
P248278,Beauty,8.61
P245289,Electronics,150.25
P221565,Sports,116.28
P235011,Home,46.78
P202589,Fashion,10.98
P242738,Sports,117.25
P247398,Sports,98.85
P244482,Toys,12.09
P209749,Toys,2.73
P222683,Beauty,18.8
P204501,Fashion,12.92
P223423,Beauty,13.91
P219157,Fashion,48.38
P219169,Fashion,142.8
P223324,Beauty,20.54
P201706,Sports,31.3
P228219,Beauty,74.61
P241334,Grocery,1.35
P201612,Fashion,55.62
P216838,Home,50.07
P237065,Sports,149.32
P230427,Beauty,12.86
P215546,Electronics,231.97
P248735,Fashion,77.35
P209045,Fashion,117.15
P225299,Toys,5.96
P201391,Toys,8.91
P243347,Fashion,5.21
P241221,Electronics,681.12
P240776,Fashion,149.54
P232667,Electronics,156.51
P215948,Fashion,28.87
P225118,Fashion,32.55
P238193,Home,79.42
P214157,Fashion,29.54
P217021,Beauty,18.83
P208356,Fashion,13.21
P235573,Toys,3.17
P248215,Grocery,17.93
P201223,Home,256.81
P236110,Electronics,590.07
P224626,Fashion,53.44
P249640,Electronics,1177.0
P230917,Fashion,5.08
P221526,Sports,47.86
P208856,Home,58.86
P213532,Toys,33.65
P220745,Electronics,190.75
P220336,Fashion,41.82
P230796,Sports,103.59
P227167,Fashion,96.78
P200880,Sports,104.08
P216818,Grocery,7.32
P238892,Toys,25.34
P224488,Electronics,285.53
P237952,Beauty,21.41
P218368,Home,63.75
P229028,Grocery,1.02
P213223,Grocery,6.79
P231395,Electronics,167.18
P230261,Grocery,2.39
P209984,Fashion,15.89
P202798,Fashion,199.58
P207603,Fashion,21.14
P246051,Fashion,40.9
P211704,Toys,17.67
P246088,Fashion,45.37
P234261,Toys,2.95
P215707,Grocery,20.43
P218009,Toys,27.78
P218231,Fashion,190.88
P203246,Sports,30.08
P229825,Beauty,22.77
P215925,Toys,34.03
P218334,Beauty,41.19
P231072,Toys,8.19
P249375,Toys,8.48
P202026,Grocery,39.33
P201547,Electronics,172.43
P215289,Fashion,48.15
P236546,Home,86.36
P248886,Fashion,9.0
P239279,Fashion,152.77
P222169,Electronics,128.15
P240525,Toys,8.13
P220107,Grocery,7.24
P234291,Electronics,274.32
P227279,Electronics,100.64
P218356,Fashion,53.88
P245488,Home,105.19
P230043,Toys,9.1
P246342,Electronics,433.43
P229966,Beauty,20.68
P212795,Electronics,646.98
P217000,Grocery,26.46
P220899,Grocery,52.58
P221575,Grocery,1.92
P248630,Home,101.66
P219005,Electronics,136.56
P245201,Beauty,65.51
P218477,Fashion,9.54
P219560,Toys,13.0
P225708,Sports,30.14
P240252,Beauty,31.08
P245176,Toys,26.01
P219954,Home,281.2
P230635,Fashion,30.86
P218530,Beauty,39.56
P200705,Grocery,11.5
P246293,Beauty,43.98
P236580,Beauty,5.19
P227046,Grocery,9.2
P244420,Home,31.49
P220152,Grocery,21.57
P231855,Electronics,103.84
P202319,Beauty,3.2
P208163,Fashion,135.41
P221605,Home,97.27
P200209,Electronics,1419.07
P231512,Fashion,48.93
P212446,Fashion,72.03
P203962,Electronics,157.12
P213028,Toys,4.8
P221903,Fashion,58.21
P211717,Home,104.11
P237562,Electronics,619.83
P230545,Electronics,64.99
P248997,Grocery,11.36
P235212,Toys,6.04
P243543,Toys,20.89
P241100,Home,198.15
P235375,Electronics,149.18
P220320,Electronics,263.65
P219301,Beauty,16.35
P218181,Toys,29.65
P209168,Grocery,13.06
P202573,Fashion,11.32
P236051,Electronics,841.13
P242759,Toys,19.0
P220801,Fashion,78.88
P228644,Home,12.66
P227523,Grocery,3.96
P233481,Sports,153.61
P218807,Electronics,86.48
P201890,Electronics,64.19
P219951,Toys,20.81
P205375,Beauty,3.85
P215579,Electronics,77.09
P209870,Toys,17.03
P218531,Toys,24.22
P209109,Grocery,3.67
P226842,Fashion,36.1
P210716,Fashion,6.0
P218190,Electronics,149.91
P248585,Grocery,3.61
P236819,Electronics,108.98
P232433,Electronics,132.85
P241519,Fashion,85.46
P225204,Toys,60.82
P246408,Grocery,17.12
P236530,Beauty,27.24
P244511,Grocery,18.44
P226384,Electronics,88.28
P210087,Toys,8.86
P212122,Home,83.64
P230898,Home,58.99
P215841,Electronics,287.4
P225582,Electronics,95.6
P210042,Fashion,33.93
P226505,Electronics,479.51
P223294,Home,91.36
P206173,Electronics,126.79
P218516,Electronics,576.52
P206932,Toys,11.86
P217909,Grocery,8.29
P230241,Grocery,6.83
P216712,Sports,43.64
P202657,Toys,20.12
P229105,Toys,6.09
P241547,Sports,154.19
P230382,Fashion,37.31
P222356,Electronics,748.95
P219589,Fashion,142.43
P239601,Toys,11.5
P223916,Sports,27.01
P240675,Home,102.66
P234366,Electronics,152.48
P203851,Fashion,32.34
P243777,Home,100.89
P240591,Fashion,53.54
P204607,Beauty,3.09
P205507,Grocery,4.9
P205934,Grocery,3.46
P241971,Electronics,452.81
P221952,Home,245.12
P204659,Fashion,68.61
P204398,Home,493.94
P206242,Beauty,4.97
P228620,Fashion,35.73
P225905,Toys,47.16
P210796,Home,60.6
P247145,Grocery,22.34
P239379,Electronics,318.11
P247543,Fashion,193.92
P239480,Sports,55.59
P237275,Sports,63.09
P213937,Beauty,7.38
P231531,Grocery,3.29
P219569,Home,269.82
P212343,Home,78.87
P246803,Grocery,13.76
P211533,Beauty,37.19
P249347,Fashion,33.35
P231132,Sports,312.32
P231356,Beauty,71.19
P215438,Fashion,61.04
P226366,Fashion,267.59
P213968,Home,10.35
P219173,Grocery,1.92
P210376,Fashion,146.3
P225114,Fashion,50.65
P221168,Sports,268.35
P200718,Sports,23.37
P239844,Sports,13.2
P221814,Beauty,51.14
P241347,Home,81.82
P241684,Toys,30.94
P230711,Fashion,40.72
P214177,Toys,16.79
P245970,Beauty,31.06
P224570,Grocery,6.38
P235364,Fashion,151.17
P247609,Grocery,7.73
P218819,Sports,59.91
P231391,Beauty,33.11
P215788,Home,143.15
P248651,Grocery,73.0
P209896,Home,259.99
P220559,Home,54.1
P223565,Toys,4.11
P220926,Fashion,10.54
P213376,Fashion,27.07
P221875,Toys,14.75
P247606,Electronics,379.45
P212857,Toys,40.35
P201283,Beauty,114.73
P214920,Beauty,15.87
P230846,Toys,20.06
P206642,Toys,18.08
P237131,Home,26.09
P246719,Fashion,112.97
P217949,Sports,120.7
P233503,Beauty,30.82
P210851,Fashion,87.91
P214406,Toys,3.73
P214928,Grocery,8.07
P207534,Toys,23.26
P201835,Toys,6.76
P204715,Grocery,16.51
P233381,Fashion,29.13
P222618,Home,86.2
P200876,Grocery,23.43
P243535,Electronics,189.09
P229446,Home,260.02
P233439,Beauty,31.33
P201630,Fashion,30.44
P233128,Grocery,10.09
P214713,Fashion,26.02
P210584,Sports,88.78
P203901,Home,29.66
P249949,Fashion,112.83
P247558,Fashion,44.7
P216450,Grocery,7.41
P227610,Beauty,23.77
P222061,Beauty,7.31
P215314,Toys,3.61
P202090,Electronics,308.16
P226852,Sports,17.19
P222454,Electronics,401.45
P211707,Sports,168.38
P233823,Toys,30.84
P239024,Home,12.95
P212746,Electronics,108.5
P203347,Grocery,4.7
P209361,Electronics,481.04
P246436,Home,48.38
P204101,Fashion,14.75
P240275,Grocery,7.12
P248095,Beauty,5.13
P241453,Electronics,101.48
P235947,Sports,25.57
P232668,Grocery,4.37
P244803,Beauty,53.12
P229610,Home,56.07
P217747,Fashion,20.73
P223651,Fashion,5.8
P244358,Beauty,7.28
P201056,Sports,136.22
P232910,Toys,70.86
P211507,Toys,28.78
P221215,Electronics,673.63
P227349,Toys,32.39
P230375,Beauty,11.6
P210076,Home,183.0
P245005,Beauty,37.02
P235249,Electronics,147.23
P210082,Electronics,873.53
P240664,Beauty,154.62
P219509,Electronics,317.78
P207050,Beauty,12.33
P238779,Fashion,26.76
P248098,Grocery,12.5
P211414,Grocery,1.1
P236918,Grocery,5.85
P215876,Grocery,1.66
P207004,Grocery,13.89
P209198,Sports,101.1
P227766,Grocery,12.77
P233988,Sports,26.1
P237429,Toys,58.88
P237634,Electronics,298.32
P201797,Sports,89.81
P238742,Grocery,11.35
P213165,Beauty,21.21
P219255,Fashion,142.05
P239773,Beauty,25.57
P204612,Sports,75.28
P225280,Toys,30.6
P242633,Beauty,10.1
P231528,Fashion,15.48
P244659,Grocery,8.62
P210283,Toys,2.31
P204953,Fashion,22.08
P220698,Toys,12.72
P239819,Fashion,47.5
P245313,Fashion,43.52
P222016,Toys,11.01
P213248,Toys,10.27
P217276,Home,10.17
P231008,Electronics,742.11
P232213,Fashion,17.93
P217355,Grocery,6.84
P216486,Grocery,1.27
P215139,Home,423.82
P248276,Fashion,38.55
P221529,Fashion,6.16
P236014,Grocery,4.81
P220096,Fashion,108.95
P230117,Home,72.03
P246733,Sports,124.98
P203417,Fashion,51.78
P206445,Fashion,36.39
P205417,Fashion,93.06
P215494,Sports,14.05
P213302,Beauty,34.02
P236427,Electronics,697.72
P240274,Home,12.25
P232098,Electronics,78.8
P228803,Electronics,124.92
P229164,Beauty,25.06
P238441,Grocery,2.28
P234925,Toys,54.74
P249733,Toys,29.15
P233563,Sports,172.07
P211389,Grocery,12.54
P213490,Beauty,9.12
P206044,Home,327.11
P241769,Electronics,390.19
P227509,Home,81.21
P227844,Grocery,29.1
P221604,Beauty,51.85
P227560,Fashion,5.03
P200572,Sports,264.5
P201206,Home,69.47
P249051,Grocery,8.22
P213096,Electronics,78.98
P229550,Sports,216.53
P220389,Grocery,32.09
P237693,Beauty,40.19
P218997,Toys,46.89
P234483,Electronics,1012.49
P247207,Electronics,755.48
P221629,Fashion,16.58
P234337,Beauty,4.78
P217060,Home,137.49
P246000,Fashion,13.28
P242793,Beauty,51.72
P214605,Beauty,75.18
P235281,Beauty,6.17
P241760,Electronics,137.42
P209333,Grocery,13.92
P248993,Beauty,34.65
P229787,Fashion,40.31
P213923,Sports,55.28
P234799,Fashion,22.96
P242070,Home,154.37
P204329,Fashion,72.1
P205322,Grocery,5.49
P231076,Electronics,250.3
P239875,Electronics,244.43
P238438,Fashion,95.92
P245149,Beauty,17.07
P213833,Electronics,1296.54
P218134,Toys,9.33
P207575,Home,165.41
P211363,Beauty,37.86
P222771,Home,141.05
P228729,Grocery,7.02
P235780,Electronics,146.73
P219812,Sports,101.16
P244522,Sports,115.69
P222847,Sports,39.29
P205138,Home,64.01
P224932,Electronics,693.81
P221639,Sports,173.57
P248966,Toys,5.99
P237159,Electronics,930.23
P245580,Home,140.21
P246180,Electronics,273.17
P240090,Beauty,8.49
P226199,Sports,259.35
P237992,Fashion,8.3
P226241,Electronics,289.04
P207951,Toys,43.23
P213837,Fashion,154.84
P212688,Beauty,41.36
P209787,Fashion,21.25
P234757,Toys,17.34
P225104,Electronics,547.65
P202604,Home,113.72
P231269,Fashion,10.73
P200063,Sports,97.8
P212152,Beauty,6.07
P219196,Toys,10.39
P214959,Fashion,68.82
P232869,Grocery,5.76
P227924,Beauty,9.28
P244258,Grocery,7.38
P227467,Electronics,388.44
P216056,Sports,61.98
P203135,Fashion,69.3
P217564,Fashion,56.7
P238277,Fashion,59.11
P227462,Toys,12.72
P202728,Home,17.47
P207631,Electronics,719.91
P210884,Electronics,74.99
P224974,Electronics,252.7
P249556,Grocery,5.73
P235641,Home,56.27
P236036,Toys,8.23
P210274,Fashion,180.89
P218851,Fashion,46.6
P248526,Beauty,21.22
P203959,Home,16.53
P223224,Home,224.39
P213894,Electronics,110.77
P237616,Electronics,229.33
P230558,Electronics,188.78
P243945,Sports,19.99
P215690,Electronics,102.03
P233447,Electronics,1633.19
P217131,Electronics,481.39
P227429,Electronics,346.62
P217705,Fashion,22.79
P248710,Fashion,32.5
P222246,Home,140.19
P245110,Home,211.95
P204789,Home,395.31
P200533,Beauty,6.21
P228776,Fashion,15.46
P248302,Electronics,322.46
P218725,Toys,56.84
P206694,Beauty,17.76
P205006,Electronics,376.62
P237313,Sports,174.21
P242428,Electronics,352.1
P230087,Grocery,7.33
P237675,Home,113.0
P224362,Grocery,16.62
P204485,Electronics,128.06
P201235,Electronics,185.75
P243674,Sports,38.36
P248662,Electronics,64.27
P231983,Toys,3.14
P224039,Electronics,192.89
P230416,Grocery,11.17
P201145,Home,62.51
P223804,Toys,40.24
P247244,Home,34.44
P201475,Beauty,14.11
P210047,Fashion,37.91
P212156,Sports,32.21
P230421,Fashion,21.85
P227955,Fashion,149.81
P222063,Electronics,288.69
P248444,Electronics,712.24
P221799,Fashion,20.43
P221322,Sports,103.19
P234372,Fashion,75.84
P214932,Fashion,31.92
P246361,Grocery,13.9
P244239,Beauty,51.74
P237815,Grocery,3.0
P242964,Grocery,6.77
P240943,Electronics,614.44
P224003,Grocery,4.46
P222501,Electronics,313.96
P231092,Grocery,8.59
P214983,Beauty,29.79
P229768,Beauty,30.01
P234604,Sports,94.95
P222288,Toys,59.69
P246760,Beauty,7.72
P206476,Home,247.31
P248837,Electronics,268.47
P232602,Toys,23.32
P242084,Electronics,153.95
P209962,Sports,19.77
P228439,Beauty,39.84
P203400,Home,48.19
P224440,Beauty,15.12
P246697,Toys,2.96
P224610,Grocery,14.83
P229575,Fashion,62.18
P219728,Grocery,31.54
P229067,Grocery,30.19
P224303,Toys,26.02
P245262,Grocery,6.12
P242740,Sports,56.16
P201628,Electronics,206.25
P239532,Beauty,6.4
P209521,Sports,299.38
P238513,Grocery,23.44
P242519,Beauty,6.85
P225380,Toys,59.57
P228923,Sports,192.21
P228880,Electronics,159.32
P218970,Sports,50.2
P238891,Fashion,36.21
P204930,Fashion,17.48
P235318,Sports,71.58
P241539,Toys,2.18
P242897,Beauty,54.45
P249108,Fashion,39.16
P232574,Fashion,134.93
P239751,Beauty,45.15
P209857,Toys,31.43
P234898,Electronics,236.29
P223593,Sports,68.08
P236508,Fashion,8.29
P218884,Electronics,652.65
P205307,Home,79.17
P212904,Electronics,68.05
P239535,Home,153.23
P217881,Electronics,423.69
P229178,Fashion,17.69
P213582,Home,79.63
P235912,Electronics,326.89
P242911,Electronics,344.79
P242419,Toys,16.07
P208025,Electronics,197.18
P249444,Sports,17.01
P241614,Toys,2.44
P243944,Electronics,249.98
P219188,Fashion,16.15
P207604,Sports,284.21
P239907,Fashion,55.29
P248979,Home,125.96
P227290,Toys,12.26
P240596,Electronics,179.93
P206203,Beauty,7.86
P207871,Grocery,1.82
P214662,Electronics,377.11
P236782,Electronics,540.91
P211445,Beauty,50.78
P211038,Grocery,17.96
P245840,Fashion,116.73
P245822,Fashion,204.78
P203505,Electronics,1109.98
P241478,Home,128.11
P219069,Electronics,132.5
P214418,Home,24.81
P216411,Beauty,128.04
P233033,Grocery,5.85
P209498,Toys,2.68
P247500,Toys,11.75
P222203,Electronics,769.74
P228030,Beauty,18.91
P249962,Beauty,11.53
P221060,Home,208.41
P219774,Electronics,277.73
P246917,Home,21.84
P233378,Electronics,760.78
P245248,Home,150.43
P220930,Electronics,62.19
P213493,Toys,2.18
P237795,Electronics,79.84
P213638,Grocery,23.72
P205724,Toys,14.91
P233169,Grocery,4.78
P202027,Electronics,279.76
P246723,Sports,18.52
P214807,Toys,20.88
P228426,Electronics,205.64
P200178,Home,194.88
P205817,Home,12.44
P234747,Grocery,3.4
P207185,Beauty,18.74
P203984,Electronics,399.35
P222049,Grocery,17.53
P221405,Fashion,88.3
P210236,Grocery,1.66
P221896,Grocery,1.25
P214635,Sports,136.53
P208542,Sports,161.93
P237050,Sports,26.64
P244378,Home,466.26
P232070,Beauty,4.08
P231955,Beauty,43.65
P212596,Sports,10.56
P223659,Toys,14.26
P210416,Sports,19.49
P219171,Electronics,64.89
P232577,Home,369.2
P245303,Fashion,90.81
P222736,Beauty,15.31
P245271,Electronics,249.42
P238656,Electronics,567.97
P205737,Fashion,62.84
P235126,Toys,17.13
P229652,Electronics,354.21
P205390,Sports,59.15
P220600,Grocery,10.89
P200406,Beauty,22.01
P232764,Sports,206.79
P232995,Fashion,18.92
P245937,Beauty,8.8
P218568,Fashion,47.55
P229377,Fashion,18.4
P248481,Toys,21.45
P209121,Toys,9.62
P222207,Home,291.16
P210795,Sports,92.91
P248603,Fashion,132.58
P201101,Beauty,13.58
P234867,Home,85.04
P200513,Sports,36.07
P211324,Home,251.64
P215491,Electronics,78.3
P213693,Electronics,138.83
P215923,Grocery,3.79
P210872,Electronics,370.82
P243058,Sports,133.85
P207137,Sports,21.28
P211358,Beauty,8.28
P205807,Home,228.59
P248650,Grocery,12.04
P226503,Electronics,65.01
P214859,Home,119.8
P247905,Beauty,18.8
P211079,Home,128.34
P230975,Toys,5.76
P204343,Home,229.67
P204628,Toys,20.95
P222568,Sports,211.62
P228106,Toys,12.87
P208981,Toys,16.11
P234068,Sports,150.57
P234715,Sports,87.71
P202242,Sports,93.45
P248397,Beauty,22.75
P236424,Beauty,19.56
P249459,Fashion,85.55
P234218,Toys,15.06
P240134,Fashion,118.6
P202842,Beauty,43.51
P216017,Fashion,62.97
P213836,Sports,235.11
P214186,Grocery,11.14
P234432,Toys,35.93
P222757,Beauty,9.78
P247188,Beauty,4.86
P231116,Home,162.1
P236716,Fashion,22.65
P220456,Fashion,54.5
P203634,Home,20.61
P249366,Grocery,42.02
P235840,Home,105.31
P202459,Grocery,9.51
P236474,Home,215.31
P231519,Fashion,103.54
P217590,Home,91.44
P203469,Sports,242.68
P237615,Sports,16.42
P200348,Grocery,2.07
P236419,Fashion,45.99
P202878,Electronics,298.09
P211857,Beauty,24.76
P237517,Home,60.22
P244029,Beauty,4.27
P220378,Beauty,24.27
P244072,Home,31.62
P200002,Grocery,6.5
P225658,Home,124.99
P223267,Fashion,16.5
P214353,Electronics,457.64
P201517,Electronics,72.11
P242855,Grocery,13.72
P219963,Fashion,40.02
P213175,Electronics,83.32
P230367,Beauty,33.02
P217232,Electronics,171.02
P237804,Beauty,7.93
P249357,Home,53.7
P226468,Sports,87.69
P200520,Fashion,47.66
P221497,Grocery,3.45
P248473,Fashion,140.64
P226927,Beauty,12.77
P206258,Grocery,5.11
P215454,Electronics,91.74
P237606,Electronics,1357.13
P224177,Toys,32.42
P200785,Grocery,7.76
P208143,Sports,62.66
P224092,Fashion,218.11
P247818,Electronics,122.8
P213635,Grocery,6.21
P210982,Home,38.59
P213409,Home,53.73
P248756,Beauty,29.69
P218541,Electronics,170.09
P203528,Fashion,107.45
P236327,Beauty,4.22
P246888,Electronics,192.37
P224518,Electronics,690.63
P224946,Home,137.88
P232080,Beauty,39.11
P235705,Fashion,24.23
P224556,Electronics,199.8
P240906,Grocery,29.85
P237909,Electronics,500.0
P249873,Electronics,207.6
P221775,Fashion,16.92
P224041,Fashion,10.53
P200835,Beauty,51.49
P235747,Grocery,16.75
P243285,Home,133.08
P244884,Toys,31.48
P235192,Grocery,33.46
P247335,Fashion,75.49
P216104,Home,81.87
P214927,Sports,29.09
P204521,Fashion,66.51
P244086,Sports,37.86
P214280,Sports,160.06
P247544,Home,64.46
P230753,Electronics,105.42
P247948,Electronics,145.52
P249605,Home,50.83
P203459,Electronics,204.73
P229435,Toys,7.85
P228077,Fashion,17.57
P201148,Sports,58.89
P249674,Fashion,104.6
P237345,Toys,3.44
P231036,Grocery,5.63
P249273,Toys,18.25
P220002,Home,283.25
P248440,Electronics,158.63
P239398,Home,66.47
P236490,Home,220.57
P205930,Grocery,7.14
P213388,Beauty,49.73
P219691,Sports,69.73
P203642,Toys,18.56
P219201,Beauty,23.16
P207421,Beauty,6.11
P239815,Fashion,26.56
P213554,Electronics,139.87
P205588,Sports,122.98
P223771,Toys,55.35
P225824,Home,41.44
P248028,Beauty,5.34
P209316,Fashion,39.73
P242617,Home,75.26
P242713,Fashion,6.79
P245562,Sports,260.38
P228234,Home,380.76
P219786,Beauty,49.55
P237100,Electronics,157.0
P215329,Beauty,6.2
P215698,Fashion,49.14
P225327,Home,53.53
P216548,Home,145.0
P239757,Fashion,73.23
P218340,Toys,16.74
P203860,Home,60.78
P219159,Beauty,20.6
P227865,Beauty,25.43
P234536,Beauty,4.31
P231755,Beauty,17.37
P213743,Toys,19.94
P212718,Home,88.44
P244656,Beauty,13.43
P239389,Electronics,707.83
P225530,Home,83.15
P232908,Grocery,4.68
P249871,Sports,320.49
P201650,Sports,329.42
P240653,Electronics,198.49
P247032,Home,358.34
P233783,Home,136.91
P247458,Toys,31.87
P241302,Electronics,80.6
P206292,Beauty,3.53
P222737,Grocery,10.5
P225551,Grocery,2.04
P219504,Home,235.89
P216371,Grocery,17.52
P229036,Toys,14.06
P249162,Grocery,2.07
P215547,Grocery,35.76
P227203,Fashion,51.63
P209305,Electronics,105.33
P208813,Sports,90.87
P200900,Beauty,6.09
P203747,Fashion,12.74
P245024,Sports,18.3
P223245,Electronics,717.42
P203103,Electronics,306.41
P241286,Fashion,24.54
P200073,Fashion,5.03
P249402,Sports,72.81
P202497,Grocery,10.47
P229577,Sports,50.35
P221012,Sports,75.12
P208487,Electronics,84.5
P249449,Home,345.99
P230023,Toys,7.88
P224877,Sports,301.67
P245567,Fashion,38.38
P244584,Grocery,12.33
P246173,Fashion,96.48
P205615,Fashion,15.15
P210468,Electronics,191.96
P210879,Toys,8.91
P213078,Beauty,15.3
P204590,Toys,72.4
P210910,Sports,113.52
P244895,Home,247.68
P231976,Beauty,15.27
P221574,Toys,6.15
P222716,Electronics,397.19
P233430,Home,479.84
P208199,Home,26.57
P233436,Sports,155.27
P227740,Home,69.71
P209477,Fashion,252.32
P200160,Sports,210.65
P243358,Home,44.54
P244205,Fashion,76.36
P206460,Grocery,18.45
P216401,Electronics,518.47
P235301,Electronics,78.1
P222894,Electronics,588.74
P245927,Beauty,24.87
P238322,Beauty,6.0
P248036,Home,117.54
P243277,Fashion,121.47
P202918,Electronics,113.38
P246147,Home,264.29
P225629,Beauty,17.01
P216699,Fashion,24.13
P207069,Electronics,294.35
P241279,Electronics,122.5
P239190,Electronics,964.9
P204527,Sports,36.75
P219099,Fashion,48.45
P215622,Electronics,315.74
P226281,Home,64.08
P239433,Beauty,49.82
P215531,Electronics,602.04
P205132,Sports,32.87
P229396,Sports,13.92
P241430,Home,143.53
P227807,Electronics,373.55
P239550,Sports,40.28
P227196,Beauty,6.67
P225958,Home,106.29
P247358,Grocery,6.04
P238402,Fashion,113.19
P214945,Beauty,41.73
P217569,Sports,35.28
P223379,Toys,34.45
P238877,Sports,23.27
P222825,Home,196.9
P200915,Toys,17.95
P223848,Grocery,2.65
P213669,Home,135.94
P209875,Electronics,119.45
P202425,Electronics,242.73
P232440,Electronics,1132.94
P233193,Fashion,114.53
P234555,Home,240.61
P235352,Toys,39.46
P237416,Home,100.55
P216552,Electronics,202.61
P233282,Beauty,55.77
P236203,Sports,18.29
P237293,Toys,111.06
P219000,Home,116.01
P210569,Beauty,11.46
P225266,Electronics,110.7
P203204,Electronics,420.61
P207765,Toys,10.83
P210696,Home,57.42
P224928,Beauty,7.34
P248910,Sports,85.32
P214679,Home,126.85
P233885,Electronics,240.23
P234173,Fashion,5.6
P247865,Grocery,5.18
P238182,Sports,24.68
P239109,Home,123.46
P204174,Electronics,411.53
P217061,Electronics,287.71
P225395,Grocery,13.28
P200213,Electronics,93.12
P209085,Fashion,202.26
P245036,Electronics,127.11
P228481,Toys,35.15
P231276,Home,210.1
P224597,Toys,26.01
P222244,Fashion,34.37
P230601,Sports,96.21
P234029,Electronics,117.02
P221264,Electronics,86.45
P213890,Electronics,190.89
P246312,Toys,36.34
P242852,Sports,91.63
P247907,Electronics,519.09
P221058,Home,301.01
P216121,Toys,18.17
P237352,Grocery,26.49
P205021,Grocery,4.43
P242950,Beauty,4.27
P245277,Sports,95.83
P202631,Home,119.38
P206345,Electronics,221.04
P240864,Grocery,12.33
P247674,Sports,119.35
P226844,Electronics,511.79
P206300,Beauty,13.45
P238612,Fashion,29.05
P218560,Toys,2.47
P205362,Fashion,56.56
P208097,Sports,157.44
P225452,Beauty,14.58
P204258,Electronics,386.62
P206640,Beauty,25.39
P237056,Grocery,35.46
P217261,Sports,49.47
P237827,Home,19.32
P215141,Grocery,28.28
P226752,Toys,8.29
P223548,Beauty,112.54
P235368,Home,251.39
P227683,Beauty,27.24
P218792,Sports,41.97
P237628,Electronics,78.58
P242933,Sports,83.37
P202334,Fashion,32.18
P200767,Electronics,1188.74
P231644,Toys,19.9
P226992,Sports,145.2
P229570,Home,29.13
P211737,Home,179.34
P213372,Fashion,7.85
P220590,Fashion,94.66
P239853,Electronics,264.45
P200744,Home,41.89
P227158,Toys,13.53
P220558,Electronics,647.87
P232259,Electronics,457.27
P221450,Grocery,13.24
P236929,Sports,126.39
P246589,Electronics,634.01
P209586,Electronics,103.53
P200286,Sports,191.39
P203247,Home,226.32
P243562,Home,77.89
P205099,Grocery,36.5
P216387,Sports,178.3
P248829,Electronics,1505.98
P222319,Fashion,55.47
P200411,Beauty,3.78
P220729,Electronics,104.31
P220111,Electronics,607.88
P246566,Electronics,381.13
P215704,Beauty,8.41
P210109,Beauty,3.29
P201356,Electronics,149.13
P231172,Sports,24.55
P208349,Beauty,54.19
P227460,Toys,38.33
P238474,Grocery,2.31
P244449,Grocery,2.91
P207196,Home,29.17
P221457,Home,49.36
P213549,Fashion,8.72
P249304,Home,535.81
P209821,Electronics,677.93
P235564,Sports,17.05
P211073,Electronics,100.41
P207282,Fashion,19.96
P239719,Fashion,78.34
P219189,Grocery,17.49
P236848,Electronics,373.57
P244430,Grocery,33.03
P209247,Electronics,62.01
P210771,Sports,27.3
P243725,Fashion,15.35
P234096,Fashion,16.57
P212236,Fashion,37.4
P235921,Beauty,31.34
P224576,Sports,98.98
P200166,Grocery,5.51
P214652,Sports,62.58
P221444,Home,261.97
P215233,Beauty,16.34
P201885,Beauty,4.56
P230364,Fashion,52.49
P214708,Sports,31.66
P240297,Fashion,25.33
P233667,Home,62.28
P235016,Fashion,8.7
P244223,Fashion,153.23
P203412,Beauty,22.4
P211769,Electronics,105.22
P215947,Electronics,313.7
P243147,Electronics,245.23
P206449,Electronics,187.45
P242179,Fashion,36.44
P235900,Toys,23.78
P240923,Home,39.3
P208136,Home,111.64
P233127,Sports,174.87
P206450,Sports,34.75
P242999,Electronics,285.53
P231052,Grocery,22.22
P211346,Electronics,342.17
P249882,Electronics,292.38
P207067,Electronics,1450.8
P231485,Fashion,14.11
P209689,Toys,27.01
P240535,Home,27.69
P224272,Home,178.46
P203763,Home,197.55
P239696,Fashion,6.98
P230075,Toys,9.99
P228692,Beauty,6.08
P226549,Home,300.8
P200878,Home,89.65
P228848,Grocery,8.69
P219268,Electronics,436.31
P210787,Home,346.38
P241620,Fashion,142.24
P231671,Grocery,5.95
P211336,Home,147.62
P227738,Electronics,303.64
P213487,Home,129.27
P240139,Fashion,53.26
P234037,Beauty,4.52
P212898,Fashion,115.84
P217678,Electronics,99.12
P243051,Electronics,229.53
P218141,Fashion,21.98
P224160,Toys,66.05
P212835,Fashion,31.14
P209383,Electronics,350.39
P239346,Toys,4.99
P224564,Toys,14.23
P242013,Home,335.79
P219225,Fashion,137.47
P238484,Toys,17.55
P219946,Electronics,525.66
P228280,Grocery,1.04
P242782,Toys,16.91
P226295,Beauty,35.3
P232700,Fashion,24.68
P247888,Electronics,802.12
P235536,Grocery,20.91
P232609,Toys,30.88
P248509,Fashion,6.06
P209751,Electronics,116.04
P208928,Beauty,33.63
P206142,Grocery,11.86
P245955,Sports,94.95
P222650,Home,86.83
P238181,Electronics,551.74
P223212,Grocery,15.34
P202190,Fashion,46.77
P201002,Sports,127.28
P242882,Electronics,665.55
P223038,Sports,69.87
P208094,Toys,9.23
P222451,Fashion,27.43
P203752,Home,107.02
P227768,Toys,19.58
P228410,Beauty,17.79
P204427,Beauty,10.84
P205556,Grocery,1.9
P241300,Toys,46.24
P218772,Beauty,4.73
P239760,Electronics,273.65
P222709,Home,17.63
P215319,Toys,4.65
P201233,Grocery,1.21
P227146,Fashion,126.28
P224713,Fashion,83.22
P248345,Fashion,39.53
P243758,Fashion,133.18
P214789,Beauty,10.37
P202930,Home,262.82
P212112,Fashion,85.41
P212374,Toys,19.15
P231012,Electronics,174.79
P218523,Toys,18.07
P224783,Fashion,159.96
P215563,Home,21.63
P243193,Home,39.55
P243163,Toys,24.31
P222820,Grocery,3.37
P231252,Fashion,85.7
P202208,Beauty,67.63
P240321,Home,20.93
P213796,Grocery,49.18
P238390,Toys,8.49
P225426,Home,58.64
P222670,Home,16.05
P224320,Fashion,38.83
P220074,Sports,314.41
P227931,Toys,5.45
P218993,Grocery,12.32
P232991,Beauty,10.86
P215003,Sports,11.85
P247496,Home,583.28
P214743,Beauty,33.86
P214007,Fashion,70.38
P224300,Sports,116.94
P245352,Electronics,100.43
P241282,Electronics,125.25
P216175,Sports,57.91
P209703,Beauty,30.35
P232313,Sports,67.43
P218470,Toys,15.04
P229176,Home,346.24
P223280,Electronics,121.08
P223867,Grocery,6.09
P221845,Home,310.09
P216241,Fashion,78.73
P235055,Grocery,12.76
P208878,Sports,47.16
P210209,Electronics,123.42
P228499,Electronics,180.52
P237603,Grocery,35.91
P235302,Electronics,833.4
P211004,Fashion,31.95
P233390,Fashion,111.16
P228400,Fashion,34.06
P210975,Fashion,6.94
P212585,Fashion,25.86
P206876,Toys,20.38
P248104,Home,390.91
P213599,Fashion,32.17
P225239,Fashion,18.5
P243906,Electronics,207.73
P226568,Sports,235.28
P231510,Electronics,61.05
P235462,Home,10.13
P220688,Toys,20.73
P221796,Home,32.02
P220817,Toys,32.89
P210061,Grocery,7.45
P224401,Beauty,80.15
P203810,Grocery,8.95
P233680,Toys,51.67
P219612,Electronics,1080.87
P249723,Beauty,30.53
P210663,Fashion,12.95
P247776,Electronics,132.93
P240536,Fashion,23.22
P205135,Home,249.78
P214072,Beauty,31.08
P241057,Fashion,21.62
P220417,Toys,2.09
P206443,Beauty,21.56
P237610,Beauty,10.05
P221925,Fashion,6.41
P230002,Toys,3.29
P200260,Electronics,148.95
P209127,Home,288.84
P249483,Electronics,616.63
P236978,Fashion,35.86
P224843,Home,52.45
P232840,Grocery,10.32
P237879,Beauty,37.25
P202921,Fashion,5.53
P243413,Sports,103.24
P203888,Electronics,452.45
P200177,Home,233.46
P204495,Beauty,8.57
P233037,Beauty,8.95
P218039,Fashion,12.47
P248707,Grocery,57.93
P245114,Fashion,148.77
P221366,Sports,61.87
P243082,Home,156.03
P211353,Toys,41.89
P225080,Home,33.14
P218788,Toys,30.48
P234969,Beauty,24.64
P205659,Beauty,22.03
P233921,Electronics,474.21
P204161,Sports,41.36
P215503,Grocery,2.02
P224982,Electronics,166.91
P203478,Grocery,4.9
P249428,Home,39.03
P235129,Electronics,137.31
P227172,Electronics,182.04
P210160,Fashion,38.79
P235214,Beauty,52.82
P231170,Beauty,26.45
P231190,Beauty,14.26
P207601,Home,219.89
P237819,Toys,20.11
P203517,Grocery,21.87
P204802,Fashion,99.97
P245158,Electronics,840.37
P218759,Home,726.76
P207850,Electronics,363.49
P206744,Grocery,14.36
P222773,Fashion,12.45
P248185,Beauty,5.72
P206248,Electronics,267.33
P207136,Electronics,142.72
P242285,Toys,9.79
P211800,Grocery,16.86
P213417,Fashion,16.69
P225305,Fashion,41.23
P245129,Beauty,63.96
P237719,Fashion,30.3
P204002,Toys,6.65
P226149,Electronics,162.76
P244228,Beauty,11.01
P204375,Electronics,500.8
P229458,Sports,98.57
P233453,Electronics,422.79
P220272,Toys,21.57
P217352,Home,96.42
P202033,Beauty,67.56
P239843,Fashion,88.61
P225343,Beauty,16.5
P247415,Fashion,21.69
P200645,Home,190.28
P231775,Home,65.6
P204121,Fashion,55.26
P208112,Toys,8.8
P209271,Grocery,3.48
P239204,Home,11.22
P225212,Grocery,69.8
P245285,Grocery,4.26
P210292,Electronics,630.21
P223481,Electronics,611.09
P241060,Home,45.44
P238354,Beauty,16.16
P228493,Fashion,93.92
P229475,Fashion,62.55
P200868,Home,70.81
P247370,Sports,302.9
P208213,Sports,33.44
P222739,Grocery,3.09
P201903,Toys,25.76
P235344,Fashion,6.45
P247491,Electronics,657.68
P236877,Home,57.76
P220998,Grocery,7.08
P218319,Toys,33.83
P233383,Beauty,44.23
P221441,Electronics,216.02
P210642,Sports,89.36
P211776,Toys,24.36
P224862,Grocery,16.36
P231103,Beauty,21.71
P211510,Home,254.71
P234691,Beauty,48.12
P213402,Grocery,25.87
P206455,Beauty,10.65
P240372,Fashion,19.6
P240920,Beauty,6.69
P202773,Toys,36.44
P227377,Home,29.14
P209776,Sports,266.31
P229405,Electronics,92.02
P200143,Sports,245.81
P225698,Home,58.88
P217083,Grocery,29.07
P245169,Grocery,7.24
P222702,Home,71.6
P233038,Grocery,2.91
P241022,Fashion,128.34
P201007,Sports,151.03
P246483,Electronics,472.89
P243232,Toys,4.15
P210174,Grocery,10.77
P230880,Beauty,10.19
P207203,Fashion,98.47
P236492,Home,104.23
P228989,Toys,51.97
P227331,Fashion,48.26
P244694,Fashion,39.47
P222983,Toys,25.28
P229735,Grocery,21.18
P240685,Electronics,55.0
P220893,Toys,16.53
P215739,Sports,156.99
P229917,Fashion,30.73
P230152,Sports,11.74
P247383,Electronics,563.23
P238240,Home,39.06
P207206,Sports,28.91
P223256,Fashion,21.81
P224307,Home,24.19
P204716,Electronics,67.8
P235388,Fashion,106.17
P218920,Fashion,22.73
P237871,Home,124.97
P242928,Electronics,683.92
P223464,Home,509.34
P238085,Fashion,62.34
P213587,Sports,304.9
P201195,Sports,64.16
P225083,Electronics,556.51
P222438,Sports,15.37
P220009,Beauty,12.36
P240636,Home,187.49
P221143,Grocery,1.23
P213696,Electronics,584.69
P207564,Sports,27.7
P203637,Home,60.95
P234641,Grocery,32.79
P217790,Home,40.85
P228159,Home,306.45
P205514,Sports,64.0
P234345,Electronics,863.36
P221763,Electronics,730.67
P228003,Electronics,878.56
P205311,Electronics,375.53
P241596,Beauty,18.82
P238315,Toys,16.88
P217191,Grocery,1.86
P220908,Home,227.0
P201415,Fashion,22.01
P247650,Toys,26.71
P218833,Beauty,14.35
P215406,Fashion,40.49
P229336,Grocery,8.21
P229421,Electronics,278.3
P236264,Electronics,131.66
P211780,Toys,44.52
P239871,Beauty,26.08
P212221,Fashion,18.09
P221116,Sports,19.44
P239790,Toys,17.08
P240263,Toys,14.42
P214422,Fashion,137.53
P241474,Electronics,135.24
P240100,Toys,30.61
P205416,Fashion,36.82
P215251,Home,282.51
P227074,Fashion,102.33
P246540,Electronics,457.3
P212164,Grocery,2.41
P202468,Electronics,106.74
P243655,Toys,19.61
P223555,Fashion,44.39
P211944,Grocery,11.83
P200315,Sports,96.98
P236757,Sports,56.89
P233298,Fashion,16.6
P224268,Beauty,20.91
P243362,Fashion,38.61
P204757,Toys,8.33
P240640,Beauty,4.29
P229967,Grocery,11.54
P225795,Beauty,21.79
P228798,Home,28.89
P242726,Electronics,352.75
P233835,Grocery,8.23
P231461,Grocery,14.96
P233495,Beauty,56.64
P216627,Home,58.58
P226361,Fashion,25.98
P200711,Fashion,60.54
P211085,Beauty,75.99
P227726,Electronics,266.38
P207924,Grocery,3.44
P215549,Electronics,938.37
P208462,Sports,72.39
P242757,Fashion,35.36
P202560,Fashion,43.16
P221523,Beauty,10.13
P219944,Toys,32.2
P202177,Sports,110.75
P249989,Fashion,157.33
P220098,Fashion,16.21
P235846,Toys,20.98
P242736,Sports,231.39
P232447,Fashion,6.52
P221416,Toys,30.13
P214120,Fashion,52.97
P202948,Home,133.15
P202520,Fashion,107.37
P207269,Electronics,339.61
P226961,Home,175.7
P213336,Electronics,387.23
P245198,Home,19.49
P214020,Sports,21.77
P243478,Electronics,415.98
P216746,Fashion,6.32
P202256,Home,205.0
P240120,Electronics,123.75
P227712,Electronics,316.46
P212836,Home,39.57
P225711,Beauty,7.74
P204358,Toys,10.0
P211339,Grocery,34.51
P232039,Toys,7.34
P221245,Fashion,7.45
P247251,Sports,220.35
P217259,Beauty,17.16
P207129,Home,137.77
P248789,Grocery,29.57
P242112,Sports,148.57
P240573,Sports,166.56
P241588,Electronics,262.58
P211211,Toys,24.87
P230197,Toys,67.25
P215628,Fashion,113.43
P226300,Fashion,51.6
P245708,Electronics,79.0
P247092,Electronics,1316.59
P217512,Sports,35.13
P220945,Fashion,27.0
P241723,Grocery,2.99
P233787,Toys,5.58
P221408,Fashion,83.1
P235609,Electronics,111.14
P211139,Electronics,200.26
P238245,Home,166.21
P241634,Grocery,14.59
P217610,Grocery,17.98
P228952,Toys,27.52
P213568,Beauty,3.07
P224899,Toys,24.69
P212002,Fashion,8.15
P207529,Sports,64.78
P218069,Grocery,2.08
P248478,Electronics,118.82
P203712,Fashion,38.08
P239826,Fashion,5.59
P219328,Electronics,82.44
P217711,Fashion,9.36
P205906,Home,27.51
P229107,Grocery,1.67
P217813,Toys,20.62
P209153,Grocery,3.59
P246213,Electronics,695.09
P231679,Electronics,752.35
P229588,Electronics,431.72
P248096,Grocery,1.88
P223770,Electronics,772.14
P218852,Beauty,16.29
P247422,Fashion,14.82
P230907,Electronics,188.36
P230171,Sports,79.36
P215448,Fashion,71.81
P203966,Fashion,10.24
P241876,Home,34.46
P221401,Sports,350.2
P221539,Home,174.61
P234018,Grocery,4.46
P204688,Home,122.29
P220457,Fashion,15.24
P236555,Beauty,52.14
P241899,Home,88.38
P231379,Toys,34.34
P210470,Grocery,48.04
P238426,Toys,79.82
P209193,Home,29.49
P234980,Fashion,147.43
P239635,Grocery,5.15
P239731,Home,68.68
P222077,Toys,3.28
P244097,Grocery,14.66
P209295,Home,207.6
P214735,Sports,297.49
P247011,Fashion,32.48
P245185,Home,78.9
P203032,Fashion,55.11
P243773,Electronics,407.77
P236671,Beauty,17.44
P245019,Beauty,64.68
P229897,Toys,3.05
P236438,Fashion,16.46
P221902,Home,261.1
P236091,Beauty,12.8
P207120,Toys,47.22
P207859,Fashion,34.45
P232867,Beauty,32.72
P230611,Home,178.87
P245477,Sports,237.07
P206786,Toys,4.62
P233461,Fashion,48.85
P221185,Sports,270.11
P240977,Beauty,3.77
P219154,Fashion,15.51
P220859,Electronics,136.54
P204209,Electronics,230.14
P214846,Toys,53.62
P218003,Toys,9.63
P242856,Fashion,42.88
P218900,Grocery,3.66
P212380,Sports,121.59
P209707,Electronics,817.83
P224379,Home,24.0
P225068,Electronics,178.48
P206906,Fashion,181.87
P215895,Home,43.59
P219420,Grocery,1.81
P214323,Home,52.4
P232934,Home,99.92
P207348,Toys,8.16
P200575,Fashion,21.21
P239939,Beauty,46.62
P215748,Fashion,76.61
P203343,Home,59.02
P242115,Electronics,187.46
P225391,Toys,70.75
P242495,Fashion,182.77
P243693,Fashion,142.67
P240747,Beauty,27.23
P209154,Sports,46.25
P221555,Electronics,1184.22
P226623,Electronics,491.34
P238177,Toys,26.43
P237309,Sports,167.1
P220244,Toys,19.95
P227927,Sports,96.07
P217265,Home,31.51
P206909,Beauty,17.14
P214236,Electronics,733.21
P231365,Home,77.61
P226125,Sports,221.0
P210929,Beauty,12.36
P231411,Fashion,6.95
P235584,Electronics,176.1
P206411,Grocery,5.59
P231602,Grocery,2.09
P248489,Fashion,61.22
P249559,Electronics,212.01
P207204,Electronics,1017.52
P218899,Fashion,66.27
P224517,Fashion,33.76
P234507,Fashion,53.53
P204052,Toys,3.34
P249410,Sports,97.47
P238554,Electronics,406.55
P212013,Sports,21.04
P245364,Beauty,31.1
P247213,Sports,74.23
P236494,Electronics,467.89
P200678,Electronics,244.18
P230352,Electronics,136.78
P245797,Grocery,5.66
P209098,Sports,141.84
P208459,Home,19.7
P238894,Toys,38.14
P227679,Fashion,47.91
P232666,Grocery,18.09
P213227,Sports,51.41
P204906,Beauty,9.17
P207898,Toys,34.11
P233884,Grocery,3.39
P206344,Toys,8.6
P241858,Fashion,26.27
P227366,Fashion,16.2
P245980,Electronics,842.22
P246846,Fashion,6.35
P210836,Fashion,84.99
P217442,Electronics,222.07
P249839,Fashion,93.92
P241747,Toys,4.54
P212686,Electronics,406.8
P243604,Electronics,204.55
P210356,Electronics,609.14
P241163,Toys,39.44
P227793,Home,37.59
P202491,Grocery,9.58
P221206,Grocery,12.88
P213928,Grocery,11.34
P239772,Electronics,144.26
P211560,Home,51.89
P207011,Grocery,26.72
P222084,Electronics,60.81
P244518,Beauty,10.46
P228633,Fashion,17.41
P204862,Home,70.97
P238118,Grocery,16.26
P212682,Beauty,21.62
P211703,Sports,139.22
P242379,Beauty,43.97
P215096,Toys,5.43
P214106,Grocery,2.51
P200355,Grocery,5.72
P208432,Toys,36.57
P215700,Home,112.74
P225196,Electronics,100.09
P231650,Electronics,108.11
P246618,Fashion,117.37
P217238,Fashion,27.48
P244703,Electronics,145.79
P227776,Fashion,63.18
P220008,Beauty,17.31
P215379,Electronics,558.97
P242020,Sports,65.28
P208573,Fashion,62.81
P222415,Sports,94.1
P222566,Grocery,30.61
P201132,Electronics,177.76
P234847,Electronics,643.21
P200944,Fashion,50.99
P205840,Grocery,9.12
P239442,Beauty,4.24
P243489,Fashion,95.01
P245261,Grocery,32.7
P244278,Toys,13.75
P233602,Sports,34.72
P220134,Grocery,14.72
P204184,Toys,4.55
P227963,Fashion,7.05
P207178,Beauty,11.39
P205168,Toys,24.4
P232654,Fashion,87.75
P208146,Electronics,999.5
P246652,Fashion,44.49
P205290,Electronics,892.96
P224549,Toys,5.19
P214844,Toys,14.04
P228882,Electronics,233.15
P240919,Sports,62.17
P200028,Beauty,68.43
P218244,Fashion,98.08
P207934,Fashion,82.74
P229845,Fashion,21.57
P235340,Sports,50.72
P240819,Fashion,82.55
P220398,Electronics,212.16
P230061,Grocery,51.67
P202127,Sports,54.55
P210083,Home,34.5
P219091,Grocery,35.99
P215877,Sports,96.07
P234581,Fashion,101.12
P212519,Fashion,151.75
P207816,Toys,40.86
P208351,Toys,48.19
P215648,Fashion,20.56
P244002,Electronics,282.4
P227461,Fashion,82.99
P241264,Toys,16.68
P244901,Electronics,383.7
P241359,Sports,261.92
P244480,Grocery,5.61
P239017,Electronics,301.95
P215441,Toys,18.3
P239253,Electronics,194.81
P209177,Sports,55.16
P234573,Toys,30.82
P221431,Home,359.23
P221924,Fashion,54.38
P234864,Grocery,9.81
P212493,Electronics,501.01
P205337,Beauty,153.03
P216035,Home,21.32
P223318,Home,148.82
P242305,Beauty,22.9
P241190,Beauty,26.08
P203782,Fashion,6.13
P213798,Sports,316.42
P219884,Electronics,79.01
P209074,Electronics,169.41
P226907,Beauty,35.36
P221989,Fashion,59.65
P239187,Beauty,4.56
P208624,Home,31.35
P207889,Fashion,23.87
P227256,Sports,129.75
P210455,Grocery,35.87
P247200,Home,59.91
P221622,Fashion,27.92
P226988,Toys,18.94
P207570,Sports,107.23
P245452,Fashion,109.16
P241277,Home,223.18
P247485,Electronics,2143.4
P206285,Sports,62.33
P228994,Fashion,80.22
P236642,Sports,281.52
P223014,Electronics,53.39
P204973,Fashion,109.08
P204774,Home,105.75
P215519,Home,71.85
P247117,Home,43.04
P220580,Fashion,87.73
P223099,Beauty,14.08
P246390,Grocery,13.22
P237484,Electronics,282.95
P242588,Sports,40.03
P203234,Sports,162.21
P206494,Beauty,15.91
P214239,Toys,2.6
P204498,Fashion,76.71
P244198,Beauty,59.24
P205267,Home,26.8
P212546,Home,125.87
P224479,Electronics,74.2
P236437,Fashion,92.09
P209657,Fashion,222.29
P234729,Grocery,5.95
P246708,Fashion,96.9
P228645,Grocery,8.85
P212093,Sports,35.42
P208734,Grocery,13.6
P203516,Electronics,352.97
P215032,Toys,8.0
P220883,Toys,6.67
P225594,Electronics,237.61
P240001,Electronics,244.78
P226004,Fashion,11.76
P213170,Fashion,20.88
P238715,Grocery,3.3
P217842,Toys,3.52
P240163,Toys,43.5
P226075,Home,108.82
P203172,Electronics,884.34
P236195,Home,69.87
P240566,Grocery,16.97
P207736,Electronics,411.99
P248258,Home,596.2
P231268,Toys,2.93
P243475,Sports,69.76
P219348,Electronics,1145.76
P236081,Toys,35.37
P247823,Grocery,6.46
P241641,Electronics,59.6
P224854,Beauty,11.06
P237226,Fashion,11.49
P218032,Electronics,231.81
P229272,Home,379.39
P242118,Sports,80.67
P240952,Grocery,8.81
P248633,Beauty,8.95
P235109,Toys,21.1
P234606,Electronics,247.49
P205538,Fashion,77.84
P244237,Grocery,10.56
P230792,Fashion,80.12
P205477,Beauty,6.84
P209363,Home,29.25
P212264,Home,13.25
P246304,Toys,11.06
P211819,Sports,15.52
P212191,Fashion,34.39
P206499,Fashion,18.58
P244847,Fashion,38.91
P217668,Toys,5.39
P208762,Home,114.9
P231292,Grocery,45.69
P238813,Fashion,45.86
P244944,Toys,32.51
P211333,Home,10.74
P230652,Fashion,21.32
P241406,Home,581.58
P213070,Grocery,21.09
P225856,Home,22.46
P231628,Sports,48.86
P237807,Home,86.31
P248033,Toys,19.35
P235741,Electronics,281.22
P204626,Fashion,21.8
P249270,Home,64.45
P240767,Fashion,10.97
P202292,Toys,14.07
P230585,Toys,30.03
P216807,Beauty,32.12
P203819,Fashion,58.12
P224087,Fashion,105.02
P245450,Fashion,24.86
P247553,Fashion,16.88
P201280,Sports,19.21
P213241,Home,33.85
P242779,Sports,25.91
P214147,Home,330.75
P219816,Electronics,114.7
P249914,Home,22.99
P201629,Sports,60.27
P238267,Fashion,14.14
P208634,Sports,23.76
P203014,Fashion,27.13
P210773,Electronics,868.37
P225555,Toys,36.19
P241421,Home,47.04
P219936,Electronics,239.08
P227332,Beauty,5.54
P244588,Home,218.77
P227077,Fashion,70.57
P207637,Toys,4.7
P224955,Electronics,1010.63
P220880,Grocery,12.76
P246158,Fashion,83.68
P216155,Home,200.0
P203060,Grocery,10.64
P246465,Toys,29.07
P248081,Electronics,138.25
P240278,Beauty,3.53
P202950,Fashion,25.58
P247155,Home,31.79
P223802,Sports,400.14
P206063,Home,348.66
P214205,Electronics,100.58
P244690,Beauty,13.33
P213057,Home,119.68
P220240,Electronics,417.93
P234250,Grocery,1.32
P235313,Sports,11.23
P236988,Fashion,14.64
P212491,Grocery,17.68
P233410,Grocery,4.62
P213332,Electronics,871.58
P220302,Sports,18.04
P206504,Fashion,180.9
P228425,Beauty,8.89
P249206,Toys,62.16
P247395,Electronics,60.02
P229746,Grocery,10.47
P217225,Toys,16.71
P230973,Fashion,57.26
P237355,Sports,86.9
P219290,Beauty,32.93
P242954,Fashion,35.86
P210124,Toys,14.5
P237824,Electronics,1036.34
P202272,Toys,32.2
P206141,Sports,208.66
P224678,Fashion,47.74
P209161,Fashion,80.89
P201071,Home,58.77
P217120,Fashion,14.87
P225941,Electronics,436.49
P239144,Electronics,897.05
P224133,Toys,2.85
P203630,Electronics,517.98
P200227,Grocery,1.38
P248110,Home,90.79
P214008,Electronics,218.9
P240761,Electronics,117.22
P214675,Electronics,1288.54
P201619,Electronics,324.53
P212885,Electronics,94.46
P202204,Home,16.5
P240510,Toys,7.49
P211694,Fashion,43.03
P244586,Sports,147.11
P240342,Toys,79.9
P209373,Grocery,24.64
P211448,Electronics,357.67
P231210,Electronics,289.94
P225410,Fashion,33.03
P202764,Home,35.71
P243369,Fashion,24.98
P211467,Beauty,97.28
P227095,Home,100.87
P243179,Electronics,668.28
P232463,Beauty,38.17
P239007,Sports,48.8
P247711,Sports,106.7
P213617,Grocery,3.7
P228304,Toys,3.07
P203329,Fashion,230.68
P231193,Fashion,70.71
P211563,Grocery,36.16
P208805,Toys,12.99
P225264,Sports,204.35
P209089,Fashion,80.97
P213639,Toys,7.88
P224685,Electronics,367.05
P248256,Fashion,22.89
P211110,Fashion,18.11
P233928,Beauty,5.09
P244941,Home,113.15
P221128,Home,75.61
P240099,Beauty,5.26
P247566,Fashion,68.13
P224419,Sports,36.38
P201527,Toys,63.39
P215220,Home,208.09
P223702,Sports,170.9
P242873,Beauty,3.09
P227757,Electronics,1296.96
P246664,Home,620.28
P213085,Electronics,280.0
P215205,Sports,423.08
P220994,Home,134.7
P230945,Electronics,96.75
P220634,Beauty,44.24
P242966,Grocery,11.75
P230569,Fashion,25.6
P230175,Grocery,4.55
P245166,Grocery,10.63
P206626,Toys,25.14
P235623,Toys,43.21
P203964,Home,130.2
P247377,Home,80.66
P247258,Grocery,14.17
P218058,Home,100.47
P225766,Electronics,393.05
P246098,Electronics,355.17
P235160,Sports,388.41
P216262,Home,138.18
P247672,Toys,45.84
P234689,Home,331.54
P228965,Beauty,6.72
P204433,Fashion,145.65
P218211,Electronics,1094.26
P210691,Home,37.75
P233484,Sports,42.12
P249782,Fashion,81.9
P221244,Toys,39.6
P224660,Electronics,255.87
P236536,Electronics,415.94
P235475,Toys,42.12
P230084,Fashion,65.78
P248919,Sports,26.73
P224802,Electronics,454.55
P242267,Electronics,106.26
P249074,Beauty,28.98
P220614,Fashion,24.95
P205033,Electronics,68.88
P204386,Home,43.81
P212150,Fashion,36.06
P246881,Toys,7.81
P248742,Beauty,97.4
P230408,Fashion,27.27
P207675,Home,433.85
P218251,Electronics,100.11
P223349,Fashion,91.75
P215826,Home,162.6
P245609,Beauty,39.66
P209124,Electronics,93.22
P206588,Toys,33.55
P230943,Electronics,167.22
P248590,Toys,27.92
P228034,Electronics,327.07
P222151,Grocery,16.2
P249618,Home,138.4
P232400,Beauty,43.74
P213536,Toys,46.24
P226074,Fashion,29.48
P208809,Grocery,4.65
P215115,Home,231.35
P245513,Sports,345.48
P219071,Electronics,120.63
P238100,Sports,70.2
P223190,Electronics,528.12
P221440,Sports,109.39
P226080,Fashion,87.97
P244927,Home,12.14
P232947,Electronics,837.48
P207996,Beauty,4.55
P243545,Fashion,33.99
P238232,Sports,268.99
P235860,Sports,225.58
P205527,Beauty,21.89
P244559,Electronics,792.55
P213727,Sports,116.36
P223849,Toys,13.22
P202719,Fashion,14.54
P248680,Electronics,71.89
P248235,Electronics,202.14
P212924,Grocery,32.48
P209215,Toys,4.46
P249303,Fashion,5.33
P224588,Grocery,37.01
P225290,Electronics,295.46
P248009,Sports,90.41
P231912,Toys,25.69
P201144,Home,240.86
P237302,Home,203.79
P201006,Electronics,317.34
P211490,Sports,53.18
P227044,Sports,43.04
P207099,Home,35.48
P223500,Fashion,26.48
P245079,Fashion,47.29
P200537,Sports,97.08
P248697,Sports,123.1
P211016,Toys,43.6
P235453,Toys,22.75
P201980,Sports,28.43
P233307,Electronics,121.25
P223430,Toys,48.95
P244844,Electronics,322.52
P228629,Grocery,25.86
P227775,Toys,7.25
P240029,Beauty,33.32
P230398,Fashion,69.68
P241988,Beauty,43.63
P200051,Sports,85.4
P224818,Sports,165.12
P201686,Electronics,940.57
P219205,Toys,64.06
P222947,Sports,23.18
P208096,Electronics,368.17
P242800,Fashion,10.92
P208616,Home,346.88
P208545,Electronics,275.01
P236458,Electronics,1095.27
P200716,Electronics,436.92
P223667,Home,124.46
P229200,Fashion,30.67
P204575,Sports,336.28
P220956,Sports,31.58
P210670,Toys,33.9
P215637,Beauty,14.22
P216346,Beauty,37.28
P226940,Home,33.54
P233405,Beauty,14.45
P209491,Sports,90.13
P212631,Electronics,269.63
P221934,Toys,29.43
P227182,Home,81.06
P208903,Beauty,19.64
P227186,Beauty,23.15
P211725,Toys,92.54
P212070,Home,225.5
P236109,Home,15.35
P216068,Fashion,80.26
P205550,Electronics,277.21
P218167,Fashion,17.89
P225443,Electronics,674.24
P214688,Toys,8.2
P249619,Toys,9.6
P238351,Fashion,8.2
P229548,Electronics,1284.65
P222289,Home,31.1
P218160,Toys,15.23
P233849,Home,64.06
P246205,Toys,2.65
P236852,Home,250.81
P245021,Grocery,58.11
P240396,Electronics,140.27
P206195,Home,168.27
P224286,Beauty,16.83
P233581,Fashion,97.22
P212138,Toys,2.16
P226719,Grocery,9.63
P233040,Toys,13.22
P248450,Home,164.63
P220028,Grocery,4.58
P216192,Sports,28.71
P218100,Fashion,56.71
P206276,Electronics,383.17
P227551,Sports,147.02
P206828,Sports,37.88
P213654,Beauty,54.53
P200203,Grocery,4.04
P220129,Fashion,31.61
P206614,Fashion,36.08
P247567,Grocery,3.73
P233264,Electronics,289.1
P212989,Grocery,33.35
P201579,Home,106.73
P204876,Electronics,169.98
P240618,Electronics,1333.41
P205328,Sports,21.39
P248968,Home,30.26
P211696,Sports,89.15
P236147,Beauty,30.02
P216119,Grocery,11.88
P224017,Sports,242.02
P248780,Grocery,6.88
P226204,Fashion,66.26
P219562,Sports,40.7
P224428,Beauty,31.05
P223147,Fashion,69.32
P217453,Home,385.91
P247180,Fashion,61.09
P233960,Fashion,167.36
P217197,Home,310.59
P233920,Grocery,2.48
P216651,Fashion,25.99
P220055,Toys,2.54
P202812,Fashion,35.93
P230445,Grocery,3.11
P245640,Fashion,6.83
P206562,Home,87.53
P207013,Electronics,135.95
P205177,Grocery,37.05
P220469,Grocery,23.05
P249535,Toys,63.51
P231229,Electronics,743.08
P229101,Grocery,18.14
P227987,Grocery,12.99
P223105,Home,18.91
P223467,Sports,40.38
P217433,Grocery,17.33
P218217,Home,77.52
P231308,Electronics,177.91
P208989,Toys,4.16
P237235,Home,19.58
P219359,Grocery,4.1
P205155,Beauty,47.08
P246904,Electronics,403.51
P207961,Home,64.9
P223983,Sports,16.19
P207186,Electronics,117.83
P207506,Home,88.69
P241026,Electronics,104.05
P246070,Sports,151.4
P248951,Grocery,21.46
P230225,Beauty,6.61
P227597,Home,104.53
P206770,Beauty,83.37
P209893,Beauty,40.95
P225154,Sports,96.55
P240755,Sports,29.38
P239933,Grocery,30.5
P213514,Toys,18.11
P231358,Electronics,327.4
P237273,Grocery,5.26
P227456,Grocery,23.01
P223631,Home,271.09
P206256,Home,86.76
P215156,Electronics,114.16
P211908,Grocery,4.59
P224435,Grocery,6.39
P204284,Home,315.82
P230432,Electronics,369.78
P214438,Toys,19.44
P234922,Home,396.16
P214227,Fashion,5.8
P214265,Electronics,93.15
P228565,Electronics,633.75
P232588,Grocery,20.35
P241958,Grocery,3.07
P232074,Electronics,298.11
P217105,Fashion,10.68
P225790,Beauty,7.65
P223358,Electronics,140.13
P230944,Electronics,816.02
P222187,Fashion,27.38
P228155,Grocery,19.29
P224512,Toys,29.22
P215907,Sports,169.99
P214469,Sports,19.92
P247196,Beauty,10.13
P214410,Beauty,104.21
P243763,Sports,195.38
P237580,Electronics,1901.68
P208650,Fashion,141.02
P248826,Grocery,6.87
P226277,Fashion,144.73
P202456,Fashion,24.71
P216590,Home,151.76
P227892,Fashion,88.94
P217740,Electronics,206.4
P245728,Fashion,16.21
P211788,Sports,231.52
P223845,Fashion,10.36
P207156,Sports,54.65
P247033,Electronics,302.78
P208151,Electronics,580.88
P226515,Toys,41.95
P210987,Toys,16.09
P212560,Sports,93.77
P247767,Fashion,35.94
P206823,Toys,18.11
P239644,Electronics,56.05
P228365,Toys,61.36
P238741,Beauty,23.49
P208282,Sports,137.87
P241435,Sports,38.02
P208056,Home,150.73
P234814,Fashion,35.3
P221691,Sports,21.73
P240504,Toys,36.87
P228601,Home,18.67
P221013,Fashion,29.35
P235513,Beauty,11.1
P223407,Electronics,286.09
P202639,Beauty,29.17
P221320,Grocery,4.74
P200076,Toys,6.93
P206473,Fashion,68.18
P210622,Electronics,1264.94
P218808,Toys,59.53
P205296,Beauty,41.47
P222951,Electronics,72.7
P222470,Grocery,4.57
P200405,Home,164.05
P215345,Home,75.87
P200397,Toys,62.42
P214665,Electronics,79.33
P214560,Fashion,102.11
P226376,Fashion,7.54
P219857,Toys,10.11
P232506,Toys,17.94
P242768,Home,68.02
P237757,Sports,319.77
P220310,Home,102.42
P218328,Beauty,35.43
P241397,Grocery,16.94
P238159,Beauty,47.16
P232990,Grocery,27.26
P207830,Sports,71.75
P248998,Electronics,696.03
P236768,Toys,22.84
P219048,Electronics,426.53
P246255,Beauty,7.66
P221748,Beauty,9.89
P205393,Grocery,16.32
P223885,Fashion,20.18
P200603,Toys,15.24
P206295,Grocery,9.86
P241148,Electronics,136.65
P207103,Grocery,12.01
P225251,Fashion,45.79
P249789,Electronics,94.89
P214546,Grocery,7.32
P215456,Home,69.97
P218228,Beauty,23.23
P200046,Fashion,5.9
P200819,Sports,23.98
P236575,Electronics,166.85
P219406,Fashion,86.76
P201080,Grocery,9.62
P203146,Grocery,10.42
P211926,Home,79.3
P247940,Home,509.91
P215287,Toys,47.02
P239509,Electronics,470.6
P234985,Electronics,177.3
P202886,Grocery,10.49
P213344,Home,163.96
P222018,Electronics,213.09
P241755,Electronics,291.58
P207293,Grocery,3.07
P203006,Home,22.94
P239726,Electronics,109.51
P224356,Grocery,19.55
P243349,Toys,6.14
P236911,Electronics,890.63
P214699,Beauty,14.26
P228434,Fashion,14.1
P217602,Beauty,45.74
P240786,Fashion,34.99
P209952,Fashion,29.18
P230489,Beauty,12.83
P232905,Home,153.38
P246924,Electronics,302.83
P213381,Grocery,9.3
P213893,Electronics,242.55
P228130,Beauty,6.75
P230415,Electronics,621.85
P249128,Sports,267.16
P219143,Electronics,576.67
P249922,Sports,362.28
P200388,Fashion,52.4
P212116,Beauty,39.45
P239780,Fashion,65.49
P245394,Sports,111.01
P249747,Electronics,163.35
P208627,Fashion,112.08
P229048,Electronics,114.48
P234750,Electronics,103.57
P227014,Fashion,21.44
P247584,Electronics,196.31
P211060,Toys,17.84
P208209,Toys,3.5
P238197,Electronics,125.88
P212158,Electronics,278.65
P218076,Electronics,143.85
P204376,Beauty,53.65
P223948,Beauty,19.51
P218079,Beauty,3.01
P213978,Electronics,685.86
P212705,Toys,14.15
P221831,Grocery,16.78
P243629,Home,374.96
P210248,Grocery,1.97
P246988,Beauty,6.19
P223633,Sports,142.74
P229503,Home,28.23
P207461,Grocery,10.15
P212821,Home,174.25
P219870,Fashion,30.64
P213410,Sports,127.94
P222185,Grocery,40.45
P219133,Beauty,3.7
P224169,Grocery,15.65
P223359,Fashion,41.36
P227400,Grocery,4.15
P211179,Fashion,94.23
P236343,Home,126.4
P235495,Sports,11.44
P214760,Grocery,15.45
P226439,Grocery,8.7
P226929,Toys,26.5
P206291,Electronics,124.38
P227472,Electronics,148.06
P229403,Home,31.73
P202501,Toys,11.95
P243040,Electronics,813.99
P201755,Sports,58.38
P236158,Beauty,11.33
P205816,Sports,129.57
P217600,Home,278.23
P232616,Sports,37.54
P211223,Fashion,22.88
P246597,Grocery,4.74
P224966,Fashion,36.49
P207688,Grocery,1.91
P239268,Electronics,694.22
P239484,Home,283.1
P227553,Fashion,60.62
P203746,Grocery,5.75
P218579,Grocery,3.4
P213014,Fashion,64.0
P248443,Fashion,10.35
P241961,Sports,62.07
P236397,Grocery,2.22
P207766,Sports,64.67
P206147,Toys,4.84
P247881,Electronics,60.63
P247210,Sports,68.74
P247178,Sports,92.46
P201063,Fashion,33.45
P208830,Toys,5.81
P243702,Grocery,2.06
P209334,Grocery,2.78
P210312,Fashion,68.85
P225127,Fashion,5.79
P236043,Home,272.03
P200976,Electronics,645.77
P245151,Grocery,28.97
P244174,Electronics,735.71
P211739,Toys,23.66
P215604,Beauty,35.11
P214612,Electronics,165.98
P249102,Fashion,74.18
P239170,Home,135.87
P245101,Sports,12.74
P200345,Toys,32.35
P237710,Electronics,715.17
P219326,Electronics,286.83
P203770,Toys,12.96
P244121,Fashion,67.38
P208424,Fashion,16.93
P211990,Electronics,533.25
P228722,Electronics,148.52
P232137,Electronics,694.89
P215573,Sports,384.71
P216834,Beauty,12.44
P209554,Grocery,35.62
P233118,Toys,18.43
P227272,Toys,7.9
P242268,Beauty,17.76
P236772,Toys,33.66
P211117,Fashion,59.01
P221062,Fashion,38.57
P216628,Grocery,4.92
P213015,Sports,137.23
P245639,Toys,9.9
P215162,Fashion,72.55
P249592,Fashion,45.19
P244505,Beauty,8.04
P209659,Beauty,31.47
P228917,Grocery,9.58
P206643,Electronics,348.59
P218358,Electronics,391.63
P233317,Toys,41.69
P247220,Grocery,30.21
P232493,Home,163.59
P218321,Toys,70.3
P215718,Home,48.74
P236356,Home,152.11
P235304,Fashion,122.94
P222172,Fashion,26.85
P208298,Beauty,10.54
P220195,Electronics,1153.81
P235469,Electronics,522.8
P210411,Beauty,23.18
P207825,Grocery,4.52
P231238,Grocery,5.45
P204090,Toys,7.17
P223340,Home,102.65
P227151,Fashion,9.02
P243327,Home,300.26
P209252,Electronics,535.37
P235314,Beauty,14.77
P203736,Electronics,95.35
P247368,Toys,102.53
P201672,Fashion,45.74
P200401,Fashion,32.04
P215322,Grocery,3.92
P225177,Electronics,123.83
P211191,Home,219.44
P237081,Electronics,288.46
P244412,Beauty,77.96
P249239,Fashion,367.77
P249071,Toys,86.8
P239047,Sports,167.91
P231513,Fashion,29.38
P202967,Fashion,17.48
P237018,Sports,20.71
P224795,Sports,15.25
P203238,Electronics,608.76
P208513,Fashion,148.11
P202738,Fashion,77.81
P204936,Fashion,74.97
P201568,Sports,119.38
P243282,Toys,7.85
P230860,Fashion,70.98
P246815,Electronics,101.34
P204720,Electronics,162.9
P240725,Beauty,24.83
P243923,Fashion,43.13
P208544,Fashion,64.95
P225604,Electronics,334.2
P239293,Toys,3.0
P216083,Beauty,96.18
P207935,Electronics,518.57
P230029,Toys,43.77
P226585,Sports,170.21
P223449,Fashion,137.69
P206737,Toys,83.43
P235308,Fashion,9.03
P220203,Toys,5.39
P229059,Electronics,1556.37
P225448,Home,55.74
P217218,Electronics,606.95
P219708,Sports,17.58
P202986,Home,169.14
P247726,Electronics,951.84
P224317,Fashion,69.14
P225382,Grocery,1.56
P206485,Toys,13.77
P230504,Fashion,26.02
P223528,Grocery,12.13
P211772,Beauty,16.7
P210152,Electronics,157.14
P212531,Beauty,29.51
P230078,Home,59.07
P238635,Toys,39.4
P225919,Fashion,24.18
P237394,Toys,36.39
P235030,Sports,180.21
P202414,Fashion,48.37
P210353,Grocery,7.29
P215559,Beauty,23.0
P212312,Grocery,25.95
P227557,Fashion,17.14
P238008,Grocery,2.72
P214053,Toys,19.16
P241817,Grocery,12.24
P237890,Fashion,22.06
P218876,Electronics,80.13
P248381,Electronics,95.54
P208211,Fashion,91.64
P213515,Grocery,9.22
P241765,Sports,20.34
P216335,Fashion,165.61
P202175,Grocery,4.1
P202405,Sports,47.48
P207341,Grocery,48.33
P224284,Grocery,3.63
P228002,Sports,350.72
P225456,Fashion,67.98
P226260,Grocery,8.33
P243924,Fashion,49.43
P217989,Toys,34.12
P218941,Electronics,71.09
P225019,Beauty,44.13
P215779,Home,474.45
P218426,Fashion,32.6
P230183,Electronics,119.05
P200778,Toys,4.27
P235927,Electronics,188.39
P206395,Toys,4.75
P234514,Beauty,9.39
P205974,Beauty,29.03
P205150,Toys,12.57
P212132,Home,314.52
P249572,Fashion,35.65
P242811,Electronics,104.39
P218492,Beauty,6.66
P237442,Beauty,31.94
P236764,Fashion,54.41
P222466,Beauty,33.15
P209550,Home,64.46
P235394,Toys,50.49
P233258,Beauty,5.96
P209487,Grocery,1.44
P230931,Grocery,15.88
P219755,Beauty,19.67
P213684,Beauty,4.09
P226748,Home,25.97
P211366,Home,38.61
P231863,Grocery,14.41
P228329,Fashion,58.48
P248674,Electronics,417.2
P244789,Beauty,3.62
P226525,Fashion,55.68
P236148,Home,48.15
P238457,Beauty,23.74
P240241,Toys,27.04
P201676,Home,54.71
P205282,Toys,51.02
P226222,Toys,39.16
P209431,Fashion,48.48
P233370,Beauty,5.78
P201937,Grocery,14.97
P224505,Toys,21.1
P239580,Grocery,8.21
P229255,Home,210.75
P213401,Toys,30.76
P238020,Grocery,6.01
P233147,Home,14.08
P225860,Fashion,19.68
P220131,Home,35.75
P205196,Toys,45.51
P221516,Toys,13.0
P222424,Fashion,43.78
P213881,Electronics,140.08
P230593,Home,28.09
P244887,Home,130.07
P241505,Electronics,158.26
P205259,Toys,53.98
P224850,Fashion,36.81
P244401,Sports,24.62
P231593,Electronics,57.83
P210461,Toys,7.2
P227684,Sports,47.91
P235690,Home,40.53
P229824,Beauty,14.15
P203387,Fashion,108.82
P214553,Toys,33.77
P242830,Toys,12.91
P206959,Electronics,819.9
P242715,Electronics,407.42
P229379,Beauty,7.42
P222674,Electronics,1092.09
P209559,Toys,5.31
P232252,Home,63.97
P226104,Fashion,194.49
P200551,Electronics,127.37
P200133,Grocery,14.13
P206607,Grocery,50.96
P211103,Electronics,429.5
P229858,Home,137.94
P239367,Fashion,44.86
P237892,Sports,87.17
P233828,Grocery,15.33
P214048,Toys,28.4
P230423,Sports,83.77
P218570,Sports,225.03
P219049,Toys,2.45
P235938,Sports,59.46
P210919,Fashion,52.14
P231680,Sports,11.88
P248351,Grocery,24.05
P236874,Home,42.55
P235046,Grocery,6.49
P217548,Grocery,26.59
P217001,Sports,38.09
P232699,Electronics,253.04
P228720,Home,89.53
P209990,Toys,82.57
P240140,Beauty,8.61
P234660,Toys,2.65
P221912,Fashion,38.45
P246130,Electronics,60.66
P226798,Grocery,9.0
P203808,Fashion,119.53
P209476,Sports,77.76
P216606,Sports,14.35
P228940,Electronics,149.78
P223337,Fashion,7.46
P223420,Fashion,110.09
P229590,Sports,37.0
P229056,Electronics,71.86
P201609,Home,449.67
P229297,Sports,75.66
P227866,Electronics,219.09
P233991,Electronics,900.97
P201907,Home,109.65
P214978,Fashion,21.25
P225938,Sports,164.39
P210943,Grocery,5.18
P205810,Electronics,240.09
P244929,Grocery,22.4
P246831,Home,362.87
P237705,Sports,101.56
P222132,Toys,15.82
P217615,Beauty,4.94
P245028,Electronics,361.93
P243518,Toys,16.21
P229954,Fashion,72.11
P200737,Beauty,28.04
P220820,Home,23.42
P248703,Fashion,29.89
P249681,Sports,26.11
P212321,Sports,34.48
P204418,Fashion,66.29
P242164,Home,324.3
P201986,Toys,15.89
P233114,Beauty,3.03
P238593,Grocery,1.46
P233983,Electronics,100.8
P246658,Grocery,20.98
P243728,Sports,32.15
P222182,Toys,4.11
P231989,Fashion,102.02
P233012,Home,44.16
P246887,Toys,15.73
P223442,Toys,10.16
P211243,Fashion,116.54
P200132,Fashion,64.98
P215556,Sports,69.49
P217754,Grocery,27.18
P233855,Home,180.81
P209839,Fashion,86.36
P242851,Grocery,51.0
P246183,Sports,32.33
P243220,Electronics,314.24
P213828,Sports,84.79
P241078,Fashion,104.98
P235671,Electronics,105.09
P223206,Beauty,16.56
P200894,Fashion,41.9
P222807,Home,19.15
P231143,Sports,25.73
P249514,Fashion,13.2
P209965,Electronics,344.59
P230412,Home,83.75
P232748,Sports,141.2
P241273,Grocery,22.39
P218090,Sports,33.2
P240102,Fashion,68.08
P228041,Fashion,8.23
P213374,Fashion,100.26
P215375,Fashion,13.33
P202393,Electronics,551.32
P211802,Grocery,2.35
P236462,Grocery,43.8
P214911,Beauty,17.74
P220064,Electronics,299.05
P210655,Toys,30.39
P241864,Electronics,142.97
P206410,Electronics,215.4
P236165,Fashion,8.57
P220381,Home,135.55
P245799,Fashion,83.97
P233678,Electronics,670.58
P222970,Electronics,299.8
P226321,Toys,30.55
P218507,Home,31.38
P218235,Fashion,71.88
P247683,Home,10.6
P212863,Electronics,120.43
P244725,Beauty,27.67
P201615,Fashion,24.0
P210582,Beauty,15.95
P227338,Beauty,45.85
P209397,Toys,18.65
P229655,Home,92.54
P239637,Grocery,25.84
P236080,Grocery,4.74
P208014,Beauty,21.69
P237787,Fashion,27.64
P243061,Sports,97.99
P221859,Beauty,23.75
P220053,Sports,83.78
P211222,Beauty,17.85
P218908,Home,327.59
P228693,Home,51.07
P223882,Electronics,234.95
P213603,Toys,6.67
P227883,Toys,9.94
P213340,Beauty,10.01
P218345,Electronics,449.64
P222687,Electronics,155.29
P229581,Electronics,1386.16
P237393,Fashion,21.44
P228197,Fashion,91.66
P208292,Fashion,22.02
P203448,Grocery,15.39
P219628,Fashion,45.1
P214678,Home,102.91
P238815,Grocery,21.82
P226477,Grocery,17.2
P201214,Fashion,125.72
P220010,Fashion,5.81
P240643,Home,53.88
P231564,Fashion,7.16
P246687,Sports,37.94
P247993,Fashion,59.33
P244583,Sports,97.22
P238247,Fashion,16.39
P225078,Beauty,8.05
P200172,Beauty,17.4
P217270,Sports,11.34
P228108,Electronics,50.77
P216044,Fashion,52.17
P206263,Fashion,24.35
P220752,Beauty,3.59
P211621,Electronics,250.14
P242369,Home,371.03
P207056,Electronics,145.63
P221337,Fashion,19.21
P232676,Home,31.16
P248446,Fashion,54.95
P201352,Sports,31.27
P205243,Fashion,57.86
P242459,Fashion,112.64
P245333,Sports,239.5
P219390,Grocery,11.6
P249974,Sports,115.84
P230847,Grocery,18.48
P219204,Fashion,138.89
P245291,Home,101.94
P217439,Fashion,24.07
P201254,Fashion,7.9
P208009,Sports,11.97
P204007,Grocery,1.87
P214992,Home,63.54
P240526,Electronics,919.24
P209723,Sports,74.9
P228104,Beauty,8.94
P214590,Sports,233.56
P215638,Sports,93.38
P245002,Grocery,7.08
P225548,Electronics,239.09
P240657,Fashion,69.37
P212016,Home,42.44
P248183,Grocery,3.14
P204744,Grocery,9.14
P242564,Fashion,50.69
P244733,Sports,162.9
P237055,Home,315.17
P233770,Grocery,19.82
P246357,Fashion,25.56
P230239,Electronics,472.38
P230465,Sports,242.59
P212922,Toys,26.13
P200084,Electronics,102.91
P245783,Grocery,2.07
P215373,Sports,87.18
P239962,Beauty,7.51
P238551,Toys,33.42
P238463,Home,71.97
P245125,Electronics,79.23
P249305,Beauty,10.45
P209653,Sports,121.09
P222798,Electronics,389.28
P223068,Fashion,19.97
P234787,Sports,51.04
P225673,Fashion,7.51
P200570,Grocery,6.22
P240690,Electronics,911.53
P216200,Fashion,87.67
P238921,Home,165.98
P219075,Home,94.5
P224053,Grocery,50.47
P210301,Sports,110.05
P237637,Fashion,54.95
P248359,Home,42.76
P203655,Electronics,168.9
P216347,Grocery,17.42
P222053,Fashion,9.3
P202492,Sports,45.44
P212304,Toys,21.01
P231403,Electronics,894.74
P248011,Beauty,46.74
P241542,Electronics,275.81
P237118,Toys,34.12
P210882,Home,117.78
P208511,Sports,34.88
P220699,Fashion,153.21
P221178,Electronics,346.34
P217821,Home,158.13
P247857,Home,450.14
P209231,Beauty,37.73
P216792,Grocery,29.23
P247931,Home,76.36
P248776,Fashion,8.38
P207346,Electronics,190.74
P240806,Grocery,7.21
P224124,Toys,9.05
P224048,Fashion,41.78
P221415,Fashion,15.49
P217511,Grocery,37.54
P241666,Beauty,61.33
P212031,Beauty,10.43
P211215,Sports,113.65
P211851,Toys,15.68
P233550,Grocery,4.79
P238068,Toys,46.72
P201178,Grocery,4.46
P202406,Toys,21.27
P246314,Electronics,182.76
P245220,Grocery,13.75
P219148,Electronics,630.88
P202724,Toys,2.22
P235303,Home,42.99
P210140,Fashion,87.81
P222684,Fashion,23.74
P224240,Electronics,175.18
P219530,Sports,68.72
P222962,Electronics,154.37
P201201,Grocery,22.67
P210011,Fashion,24.09
P235657,Toys,20.22
P249796,Electronics,244.9
P210551,Beauty,11.3
P220606,Fashion,20.16
P212664,Electronics,276.51
P248472,Sports,33.28
P204320,Grocery,6.58
P241456,Fashion,81.8
P242976,Sports,14.39
P208664,Toys,42.47
P242848,Fashion,7.39
P240693,Electronics,662.63
P201160,Electronics,385.82
P210714,Fashion,39.67
P204312,Electronics,100.89
P241155,Fashion,19.59
P220845,Home,164.26
P219150,Home,104.5
P222028,Home,28.83
P231309,Electronics,259.48
P237077,Fashion,48.87
P243348,Home,27.18
P227459,Sports,91.49
P221321,Home,117.79
P248500,Home,24.85
P234440,Sports,66.7
P242162,Electronics,125.69
P201455,Electronics,181.72
P214031,Fashion,146.6
P222929,Home,19.12
P239794,Grocery,3.42
P229237,Electronics,423.3
P248206,Fashion,90.49
P202471,Electronics,449.55
P241077,Grocery,32.69
P200367,Electronics,60.6
P203374,Fashion,12.1
P206773,Home,15.83
P222369,Electronics,787.03
P218581,Electronics,183.07
P247119,Fashion,159.92
P233668,Grocery,8.14
P216576,Home,34.85
P202770,Toys,24.49
P244308,Fashion,31.81
P237948,Electronics,56.38
P248076,Beauty,86.1
P239447,Toys,19.92
P214388,Electronics,196.4
P217034,Sports,14.2
P243278,Fashion,17.37
P230920,Toys,10.52
P235193,Beauty,82.02
P215011,Toys,45.17
P232347,Beauty,3.53
P231254,Toys,87.76
P233165,Fashion,19.61
P211106,Home,206.62
P221786,Electronics,90.29
P216944,Beauty,9.1
P208381,Beauty,20.25
P241164,Sports,129.58
P211207,Sports,51.67
P228715,Beauty,53.61
P203371,Electronics,965.42
P231359,Grocery,2.72
P235809,Electronics,462.05
P206844,Toys,4.78
P242665,Home,64.86
P221782,Toys,35.68
P249864,Home,63.98
P236224,Sports,243.98
P210876,Home,79.8
P223331,Sports,46.46
P237174,Fashion,227.29
P245933,Sports,67.28
P213144,Sports,99.97
P207649,Fashion,16.12
P236645,Fashion,39.11
P238419,Toys,3.58
P212818,Toys,26.26
P236880,Sports,81.96
P231773,Grocery,2.72
P237333,Electronics,523.1
P225130,Fashion,85.27
P226716,Fashion,70.08
P237745,Fashion,24.62
P231297,Fashion,68.15
P219062,Sports,94.77
P229492,Fashion,43.6
P241543,Fashion,56.44
P221325,Beauty,27.37
P210188,Fashion,83.92
P200841,Home,571.9
P210567,Electronics,471.08
P236806,Grocery,8.68
P208921,Toys,2.58
P204349,Beauty,7.27
P209655,Fashion,17.73
P214879,Sports,151.61
P204946,Grocery,3.01
P243127,Fashion,38.92
P223502,Electronics,128.07
P206657,Home,132.16
P248757,Toys,19.97
P213266,Home,280.47
P206240,Electronics,108.44
P221350,Grocery,10.06
P242353,Home,130.26
P232895,Electronics,185.37
P242342,Electronics,162.29
P229851,Electronics,129.13
P211920,Grocery,44.19
P214392,Toys,20.17
P214917,Electronics,167.56
P230643,Beauty,36.49
P229227,Beauty,11.37
P223251,Electronics,277.78
P224238,Home,13.47
P227723,Sports,194.33
P234973,Fashion,159.2
P228756,Toys,41.49
P243316,Electronics,616.97
P240835,Grocery,5.68
P211305,Fashion,9.6
P231722,Sports,198.48
P212148,Toys,4.44
P212901,Fashion,43.33
P210888,Fashion,28.18
P230099,Home,196.19
P242476,Beauty,36.86
P244253,Fashion,78.59
P220708,Grocery,1.86
P246885,Sports,202.2
P227621,Fashion,35.88
P230001,Sports,34.33
P214220,Toys,47.83
P224694,Fashion,5.3
P216221,Fashion,84.56
P239849,Electronics,887.23
P202371,Grocery,4.79
P237784,Fashion,89.86
P239070,Fashion,13.64
P239150,Home,12.15
P245375,Fashion,50.62
P244220,Fashion,56.09
P222836,Beauty,6.99
P227161,Electronics,283.48
P221180,Home,74.11
P215865,Home,20.44
P218825,Beauty,20.36
P227275,Fashion,48.26
P201017,Beauty,9.0
P220885,Electronics,487.52
P235815,Home,19.92
P246260,Fashion,44.37
P210260,Home,57.6
P246662,Home,85.42
P229230,Home,31.22
P224769,Fashion,111.9
P240159,Beauty,14.43
P232492,Fashion,39.23
P223507,Electronics,124.68
P243479,Fashion,125.76
P222679,Home,93.07
P203687,Toys,5.69
P249135,Home,223.69
P207864,Fashion,155.16
P206127,Grocery,27.82
P229473,Electronics,107.24
P249704,Electronics,502.65
P213834,Fashion,16.23
P228573,Sports,75.15
P237876,Fashion,59.57
P204266,Sports,23.05
P237713,Toys,20.29
P208985,Fashion,96.24
P222068,Home,40.87
P208366,Toys,15.58
P203848,Fashion,77.55
P230472,Grocery,20.31
P203456,Fashion,60.87
P219142,Electronics,362.58
P220139,Fashion,27.69
P220026,Home,104.79
P240887,Toys,39.8
P228777,Beauty,23.71
P242930,Home,568.39
P201660,Fashion,12.56
P224613,Sports,31.98
P229066,Fashion,27.34
P213208,Fashion,81.68
P243484,Toys,36.25
P245777,Fashion,6.58
P219960,Home,413.62
P230702,Home,280.54
P222842,Electronics,814.91
P211727,Fashion,28.25
P246689,Toys,15.51
P226804,Home,76.57
P213021,Electronics,93.82
P244001,Electronics,696.71
P219092,Electronics,332.81
P228915,Electronics,97.5
P245368,Home,288.15
P210501,Home,21.03
P243653,Home,176.66
P207476,Toys,22.38
P207931,Fashion,80.05
P213699,Fashion,45.9
P202804,Beauty,13.55
P248904,Electronics,154.25
P249993,Electronics,995.43
P238343,Electronics,239.18
P211775,Fashion,95.78
P243449,Beauty,34.46
P247686,Sports,114.97
P245874,Fashion,178.41
P231586,Fashion,45.98
P200607,Toys,27.97
P231629,Electronics,665.85
P214089,Grocery,74.75
P248336,Fashion,19.95
P229708,Electronics,444.03
P237025,Grocery,41.43
P248699,Fashion,75.81
P210223,Home,69.24
P222943,Grocery,12.62
P221515,Electronics,350.2
P229619,Home,214.18
P234132,Beauty,51.11
P200751,Home,22.35
P246005,Beauty,10.82
P247476,Grocery,6.54
P240313,Toys,2.26
P233973,Beauty,13.89
P209512,Electronics,292.21
P236655,Home,23.9
P234098,Electronics,223.69
P208622,Sports,99.47
P237451,Fashion,85.08
P236133,Fashion,30.52
P217647,Grocery,7.5
P220620,Home,15.03
P237067,Toys,3.7
P229675,Grocery,22.58
P201665,Sports,12.1
P249996,Fashion,51.79
P227618,Home,223.18
P227916,Fashion,39.33
P211681,Electronics,103.06
P216520,Sports,53.41
P222131,Fashion,34.4
P222878,Home,194.61
P211424,Fashion,87.35
P226796,Electronics,260.44
P209345,Fashion,58.58
P227486,Electronics,163.84
P226986,Electronics,109.86
P211598,Grocery,17.93
P208325,Grocery,3.22
P218445,Fashion,21.21
P237146,Fashion,72.93
P243813,Electronics,474.47
P203730,Grocery,2.75
P211684,Beauty,30.8
P238890,Beauty,8.58
P210041,Grocery,13.17
P208187,Toys,2.07
P237608,Toys,6.6
P232624,Toys,7.13
P203726,Home,117.23
P231716,Grocery,4.03
P233027,Sports,62.35
P201843,Home,35.06
P213754,Home,154.74
P228853,Sports,92.7
P202280,Home,140.45
P225531,Toys,69.33
P229788,Electronics,215.64
P207796,Grocery,4.2
P204567,Fashion,334.49
P230211,Electronics,69.44
P232150,Fashion,13.7
P201255,Toys,23.5
P231828,Fashion,36.57
P206462,Grocery,25.05
P243200,Fashion,69.57
P218042,Electronics,111.47
P219032,Electronics,129.54
P247710,Grocery,3.44
P219813,Home,170.24
P207620,Electronics,1624.18
P202932,Fashion,60.38
P221470,Fashion,65.6
P209778,Beauty,40.4
P223033,Grocery,29.94
P210304,Electronics,151.27
P208119,Fashion,50.61
P247325,Beauty,8.98
P214407,Electronics,292.38
P204983,Sports,33.01
P202521,Home,18.71
P219086,Grocery,2.22
P249170,Beauty,94.69
P249111,Home,10.79
P200783,Sports,125.22
P242666,Toys,44.93
P216798,Toys,11.84
P208555,Fashion,65.54
P201103,Home,109.12
P205309,Home,371.32
P233939,Fashion,7.13
P239176,Electronics,86.41
P212135,Fashion,38.68
P232044,Electronics,528.32
P239404,Toys,2.88
P210031,Home,466.33
P209695,Fashion,23.97
P215527,Toys,8.11
P205722,Electronics,481.69
P246170,Electronics,91.8
P249874,Fashion,26.11
P218731,Toys,74.02
P232116,Beauty,10.68
P240983,Home,142.49
P249158,Home,149.56
P231749,Grocery,8.96
P236469,Home,36.8
P213908,Fashion,37.75
P242231,Fashion,344.06
P212715,Beauty,92.57
P238398,Home,352.93
P248670,Sports,178.85
P235324,Beauty,12.99
P219338,Sports,138.73
P207387,Toys,11.77
P223172,Toys,13.04
P226175,Fashion,106.61
P230795,Beauty,8.63
P242626,Sports,44.6
P246398,Electronics,916.59
P203801,Fashion,8.3
P207413,Toys,4.55
P244839,Electronics,331.59
P217665,Sports,167.65
P231100,Home,82.85
P243855,Electronics,147.21
P225784,Grocery,38.97
P249454,Electronics,240.85
P213805,Home,29.44
P242186,Electronics,74.16
P242193,Electronics,111.71
P238746,Sports,81.35
P228093,Toys,13.64
P229454,Beauty,14.5
P208154,Fashion,35.65
P240951,Home,446.02
P222064,Home,289.37
P227886,Electronics,171.11
P229398,Toys,7.47
P236130,Electronics,264.59
P243869,Sports,114.69
P209646,Home,354.11
P228822,Fashion,93.92
P237872,Grocery,2.41
P221999,Sports,228.66
P229340,Electronics,198.44
P216069,Home,251.51
P249023,Toys,9.32
P204502,Electronics,207.06
P232236,Beauty,19.29
P248020,Sports,77.77
P224007,Home,192.73
P220971,Beauty,44.62
P206037,Toys,94.72
P242060,Fashion,85.18
P227361,Beauty,11.73
P214466,Sports,53.6
P233764,Fashion,52.32
P230583,Electronics,427.13
P209627,Fashion,9.63
P221593,Grocery,6.54
P220084,Fashion,16.14
P223149,Electronics,280.42
P237752,Electronics,110.05
P216737,Fashion,47.74
P202318,Electronics,254.68
P245487,Fashion,56.47
P225314,Toys,12.59
P235287,Grocery,7.71
P205427,Grocery,1.78
P237371,Home,84.59
P224630,Sports,31.38
P226678,Electronics,61.47
P225099,Electronics,109.63
P231634,Fashion,32.98
P216846,Sports,92.24
P217885,Electronics,566.47
P212068,Electronics,354.11
P217099,Grocery,10.67
P238098,Sports,13.64
P227873,Home,56.57
P223558,Electronics,433.02
P230518,Toys,8.2
P209180,Electronics,343.23
P216595,Beauty,25.69
P227722,Home,121.61
P249905,Grocery,2.59
P248241,Electronics,471.91
P203750,Toys,2.45
P211881,Beauty,3.88
P216819,Grocery,12.43
P228755,Toys,20.1
P225811,Electronics,200.08
P237697,Toys,8.19
P247564,Toys,34.8
P218344,Grocery,9.54
P220656,Grocery,5.57
P226382,Fashion,146.45
P231031,Home,33.75
P205813,Grocery,3.02
P201724,Sports,20.07
P201494,Home,27.5
P218363,Electronics,144.71
P221812,Fashion,63.95
P220437,Sports,119.57
P241205,Toys,30.35
P230524,Home,122.84
P207160,Electronics,270.5
P241343,Beauty,16.85
P248083,Grocery,30.25
P237851,Fashion,20.85
P208491,Toys,7.79
P201459,Toys,53.18
P213680,Fashion,14.6
P219305,Grocery,12.42
P232692,Electronics,417.93
P239347,Electronics,253.31
P217189,Home,184.13
P218612,Beauty,12.99
P201921,Beauty,71.2
P237740,Electronics,255.37
P202387,Home,373.25
P210730,Electronics,135.21
P214830,Home,309.39
P234764,Grocery,6.35
P204825,Toys,29.32
P213869,Beauty,62.59
P232872,Electronics,187.46
P241398,Grocery,13.49
P234119,Home,112.31
P202698,Sports,195.56
P219996,Fashion,7.95
P216892,Fashion,50.01
P238078,Home,15.29
P206190,Fashion,5.63
P213166,Grocery,13.27
P229689,Sports,22.35
P235590,Grocery,20.27
P231604,Toys,60.62
P249215,Sports,29.2
P203921,Fashion,83.78
P228991,Beauty,24.93
P217243,Fashion,34.21
P243787,Electronics,391.47
P234315,Beauty,42.72
P232035,Beauty,89.44
P234844,Electronics,401.08
P246730,Fashion,72.56
P216820,Electronics,353.96
P222469,Sports,91.86
P246676,Grocery,1.88
P236425,Sports,26.57
P200735,Home,148.04
P207214,Electronics,75.62
P223968,Sports,87.3
P244624,Fashion,5.65
P236862,Home,201.29
P204728,Sports,118.11
P236497,Grocery,10.68
P207241,Home,121.47
P234598,Electronics,561.5
P242858,Home,63.96
P217057,Toys,4.23
P249700,Beauty,12.5
P214432,Sports,147.09
P233663,Beauty,26.13
P218953,Beauty,32.96
P217297,Fashion,10.47
P240041,Fashion,13.48
P206696,Fashion,58.67
P229347,Home,71.21
P221249,Toys,11.06
P219657,Toys,11.81
P222960,Electronics,566.54
P247810,Beauty,32.42
P247668,Home,24.76
P245202,Beauty,13.34
P217906,Sports,120.17
P240245,Fashion,188.64
P202802,Grocery,33.04
P235890,Grocery,4.76
P245550,Electronics,72.2
P235224,Sports,93.74
P218033,Electronics,219.42
P235088,Electronics,115.84
P243465,Grocery,14.88
P217527,Sports,27.19
P211964,Fashion,26.29
P241005,Sports,165.63
P219698,Toys,24.67
P204406,Toys,20.37
P229002,Electronics,918.12
P228682,Toys,4.64
P203119,Beauty,6.06
P221873,Home,29.3
P236279,Electronics,279.48
P236596,Fashion,6.2
P216949,Home,101.53
P207651,Toys,2.19
P226896,Toys,20.14
P231660,Home,59.24
P241860,Toys,3.71
P210370,Toys,31.85
P244552,Beauty,15.11
P235539,Fashion,33.86
P206777,Fashion,28.07
P200113,Electronics,78.38
P200531,Electronics,250.21
P209714,Electronics,405.85
P203410,Sports,239.8
P209236,Electronics,519.0
P224608,Home,20.88
P208324,Grocery,3.39
P211159,Toys,2.9
P234494,Sports,22.5
P240985,Fashion,37.2
P232107,Sports,34.4
P235416,Home,147.45
P231835,Beauty,3.81
P245600,Home,266.31
P209453,Beauty,30.74
P234833,Grocery,46.77
P227921,Fashion,155.16
P200933,Fashion,63.05
P225392,Electronics,155.67
P232177,Toys,12.94
P222851,Home,161.1
P206878,Toys,20.55
P200792,Grocery,1.8
P211367,Electronics,620.25
P238731,Fashion,7.03
P209547,Electronics,210.67
P234153,Grocery,8.17
P228568,Beauty,23.7
P204138,Beauty,14.84
P247112,Electronics,213.97
P207693,Home,46.67
P211394,Electronics,543.15
P223876,Toys,2.15
P239095,Electronics,86.49
P203353,Beauty,18.59
P246132,Electronics,1171.71
P229990,Beauty,33.74
P238095,Electronics,482.16
P227623,Beauty,58.67
P247049,Sports,94.52
P221433,Grocery,7.8
P249220,Grocery,8.9
P210058,Beauty,16.84
P226524,Toys,73.43
P216684,Beauty,5.47
P228698,Home,55.03
P248755,Fashion,163.37
P218984,Sports,64.97
P214907,Fashion,23.68
P212921,Home,59.0
P220402,Home,11.2
P246794,Toys,21.72
P203082,Electronics,468.71
P207074,Home,67.32
P229330,Grocery,28.15
P217623,Electronics,491.43
P243328,Grocery,13.09
P200459,Grocery,17.02
P202801,Home,203.19
P228831,Sports,83.63
P216847,Grocery,7.68
P200997,Beauty,6.29
P222025,Electronics,218.71
P232379,Toys,17.71
P206384,Electronics,1010.02
P248067,Toys,29.82
P211198,Fashion,18.54
P234446,Sports,319.43
P233632,Home,128.95
P209382,Sports,65.76
P224120,Fashion,25.94
P235465,Home,39.71
P226950,Fashion,66.63
P244875,Fashion,54.68
P229968,Fashion,113.59
P202926,Fashion,49.72
P215735,Grocery,3.45
P214223,Beauty,31.13
P240310,Home,287.85
P237197,Home,622.58
P215362,Grocery,16.21
P246699,Sports,43.61
P239986,Sports,91.94
P223409,Fashion,40.58
P214451,Fashion,9.03
P205814,Sports,31.27
P222888,Fashion,41.51
P207522,Sports,167.37
P220382,Home,33.63
P215588,Home,197.82
P245127,Electronics,431.22
P215577,Fashion,7.54
P220931,Beauty,18.68
P209970,Sports,187.09
P239278,Home,11.41
P247773,Beauty,43.6
P215919,Home,108.06
P244329,Electronics,402.79
P227671,Home,189.95
P210349,Fashion,22.55
P249203,Beauty,11.66
P206058,Sports,40.14
P244321,Beauty,7.48
P203515,Fashion,22.87
P203330,Fashion,155.16
P234442,Electronics,79.22
P243825,Home,46.24
P217745,Home,60.4
P208978,Fashion,13.21
P216939,Toys,3.58
P215264,Home,33.25
P226615,Sports,83.78
P232165,Sports,99.31
P247362,Beauty,8.94
P242722,Grocery,10.23
P234880,Electronics,52.03
P218594,Electronics,349.44
P215523,Sports,10.13
P201701,Fashion,55.61
P232758,Grocery,9.69
P235480,Fashion,10.69
P226983,Fashion,9.55
P235084,Beauty,3.17
P247427,Fashion,44.44
P239237,Fashion,85.77
P234378,Grocery,26.57
P220736,Electronics,323.71
P206343,Beauty,56.46
P215797,Fashion,102.37
P242087,Fashion,63.9
P241123,Electronics,211.54
P209328,Grocery,7.8
P237478,Sports,121.45
P202025,Toys,53.72
P200105,Electronics,275.29
P229370,Electronics,113.39
P220843,Beauty,6.77
P219476,Sports,45.39
P242981,Home,90.56
P248610,Home,173.86
P200698,Electronics,304.25
P244230,Fashion,16.8
P241706,Fashion,50.72
P238839,Sports,120.25
P222123,Electronics,548.31
P241920,Toys,94.31
P219875,Grocery,4.46
P203297,Electronics,54.95
P200208,Beauty,20.0
P219700,Home,349.32
P221791,Electronics,142.96
P207233,Sports,148.66
P201891,Beauty,12.43
P247594,Sports,58.8
P236274,Toys,60.04
P202039,Fashion,35.39
P219673,Sports,137.06
P242412,Sports,88.49
P239413,Electronics,519.14
P234385,Fashion,107.99
P208186,Sports,88.28
P200434,Sports,46.37
P210519,Home,15.13
P218030,Electronics,54.32
P211355,Fashion,26.44
P214328,Fashion,16.95
P205258,Home,17.13
P245722,Fashion,44.57
P207190,Beauty,113.03
P222479,Fashion,31.98
P220827,Electronics,311.04
P248364,Home,42.68
P245238,Beauty,8.62
P210747,Toys,9.83
P230377,Fashion,163.97
P244956,Grocery,18.72
P240481,Fashion,6.02
P233148,Toys,13.35
P241784,Home,81.88
P223557,Electronics,939.35
P244335,Sports,144.59
P234405,Grocery,17.5
P212479,Grocery,11.95
P223927,Sports,112.07
P233292,Home,167.91
P219491,Fashion,44.54
P201093,Fashion,96.61
P200104,Grocery,38.35
P218123,Fashion,78.03
P226936,Home,109.12
P218060,Home,269.18
P224288,Home,241.75
P243314,Electronics,226.69
P224411,Fashion,95.05
P237684,Home,37.48
P245091,Toys,14.46
P211626,Sports,231.25
P203501,Sports,54.96
P216850,Fashion,61.7
P235712,Electronics,202.8
P220678,Toys,17.45
P215905,Beauty,13.48
P201591,Electronics,491.23
P213522,Fashion,80.91
P216153,Toys,13.07
P236840,Sports,203.06
P203572,Grocery,6.78
P233061,Electronics,391.25
P225497,Sports,69.86
P222242,Fashion,113.04
P201338,Fashion,46.75
P216151,Fashion,95.16
P215380,Toys,16.96
P231035,Beauty,12.68
P245813,Electronics,1031.09
P226117,Beauty,4.43
P202498,Beauty,58.1
P225483,Toys,29.17
P205728,Electronics,182.17
P218877,Toys,11.54
P226703,Electronics,118.79
P239049,Electronics,64.39
P223179,Fashion,29.05
P222011,Sports,174.91
P212839,Sports,78.47
P223625,Grocery,3.44
P218481,Home,103.66
P231753,Electronics,137.49
P219558,Beauty,3.42
P216771,Toys,17.47
P231104,Grocery,6.88
P233066,Home,45.94
P204061,Toys,13.89
P216161,Beauty,37.77
P245847,Home,182.96
P244173,Toys,3.48
P248936,Toys,17.62
P241408,Toys,13.88
P242942,Fashion,142.9
P221635,Fashion,6.46
P219026,Toys,4.2
P207075,Grocery,27.9
P222378,Beauty,56.25
P213681,Sports,86.4
P247721,Beauty,7.4
P231584,Beauty,55.84
P231245,Toys,14.45
P232249,Electronics,90.83
P230897,Grocery,16.67
P240602,Grocery,5.6
P210498,Grocery,4.0
P249411,Beauty,58.78
P203206,Home,170.0
P248588,Toys,36.95
P242472,Beauty,32.42
P212930,Home,83.65
P210320,Electronics,180.92
P237946,Beauty,11.67
P231817,Electronics,70.75
P238126,Sports,37.9
P236276,Grocery,6.23
P223689,Fashion,44.19
P245670,Beauty,10.44
P239522,Fashion,11.33
P211204,Beauty,10.07
P238284,Electronics,109.74
P238567,Home,492.29
P235697,Home,151.41
P246653,Home,36.01
P224893,Sports,64.23
P201530,Toys,8.17
P231241,Home,161.9
P224297,Home,275.9
P209302,Sports,60.37
P248906,Beauty,16.72
P240295,Beauty,3.89
P207223,Electronics,341.84
P213421,Toys,61.73
P244047,Home,44.27
P221576,Electronics,353.68
P216585,Home,304.23
P202140,Electronics,73.1
P242016,Home,286.19
P236439,Fashion,8.28
P241378,Fashion,205.53
P207370,Electronics,78.49
P229516,Sports,55.12
P212022,Sports,15.53
P202929,Home,274.92
P243727,Home,18.65
P203383,Fashion,82.35
P249545,Fashion,121.72
P227432,Fashion,139.43
P211111,Toys,41.24
P248338,Toys,63.06
P239778,Home,17.0
P231899,Sports,569.17
P223161,Home,12.73
P233089,Fashion,71.99
P221053,Sports,18.95
P217447,Beauty,11.48
P224305,Sports,109.94
P203111,Home,100.74
P227493,Sports,24.4
P203086,Electronics,185.37
P246203,Grocery,12.61
P244930,Sports,86.04
P241918,Home,272.22
P206332,Beauty,7.74
P242542,Sports,86.24
P240631,Toys,30.02
P203176,Grocery,10.22
P202416,Home,212.86
P240436,Home,28.76
P208651,Toys,28.33
P210486,Sports,210.32
P218695,Toys,8.07
P201229,Sports,55.18
P245585,Electronics,708.71
P242347,Sports,244.4
P237270,Beauty,53.54
P216836,Electronics,135.49
P220288,Beauty,45.73
P222380,Electronics,148.67
P245869,Electronics,332.72
P249729,Electronics,936.67
P243972,Electronics,81.87
P207317,Electronics,785.0
P203264,Fashion,48.24
P218315,Electronics,73.99
P237010,Fashion,5.52
P212693,Beauty,10.42
P216566,Beauty,6.14
P224811,Grocery,14.04
P219856,Toys,38.15
P249676,Home,104.83
P246970,Fashion,7.54
P235138,Electronics,53.43
P242244,Home,352.43
P242683,Toys,5.07
P210638,Toys,15.6
P220816,Grocery,21.85
P220598,Toys,53.92
P242541,Beauty,8.52
P210652,Home,44.74
P216963,Toys,5.9
P248511,Sports,27.02
P232223,Electronics,247.24
P231024,Sports,109.35
P203941,Home,171.3
P208387,Beauty,12.71
P208524,Grocery,13.87
P235859,Sports,10.23
P237486,Grocery,29.86
P241617,Toys,42.09
P225279,Electronics,305.27
P226025,Electronics,140.64
P217636,Home,481.86
P241483,Toys,34.73
P243224,Fashion,5.84
P213277,Sports,72.36
P248718,Home,24.18
P235190,Sports,23.95
P241735,Fashion,62.22
P207539,Beauty,11.91
P232853,Fashion,7.37
P226811,Toys,2.16
P226928,Fashion,82.37
P228069,Grocery,7.34
P246084,Beauty,4.78
P237421,Fashion,78.52
P208033,Toys,53.3
P210748,Electronics,293.61
P246693,Fashion,12.36
P205066,Home,149.18
P245272,Fashion,8.65
P248664,Beauty,7.43
P249408,Beauty,18.59
P211998,Home,47.71
P234215,Home,227.88
P245379,Fashion,20.93
P215858,Fashion,168.16
P238468,Fashion,28.37
P236111,Beauty,23.58
P210257,Fashion,56.56
P245180,Sports,40.37
P203665,Electronics,405.27
P235442,Sports,152.72
P216734,Beauty,17.96
P208840,Fashion,66.15
P212062,Home,21.75
P207044,Toys,31.6
P222313,Fashion,30.99
P227087,Fashion,23.49
P245779,Electronics,205.47
P240181,Electronics,80.85
P218205,Electronics,380.06
P212464,Fashion,125.08
P243550,Sports,117.75
P227132,Home,124.38
P242638,Toys,94.0
P237427,Sports,86.75
P235048,Beauty,13.4
P203749,Home,170.58
P225592,Beauty,90.68
P249595,Home,310.51
P218451,Toys,59.71
P228258,Electronics,50.33
P244758,Sports,50.0
P232856,Toys,9.25
P206577,Home,175.25
P219694,Sports,106.0
P208263,Toys,14.06
P217205,Home,167.11
P249967,Home,166.82
P245306,Grocery,23.01
P243876,Beauty,75.08
P240130,Home,24.24
P243002,Electronics,819.9
P222113,Toys,18.32
P201953,Home,385.74
P238754,Home,21.58
P240520,Fashion,39.0
P227869,Home,305.93
P237759,Grocery,25.8
P220185,Beauty,41.73
P208447,Toys,48.59
P234699,Sports,40.02
P233640,Fashion,38.74
P207954,Toys,10.03
P238294,Home,12.54
P212920,Fashion,18.6
P229984,Beauty,92.45
P205560,Fashion,50.44
P215389,Sports,28.72
P224265,Grocery,10.35
P241853,Sports,127.73
P207715,Fashion,50.51
P219068,Beauty,20.08
P209438,Grocery,15.76
P249898,Fashion,13.98
P239594,Home,124.05
P204085,Sports,242.8
P238885,Sports,67.68
P217390,Home,28.67
P224513,Sports,14.92
P220694,Beauty,18.9
P241850,Beauty,17.1
P243451,Fashion,19.57
P214884,Fashion,48.9
P202876,Fashion,19.16
P226207,Toys,6.79
P220491,Fashion,147.55
P238009,Electronics,123.65
P247682,Home,106.46
P232225,Fashion,11.25
P238437,Electronics,163.19
P205399,Electronics,1572.36
P241701,Home,252.15
P213648,Fashion,65.21
P230887,Sports,12.59
P242936,Grocery,5.06
P248373,Fashion,65.91
P221804,Fashion,59.27
P230919,Home,37.01
P246972,Sports,71.74
P228147,Fashion,15.88
P219295,Electronics,885.7
P206897,Sports,90.15
P238253,Fashion,127.98
P205838,Electronics,811.48
P217157,Beauty,20.18
P202144,Fashion,62.07
P241952,Toys,9.23
P238748,Toys,38.87
P247460,Sports,99.41
P229483,Fashion,35.21
P247647,Beauty,29.73
P211513,Beauty,43.99
P226451,Electronics,200.47
P240909,Beauty,70.22
P248091,Sports,11.56
P222672,Electronics,823.77
P241124,Grocery,16.68
P234665,Beauty,7.17
P232291,Sports,95.79
P221817,Home,458.94
P211432,Grocery,4.13
P218951,Electronics,178.79
P208130,Sports,58.38
P244467,Home,68.74
P223136,Grocery,13.99
P214744,Beauty,20.26
P231155,Grocery,7.73
P242298,Grocery,14.62
P221021,Electronics,140.02
P216996,Fashion,44.6
P213187,Sports,142.6
P235902,Grocery,16.55
P218006,Home,246.66
P216375,Electronics,1066.35
P247678,Fashion,141.88
P203069,Beauty,3.43
P217639,Beauty,10.63
P235428,Grocery,22.8
P228800,Home,235.08
P237220,Beauty,25.18
P211869,Fashion,98.57
P204176,Toys,19.41
P236454,Home,82.99
P226480,Sports,17.86
P231500,Grocery,18.25
P205237,Home,20.21
P226453,Grocery,13.0
P200790,Electronics,861.36
P247595,Sports,63.41
P246954,Electronics,527.88
P241184,Fashion,84.08
P214754,Beauty,3.25
P213067,Electronics,850.93
P216609,Electronics,118.0
P227981,Fashion,21.34
P219563,Beauty,53.13
P209003,Electronics,427.08
P227068,Home,71.22
P246996,Beauty,5.25
P223904,Electronics,1152.14
P236834,Beauty,5.71
P220746,Beauty,48.86
P221407,Sports,114.52
P220693,Fashion,54.09
P226403,Home,31.22
P211637,Electronics,321.17
P208612,Toys,60.47
P230410,Beauty,66.71
P205160,Grocery,2.59
P207728,Grocery,4.51
P204238,Electronics,832.12
P226764,Beauty,37.81
P218464,Home,438.05
P231943,Beauty,17.28
P230838,Fashion,69.67
P205919,Electronics,481.95
P237092,Sports,77.41
P207797,Grocery,49.32
P222467,Beauty,9.84
P223736,Fashion,215.64
P209021,Grocery,23.01
P203058,Home,136.05
P209041,Grocery,2.03
P238102,Toys,7.9
P201153,Beauty,48.1
P247375,Sports,333.38
P212021,Sports,59.71
P227258,Electronics,780.8
P249554,Electronics,1150.24
P212914,Fashion,9.15
P233748,Home,183.53
P239448,Home,45.79
P202384,Electronics,212.32
P245088,Fashion,36.32
P241758,Electronics,282.82
P234134,Beauty,24.12
P235706,Beauty,4.75
P217646,Home,25.86
P206187,Toys,26.45
P208495,Electronics,477.26
P209885,Beauty,10.59
P218700,Toys,6.02
P215018,Electronics,68.04
P230428,Home,81.47
P229071,Beauty,20.43
P231322,Fashion,117.95
P207114,Fashion,5.12
P206574,Toys,12.24
P224996,Beauty,16.32
P226754,Fashion,112.01
P238297,Toys,6.29
P203809,Sports,16.73
P217550,Home,134.76
P229249,Sports,202.04
P241499,Fashion,20.41
P238099,Beauty,10.09
P221413,Fashion,24.4
P204687,Fashion,11.19
P238125,Fashion,190.93
P221123,Grocery,11.24
P227435,Beauty,14.0
P210285,Electronics,414.0
P243091,Sports,89.22
P224927,Fashion,68.44
P205291,Beauty,37.54
P241193,Toys,6.25
P248308,Electronics,106.15
P203122,Beauty,86.35
P219112,Fashion,35.73
P201823,Toys,16.22
P236841,Electronics,570.42
P210387,Home,64.79
P237163,Grocery,8.43
P238819,Sports,49.7
P234244,Sports,43.32
P218980,Fashion,36.38
P224224,Electronics,495.24
P207121,Grocery,27.59
P216917,Electronics,183.04
P212085,Home,191.8
P226259,Toys,3.0
P223097,Grocery,3.58
P202978,Fashion,46.82
P204332,Electronics,707.19
P220037,Beauty,25.08
P235781,Sports,143.49
P215089,Home,184.56
P223484,Fashion,38.53
P218148,Sports,17.27
P203830,Home,355.94
P202958,Sports,120.32
P225998,Fashion,13.25
P201540,Toys,7.5
P230677,Electronics,51.52
P207053,Fashion,36.84
P205670,Grocery,25.36
P243458,Sports,18.93
P247030,Fashion,65.36
P248115,Sports,214.4
P210281,Sports,63.79
P218122,Sports,43.5
P202533,Grocery,8.77
P210756,Sports,162.92
P225074,Fashion,128.6
P237844,Sports,83.93
P227322,Beauty,28.01
P249636,Fashion,5.87
P217048,Grocery,3.63
P249779,Home,18.51
P209876,Beauty,11.4
P215171,Fashion,57.37
P242204,Toys,38.32
P205166,Electronics,167.93
P210366,Sports,15.09
P220258,Home,10.51
P243734,Sports,193.04
P212983,Beauty,54.57
P225715,Electronics,84.6
P231085,Home,11.35
P245078,Grocery,22.21
P227778,Sports,110.66
P211390,Fashion,44.94
P220924,Grocery,11.03
P245832,Toys,31.23
P243004,Home,55.71
P240244,Beauty,15.07
P200707,Home,20.67
P241392,Electronics,321.38
P225048,Toys,65.71
P249093,Fashion,21.42
P232815,Home,358.73
P234682,Sports,138.46
P217489,Grocery,4.51
P248158,Electronics,403.35
P216951,Home,70.05
P241439,Beauty,6.2
P211452,Toys,3.91
P228635,Grocery,1.23
P232747,Electronics,569.53
P233796,Beauty,55.96
P227933,Electronics,264.12
P238281,Electronics,432.3
P221187,Grocery,16.89
P222953,Electronics,177.32
P224702,Fashion,32.67
P206278,Beauty,32.25
P244566,Beauty,42.95
P218036,Fashion,9.59
P247495,Fashion,48.64
P224583,Electronics,68.08
P204708,Electronics,616.06
P205318,Home,167.05
P229269,Sports,151.04
P238627,Toys,15.46
P245441,Electronics,165.41
P224754,Fashion,80.73
P239361,Toys,31.54
P219979,Home,29.09
P204910,Fashion,119.59
P236022,Home,42.92
P204453,Fashion,22.99
P221181,Electronics,129.05
P223365,Toys,68.27
P226326,Fashion,22.5
P240705,Grocery,47.8
P204177,Grocery,14.38
P203429,Sports,29.1
P232952,Fashion,44.68
P235901,Fashion,110.18
P241466,Fashion,11.99
P213773,Grocery,5.45
P206174,Electronics,132.76
P211877,Beauty,12.71
P217722,Toys,23.28
P222555,Beauty,14.81
P247225,Beauty,17.37
P213562,Grocery,6.09
P206546,Electronics,1739.32
P225258,Electronics,336.77
P211706,Home,246.35
P228943,Home,86.66
P222315,Fashion,14.08
P234497,Electronics,518.5
P232786,Toys,3.93
P227228,Home,13.51
P249616,Sports,176.33
P208882,Home,384.73
P216268,Beauty,13.33
P205310,Home,129.85
P246572,Electronics,460.58
P211253,Toys,14.9
P220404,Fashion,51.71
P249314,Grocery,15.09
P209827,Fashion,10.36
P210938,Home,146.4
P233062,Sports,80.32
P207240,Fashion,19.92
P201585,Home,34.02
P210541,Electronics,591.17
P226747,Grocery,20.44
P215620,Electronics,962.49
P209033,Fashion,8.24
P231070,Fashion,60.67
P246922,Grocery,5.37
P249104,Grocery,2.28
P212776,Grocery,2.98
P222727,Grocery,10.3
P202931,Beauty,41.06
P214843,Beauty,8.44
P221224,Electronics,180.93
P227321,Beauty,15.37
P201860,Sports,111.69
P214989,Fashion,38.62
P248005,Fashion,184.75
P237135,Beauty,32.36
P246422,Beauty,37.86
P236062,Beauty,33.56
P213801,Sports,90.15
P204747,Fashion,80.04
P237160,Fashion,193.89
P205238,Grocery,2.31
P202834,Home,214.79
P248203,Beauty,64.72
P245676,Sports,47.23
P226230,Home,69.38
P207116,Electronics,564.68
P202928,Sports,312.02
P228179,Sports,284.9
P222134,Fashion,7.81
P239262,Electronics,716.66
P208190,Sports,63.76
P223828,Electronics,657.03
P204350,Sports,168.47
P243686,Electronics,221.88
P216036,Beauty,18.67
P228700,Sports,47.69
P206610,Fashion,61.1
P229420,Toys,7.67
P227850,Fashion,27.0
P249282,Fashion,37.09
P240812,Electronics,323.02
P241070,Grocery,1.08
P227147,Home,149.22
P235502,Toys,16.37
P201066,Toys,4.17
P204970,Electronics,446.77
P249436,Electronics,129.52
P223350,Grocery,4.04
P229235,Electronics,56.14
P240562,Home,10.86
P204114,Toys,6.06
P228154,Toys,5.8
P249199,Beauty,33.94
P238906,Beauty,20.16
P243038,Fashion,24.98
P243266,Home,93.74
P224226,Fashion,311.74
P212595,Fashion,5.97
P227718,Home,40.66
P239218,Home,67.64
P225143,Electronics,247.82
P246178,Toys,24.06
P206164,Toys,19.56
P232640,Fashion,40.0
P207787,Electronics,641.34
P215924,Sports,31.48
P245286,Grocery,2.07
P220449,Electronics,641.96
P200081,Electronics,251.57
P208408,Sports,188.61
P200334,Grocery,39.39
P241712,Beauty,43.98
P244721,Sports,87.39
P225169,Fashion,6.67
P230494,Sports,316.84
P243711,Fashion,88.7
P223452,Fashion,73.84
P226254,Fashion,33.67
P203897,Sports,290.91
P204648,Toys,15.24
P209674,Beauty,34.26
P217166,Electronics,84.46
P219970,Fashion,32.14
P229184,Home,225.62
P225559,Electronics,139.57
P215344,Sports,156.4
P245642,Sports,227.04
P238365,Fashion,88.89
P231217,Beauty,26.86
P239818,Electronics,589.72
P205051,Home,286.46
P217126,Toys,17.93
P204544,Sports,173.39
P212875,Electronics,227.67
P204355,Toys,16.54
P219992,Sports,15.31
P241053,Home,293.05
P246076,Sports,24.87
P231074,Electronics,155.05
P202516,Beauty,12.36
P245923,Grocery,34.55
P249242,Electronics,1190.0
P248171,Home,273.85
P201479,Grocery,6.6
P217338,Fashion,7.79
P227007,Toys,5.97
P240982,Electronics,530.63
P221836,Fashion,114.7
P229246,Toys,37.45
P202547,Electronics,137.89
P237691,Home,165.68
P249340,Fashion,16.9
P248975,Home,127.43
P202236,Fashion,133.54
P220830,Home,17.97
P200580,Sports,63.35
P214439,Electronics,351.41
P226107,Fashion,23.79
P225944,Home,204.62
P231764,Toys,32.0
P227567,Fashion,117.49
P238665,Beauty,19.72
P232425,Sports,162.44
P241432,Toys,2.22
P217242,Grocery,58.62
P243949,Home,341.3
P218824,Grocery,25.24
P211898,Grocery,12.67
P234480,Home,113.44
P249667,Beauty,6.99
P240123,Sports,15.45
P243353,Home,48.91
P217759,Sports,26.09
P203669,Electronics,181.39
P214382,Toys,11.65
P215436,Grocery,1.35
P218774,Electronics,308.52
P236030,Toys,23.0
P204638,Home,63.6
P202866,Beauty,6.45
P209251,Home,170.17
P208948,Beauty,6.38
P200187,Toys,17.53
P243341,Home,311.51
P220962,Sports,25.03
P229911,Grocery,13.1
P216679,Toys,20.5
P203533,Sports,126.51
P204140,Grocery,32.72
P236810,Electronics,451.12
P226618,Toys,15.03
P220654,Toys,39.75
P230775,Toys,10.59
P240501,Beauty,50.4
P214676,Electronics,653.76
P206005,Beauty,25.67
P203904,Beauty,24.92
P211973,Beauty,27.8
P246976,Fashion,95.11
P202261,Beauty,13.35
P217804,Electronics,146.04
P223077,Home,98.98
P247276,Sports,65.62
P224680,Toys,39.87
P216862,Beauty,5.93
P239345,Electronics,217.87
P239553,Grocery,37.52
P208884,Grocery,21.45
P203038,Beauty,16.92
P232961,Electronics,382.59
P231562,Home,190.23
P226065,Electronics,73.98
P232084,Beauty,30.44
P249210,Fashion,12.39
P220957,Fashion,35.41
P202580,Fashion,196.01
P226544,Fashion,154.46
P245647,Electronics,805.81
P245013,Sports,13.44
P232454,Fashion,99.21
P246401,Sports,157.19
P211277,Sports,77.92
P240391,Electronics,177.94
P200875,Beauty,5.77
P211654,Grocery,14.84
P201196,Home,156.72
P249487,Home,116.22
P223398,Toys,9.87
P214370,Grocery,9.56
P228517,Home,197.17
P228859,Fashion,67.01
P201247,Toys,18.26
P246018,Home,55.89
P207111,Beauty,36.12
P220973,Sports,10.57
P234654,Sports,114.0
P200310,Fashion,19.03
P210760,Grocery,15.72
P217988,Electronics,117.26
P224944,Sports,147.83
P236314,Grocery,19.53
P238119,Beauty,8.77
P217381,Beauty,20.11
P222069,Sports,143.39
P243305,Fashion,13.44
P205910,Fashion,15.4
P205484,Home,14.05
P246165,Home,343.33
P232821,Fashion,8.76
P232996,Beauty,30.64
P225354,Beauty,7.81
P248958,Beauty,3.09
P230229,Sports,50.12
P200984,Fashion,74.17
P212660,Beauty,88.19
P225044,Fashion,9.3
P242809,Home,316.47
P213711,Sports,210.46
P208028,Grocery,8.01
P216945,Fashion,63.17
P232857,Grocery,17.27
P238503,Home,141.2
P225982,Electronics,178.11
P235913,Electronics,630.06
P201292,Electronics,526.09
P223880,Electronics,241.48
P232538,Fashion,31.86
P207559,Fashion,5.53
P236549,Electronics,652.66
P235159,Home,53.98
P213204,Beauty,15.98
P202252,Fashion,60.74
P236659,Grocery,7.51
P209866,Home,36.09
P249927,Beauty,52.73
P224800,Beauty,3.71
P207553,Home,38.76
P232831,Grocery,9.0
P201787,Grocery,8.25
P244810,Beauty,41.98
P240837,Toys,6.26
P211726,Sports,156.95
P203915,Electronics,82.93
P247423,Sports,73.11
P245412,Electronics,701.6
P200092,Sports,62.37
P210934,Electronics,1123.95
P229995,Fashion,54.02
P232469,Home,196.08
P201677,Fashion,40.06
P228242,Sports,65.23
P221892,Beauty,5.17
P222114,Grocery,2.68
P236632,Fashion,46.69
P227057,Sports,103.51
P244916,Toys,84.28
P244031,Fashion,100.88
P231532,Electronics,222.46
P210169,Electronics,85.01
P234566,Sports,95.66
P246550,Fashion,8.54
P230740,Electronics,242.43
P246176,Home,119.96
P210030,Fashion,17.73
P210752,Sports,156.87
P207051,Electronics,415.12
P242623,Electronics,102.0
P210589,Home,551.86
P211395,Beauty,22.13
P212833,Toys,2.53
P200598,Beauty,13.56
P214367,Grocery,52.06
P218428,Fashion,119.36
P216642,Beauty,7.02
P220955,Sports,199.89
P240771,Sports,104.74
P210097,Grocery,1.29
P213207,Home,196.5
P222560,Home,80.11
P244592,Electronics,206.83
P243463,Home,174.91
P205713,Fashion,56.29
P240079,Home,46.44
P205911,Fashion,12.16
P203954,Sports,359.31
P242587,Fashion,36.55
P230875,Fashion,47.26
P241748,Beauty,24.08
P218440,Fashion,6.95
P215828,Sports,11.07
P246720,Home,75.1
P239870,Electronics,141.53
P245428,Electronics,307.88
P215427,Beauty,3.21
P229641,Toys,2.26
P249666,Grocery,4.76
P245419,Fashion,39.42
P247880,Fashion,17.44
P201951,Beauty,22.28
P221954,Fashion,39.95
P213827,Grocery,7.74
P233096,Electronics,394.34
P232641,Beauty,12.43
P222897,Beauty,21.61
P245652,Grocery,26.35
P217794,Sports,392.53
P207714,Fashion,73.28
P201137,Electronics,198.16
P237240,Beauty,14.52
P236042,Toys,6.52
P203273,Beauty,10.64
P222627,Home,126.45
P232193,Beauty,3.09
P210155,Electronics,1448.59
P226741,Sports,36.41
P238130,Home,134.79
P204636,Beauty,17.47
P238114,Fashion,69.77
P231649,Home,16.76
P243706,Beauty,37.57
P236976,Fashion,100.62
P237236,Sports,42.33
P202346,Beauty,11.8
P213984,Toys,4.14
P213063,Home,227.22
P220490,Fashion,32.23
P240967,Sports,56.65
P236499,Home,83.44
P242533,Beauty,16.36
P207302,Electronics,232.47
P221876,Beauty,6.86
P249612,Home,11.79
P216294,Fashion,75.67
P202302,Grocery,6.55
P219017,Home,98.89
P242311,Sports,46.12
P200361,Beauty,14.78
P238261,Electronics,75.29
P217171,Sports,55.48
P249360,Fashion,35.58
P241226,Toys,37.18
P229327,Beauty,12.53
P205092,Fashion,9.56
P216937,Fashion,75.0
P240793,Sports,56.32
P213817,Beauty,63.5
P209779,Sports,324.18
P204516,Electronics,717.74
P239219,Toys,7.05
P230114,Fashion,19.39
P209310,Electronics,242.01
P234281,Fashion,22.38
P223809,Sports,44.22
P246104,Fashion,47.36
P221735,Grocery,30.68
P244363,Sports,104.87
P206749,Toys,21.04
P227637,Home,190.93
P207005,Electronics,514.22
P229898,Beauty,61.85
P223538,Fashion,13.7
P245648,Sports,49.21
P221708,Sports,42.52
P242944,Toys,8.04
P225467,Home,44.91
P249127,Beauty,86.43
P214412,Fashion,10.4
P229378,Home,615.6
P247055,Sports,105.79
P228102,Toys,64.62
P213044,Home,309.8
P218239,Fashion,48.82
P202435,Toys,98.57
P243934,Beauty,20.74
P223164,Toys,5.87
P235866,Home,662.26
P203386,Fashion,24.22
P245503,Home,176.15
P242776,Fashion,34.04
P206436,Fashion,29.14
P207403,Sports,108.2
P223242,Electronics,67.65
P243464,Grocery,16.77
P202939,Electronics,277.52
P217222,Grocery,9.87
P227277,Grocery,31.32
P203138,Grocery,10.99
P249327,Toys,18.98
P220989,Electronics,584.58
P203162,Grocery,7.98
P202752,Electronics,411.53
P225765,Fashion,43.26
P245657,Beauty,19.96
P200837,Electronics,1408.91
P228474,Electronics,55.74
P212043,Grocery,8.05
P248565,Grocery,36.05
P247154,Toys,53.79
P235501,Home,191.33
P244770,Grocery,12.8
P224072,Grocery,4.84
P237974,Fashion,37.95
P202653,Toys,17.1
P219733,Grocery,27.49
P236078,Toys,14.0
P237448,Grocery,31.17
P218770,Beauty,15.11
P237959,Toys,12.34
P249525,Sports,37.53
P237443,Electronics,385.96
P212804,Sports,88.19
P216210,Electronics,843.48
P207633,Electronics,389.41
P208312,Grocery,17.19
P238300,Home,60.75
P220229,Electronics,741.33
P202884,Grocery,7.31
P243577,Electronics,379.66
P220522,Home,135.97
P205623,Toys,12.76
P211460,Fashion,14.96
P210234,Beauty,24.99
P218503,Sports,56.3
P224100,Grocery,7.27
P216874,Electronics,270.7
P246905,Electronics,417.53
P200382,Home,26.81
P249956,Fashion,82.13
P238353,Beauty,30.12
P209369,Grocery,22.24
P223661,Sports,39.97
P245486,Electronics,161.2
P247883,Sports,85.59
P240937,Fashion,16.1
P221299,Home,250.06
P226862,Fashion,5.12
P231153,Toys,7.33
P203198,Beauty,5.96
P217325,Electronics,94.78
P208732,Sports,25.56
P205805,Beauty,29.62
P218913,Electronics,89.57
P201202,Fashion,29.97
P220498,Grocery,5.28
P242143,Toys,20.91
P245873,Home,47.62
P216505,Home,186.14
P206603,Home,207.62
P203682,Fashion,6.18
P213460,Fashion,11.8
P213559,Beauty,19.54
P228544,Home,73.38
P206864,Electronics,187.79
P223778,Electronics,331.4
P214234,Fashion,13.66
P228593,Home,90.32
P244657,Fashion,16.18
P201729,Electronics,1339.1
P222336,Electronics,55.17
P234936,Grocery,11.94
P247652,Electronics,591.44
P229764,Sports,178.4
P245741,Fashion,32.83
P207668,Beauty,47.65
P213260,Electronics,488.44
P211308,Grocery,2.92
P208896,Grocery,26.85
P239408,Sports,213.91
P219283,Sports,48.32
P219591,Home,206.4
P225282,Grocery,30.97
P213919,Home,190.25
P207674,Fashion,9.85
P230699,Electronics,82.31
P230840,Fashion,203.6
P218392,Beauty,22.1
P231960,Fashion,55.84
P204721,Sports,249.28
P229197,Home,10.98
P226173,Grocery,8.33
P242906,Beauty,3.05
P227375,Beauty,26.99
P201918,Grocery,26.06
P209457,Electronics,68.35
P214282,Sports,383.23
P224815,Toys,51.74
P222594,Home,111.39
P207448,Fashion,101.83
P201142,Fashion,77.4
P220232,Fashion,88.68
P206374,Fashion,36.74
P226974,Sports,36.87
P233528,Toys,3.04
P217936,Electronics,170.4
P231914,Fashion,39.35
P209347,Sports,333.37
P201328,Fashion,9.46
P218760,Electronics,394.53
P219625,Fashion,25.67
P226567,Fashion,10.19
P212063,Electronics,509.69
P231630,Sports,127.93
P203140,Sports,339.32
P208730,Grocery,8.51
P214057,Electronics,318.79
P203557,Fashion,26.77
P229114,Toys,23.77
P218580,Electronics,323.82
P209802,Electronics,87.74
P222321,Toys,21.55
P235931,Grocery,7.89
P237231,Fashion,23.87
P204675,Home,225.06
P214058,Toys,12.46
P249001,Home,169.6
P237519,Electronics,338.89
P206219,Sports,253.75
P215445,Electronics,241.26
P223914,Home,252.93
P229630,Electronics,252.78
P240503,Fashion,37.97
P241551,Toys,9.98
P228695,Fashion,38.64
P230434,Toys,7.64
P214456,Electronics,684.99
P224156,Toys,7.86
P245908,Electronics,784.53
P243631,Fashion,42.35
P202078,Beauty,13.39
P230350,Sports,130.17
P212073,Beauty,16.48
P223397,Beauty,9.17
P212337,Electronics,128.81
P247829,Grocery,6.69
P206011,Toys,16.95
P239855,Fashion,63.18
P209996,Beauty,27.62
P234498,Home,122.83
P246845,Sports,99.01
P220046,Grocery,10.42
P206618,Grocery,7.2
P206899,Electronics,796.55
P233797,Home,373.16
P215128,Fashion,30.49
P233179,Beauty,15.29
P201981,Toys,67.94
P242307,Fashion,69.2
P234073,Electronics,287.69
P212478,Beauty,34.06
P246014,Sports,59.7
P226429,Grocery,19.73
P237363,Electronics,126.44
P211697,Home,91.34
P215422,Fashion,9.79
P242436,Grocery,25.55
P238380,Fashion,115.51
P230341,Sports,138.74
P202037,Toys,21.54
P209522,Home,357.2
P221259,Sports,105.68
P207086,Fashion,36.33
P201149,Sports,137.74
P222792,Grocery,91.72
P216390,Home,73.47
P234204,Grocery,17.77
P236018,Home,31.23
P228115,Home,142.74
P224047,Sports,48.34
P217078,Fashion,104.04
P214263,Toys,13.58
P212433,Beauty,8.94
P211559,Grocery,11.95
P204952,Sports,206.01
P240610,Home,59.78
P232793,Grocery,1.2
P202153,Home,137.27
P228911,Electronics,135.12
P208019,Grocery,5.26
P219873,Fashion,84.03
P241291,Fashion,55.52
P231631,Electronics,478.68
P237929,Home,123.35
P217028,Fashion,81.74
P234620,Sports,179.21
P240491,Fashion,29.05
P248474,Sports,237.37
P219968,Fashion,13.58
P234079,Home,184.27
P227371,Electronics,203.97
P243966,Grocery,5.01
P239006,Electronics,351.7
P231739,Electronics,545.46
P207788,Fashion,10.69
P206977,Electronics,243.78
P239177,Electronics,529.73
P234838,Toys,48.01
P202656,Electronics,54.43
P204134,Electronics,396.9
P229431,Toys,19.89
P203484,Home,106.02
P249565,Electronics,106.74
P243622,Beauty,36.17
P245077,Home,45.21
P238916,Beauty,49.48
P227274,Grocery,5.83
P238559,Toys,9.36
P217303,Electronics,114.91
P219594,Home,207.74
P219103,Fashion,14.88
P211858,Home,176.05
P215002,Home,33.35
P204895,Grocery,4.38
P243324,Grocery,6.52
P249944,Beauty,76.43
P225151,Electronics,846.66
P209919,Beauty,5.18
P244187,Toys,10.05
P221927,Electronics,188.18
P212378,Electronics,235.91
P236493,Fashion,72.77
P244326,Grocery,15.66
P202048,Grocery,16.08
P239020,Home,181.49
P243935,Sports,204.54
P222482,Fashion,118.02
P225663,Beauty,37.88
P232973,Electronics,263.21
P215185,Beauty,70.78
P219699,Home,131.08
P241582,Home,110.7
P218061,Toys,7.38
P211479,Home,161.78
P246607,Fashion,24.69
P244597,Toys,33.61
P210892,Home,55.3
P223931,Home,98.07
P234639,Fashion,16.79
P224654,Grocery,10.47
P222942,Grocery,9.1
P206934,Fashion,6.95
P229733,Sports,57.29
P235103,Electronics,244.67
P234493,Electronics,162.67
P209306,Electronics,285.6
P238753,Beauty,6.42
P239984,Toys,5.29
P216544,Fashion,26.6
P201425,Electronics,268.67
P201733,Electronics,442.82
P210603,Electronics,58.02
P215801,Electronics,58.15
P218906,Beauty,64.26
P229437,Grocery,1.39
P216985,Beauty,4.25
P226935,Electronics,165.12
P242515,Beauty,27.51
P221068,Grocery,6.83
P246753,Fashion,93.96
P234288,Fashion,64.23
P235158,Home,76.46
P225481,Fashion,60.55
P226226,Sports,41.57
P201117,Sports,83.8
P232661,Home,289.73
P242484,Electronics,659.9
P212459,Sports,162.79
P221105,Beauty,75.96
P238909,Beauty,20.67
P219464,Electronics,154.47
P232554,Beauty,13.67
P204777,Home,29.98
P214271,Electronics,471.27
P207057,Home,18.53
P226511,Home,100.44
P207510,Beauty,21.2
P208099,Fashion,64.33
P220011,Home,83.64
P248900,Beauty,56.34
P220764,Beauty,3.62
P204450,Grocery,15.69
P214549,Toys,6.97
P206960,Electronics,209.31
P206996,Home,69.28
P218567,Home,113.81
P214201,Grocery,2.24
P205043,Home,61.69
P220420,Sports,25.02
P242324,Electronics,250.13
P249031,Fashion,392.62
P212629,Electronics,104.07
P228675,Electronics,617.36
P201662,Grocery,1.48
P214734,Grocery,25.7
P207589,Sports,73.74
P243418,Sports,183.2
P249364,Electronics,496.91
P204655,Beauty,23.83
P208749,Electronics,200.97
P210797,Home,154.2
P231930,Fashion,92.86
P206645,Beauty,20.14
P211895,Electronics,224.17
P234762,Electronics,100.11
P247634,Beauty,58.51
P221432,Beauty,10.62
P247890,Fashion,11.48
P216858,Electronics,72.27
P208233,Grocery,19.29
P243611,Electronics,415.27
P232004,Sports,22.62
P226671,Electronics,295.48
P236760,Beauty,7.06
P228441,Sports,57.58
P228233,Toys,32.04
P237591,Home,44.04
P236285,Electronics,59.13
P202268,Toys,6.23
P226220,Home,77.37
P248774,Toys,7.44
P204438,Toys,27.19
P244269,Home,214.97
P239066,Grocery,4.62
P219369,Home,51.19
P245896,Sports,90.75
P226603,Sports,147.31
P211319,Home,431.76
P214722,Beauty,11.76
P206028,Beauty,7.91
P246394,Home,15.52
P245093,Sports,164.64
P225940,Electronics,261.66
P231448,Electronics,75.99
P208422,Electronics,73.97
P243441,Home,11.81
P246280,Sports,140.72
P214472,Grocery,15.41
P214900,Electronics,2653.17
P207763,Fashion,10.76
P210960,Electronics,1297.91
P202074,Fashion,18.95
P225205,Beauty,16.32
P235976,Fashion,37.8
P204674,Electronics,639.16
P241862,Electronics,1129.15
P248078,Toys,93.05
P200122,Grocery,24.87
P221480,Toys,61.04
P209443,Grocery,11.84
P200990,Grocery,15.56
P226662,Home,33.87
P229097,Fashion,8.38
P247418,Beauty,55.17
P204709,Beauty,22.42
P224357,Beauty,32.02
P236348,Sports,49.68
P219186,Sports,171.77
P233639,Electronics,189.97
P219208,Fashion,6.49
P247360,Grocery,6.41
P227478,Fashion,107.59
P227079,Fashion,39.03
P230766,Home,423.06
P219787,Fashion,39.0
P222537,Toys,5.29
P210383,Sports,78.56
P238318,Home,277.23
P231895,Grocery,21.28
P245542,Grocery,8.5
P230568,Sports,273.23
P203097,Beauty,7.79
P219022,Home,241.03
P244046,Fashion,12.84
P234392,Electronics,869.24
P215968,Toys,25.24
P211149,Electronics,87.57
P209717,Home,39.78
P213640,Home,103.27
P216837,Fashion,34.71
P208990,Toys,3.18
P204170,Grocery,2.16
P224817,Grocery,16.49
P201712,Grocery,27.56
P228794,Home,102.01
P234770,Beauty,12.76
P248438,Grocery,13.7
P239022,Electronics,61.47
P210473,Beauty,71.44
P215303,Toys,22.23
P219495,Beauty,3.16
P221625,Electronics,1093.18
P208918,Toys,59.37
P234599,Fashion,113.03
P201821,Sports,30.07
P234584,Toys,76.34
P248646,Grocery,19.9
P249243,Home,144.79
P236200,Electronics,979.16
P218353,Home,73.17
P248250,Sports,273.44
P218768,Grocery,13.25
P236447,Grocery,12.4
P249754,Sports,147.97
P216811,Sports,67.88
P226595,Electronics,1331.38
P226032,Home,22.2
P240966,Grocery,33.28
P239031,Sports,115.34
P217757,Home,326.92
P241600,Electronics,199.52
P211954,Fashion,91.83
P229793,Beauty,26.45
P237930,Grocery,24.42
P226806,Electronics,177.75
P203811,Fashion,36.66
P230368,Electronics,216.19
P208637,Beauty,19.8
P212133,Grocery,30.91
P246986,Beauty,14.13
P228871,Sports,140.98
P227571,Fashion,52.98
P248653,Sports,84.61
P233313,Fashion,63.68
P234777,Sports,14.98
P228008,Sports,15.17
P205901,Grocery,2.61
P202215,Toys,34.81
P248809,Toys,13.25
P215763,Electronics,116.59
P202184,Home,109.92
P210354,Electronics,518.37
P234043,Fashion,12.42
P209504,Home,65.59
P203523,Toys,6.25
P208707,Home,146.87
P221167,Sports,24.47
P225871,Beauty,8.71
P223982,Toys,3.19
P201049,Fashion,123.87
P202340,Fashion,39.35
P242217,Grocery,2.4
P248390,Electronics,262.19
P235753,Beauty,9.17
P212061,Grocery,25.16
P205705,Beauty,33.65
P224014,Beauty,29.67
P233473,Sports,159.45
P202484,Electronics,246.46
P201745,Fashion,9.45
P222148,Electronics,72.81
P216216,Grocery,6.26
P232547,Toys,36.03
P241929,Fashion,49.76
P246742,Toys,12.87
P222012,Fashion,172.71
P200777,Fashion,33.7
P209525,Toys,14.44
P203114,Sports,39.03
P245173,Grocery,8.95
P235704,Beauty,23.75
P201345,Home,62.5
P202041,Sports,34.47
P214330,Sports,196.48
P213198,Grocery,24.69
P240272,Grocery,4.61
P209747,Toys,13.23
P217073,Sports,113.7
P230286,Home,16.5
P228028,Sports,221.49
P226110,Sports,80.35
P223440,Fashion,17.63
P232887,Home,76.55
P238937,Fashion,119.04
P238600,Grocery,1.33
P247417,Fashion,12.58
P212246,Toys,6.21
P201613,Toys,7.02
P207623,Toys,16.73
P235801,Electronics,352.24
P229653,Beauty,64.12
P212080,Toys,6.65
P211976,Sports,243.29
P243586,Electronics,403.7
P209341,Toys,5.76
P247964,Sports,120.1
P216296,Electronics,756.89
P226285,Fashion,13.56
P214134,Beauty,3.15
P245009,Electronics,487.88
P229337,Sports,100.22
P200455,Beauty,20.13
P207643,Fashion,34.94
P204620,Beauty,19.86
P208867,Toys,11.23
P225577,Home,21.31
P228647,Fashion,78.5
P248894,Sports,72.03
P225471,Electronics,616.38
P227669,Beauty,34.58
P200059,Toys,7.55
P212673,Fashion,116.51
P222695,Electronics,562.24
P205531,Home,88.55
P201794,Home,178.51
P210721,Beauty,6.26
P205686,Sports,267.35
P229467,Electronics,180.41
P237755,Beauty,33.76
P212888,Sports,63.79
P239348,Sports,12.77
P213533,Sports,323.42
P221916,Home,30.21
P203553,Grocery,2.03
P208144,Home,249.0
P245207,Toys,24.9
P225509,Toys,54.32
P205437,Sports,61.25
P224547,Electronics,73.01
P232518,Fashion,17.11
P223830,Electronics,1012.9
P245045,Fashion,35.79
P246553,Toys,5.34
P222349,Beauty,64.28
P229289,Electronics,286.6
P205915,Fashion,42.0
P209734,Sports,153.4
P214703,Toys,6.46
P222499,Grocery,38.56
P221478,Grocery,3.54
P202382,Home,38.96
P230128,Sports,11.23
P225583,Fashion,5.98
P242241,Electronics,232.03
P241080,Fashion,16.71
P246799,Electronics,1485.49
P232907,Home,61.25
P234583,Grocery,5.55
P237069,Grocery,29.16
P245098,Grocery,2.36
P240053,Home,37.15
P210446,Toys,21.63
P223162,Grocery,7.46
P214150,Grocery,2.36
P241304,Sports,153.42
P229837,Beauty,4.96
P236003,Grocery,5.21
P201387,Grocery,4.85
P200983,Sports,80.9
P247114,Toys,8.45
P232151,Home,84.1
P219378,Electronics,326.99
P207548,Home,310.87
P239621,Home,30.15
P200775,Sports,90.22
P221365,Electronics,56.03
P230707,Electronics,439.37
P224137,Fashion,63.22
P221531,Fashion,36.68
P217870,Toys,6.07
P249547,Home,88.26
P245738,Toys,2.47
P202001,Home,73.25
P244407,Toys,37.87
P214756,Beauty,13.13
P240830,Grocery,12.8
P227863,Fashion,19.88
P210046,Home,28.98
P223652,Grocery,10.69
P236956,Sports,13.58
P213886,Toys,48.19
P239117,Beauty,154.29
P231823,Fashion,250.27
P238948,Fashion,69.19
P213322,Beauty,39.73
P207794,Grocery,10.89
P246169,Fashion,17.12
P249895,Fashion,86.24
P206162,Fashion,20.45
P248691,Toys,22.65
P216757,Home,182.82
P205905,Home,119.39
P228765,Toys,23.37
P245044,Fashion,22.04
P219404,Electronics,984.17
P215508,Electronics,91.91
P219676,Fashion,52.54
P223260,Beauty,13.23
P201564,Fashion,13.08
P213870,Fashion,81.09
P214219,Electronics,522.65
P216441,Fashion,255.58
P219880,Grocery,4.14
P210379,Beauty,63.15
P229593,Toys,26.18
P217971,Sports,86.01
P208969,Beauty,14.66
P220646,Sports,292.29
P243508,Fashion,14.52
P227519,Fashion,5.83
P204014,Toys,46.14
P205107,Home,37.1
P244638,Grocery,1.46
P237096,Home,46.85
P237423,Home,293.26
P238626,Home,12.15
P238388,Beauty,5.61
P241880,Toys,2.5
P232332,Fashion,145.98
P234010,Fashion,118.42
P223399,Beauty,18.71
P249232,Beauty,15.31
P202661,Grocery,8.32
P204798,Grocery,8.14
P200540,Home,65.06
P222329,Electronics,591.11
P225850,Toys,15.95
P203157,Home,106.03
P237485,Electronics,604.57
P205336,Fashion,72.2
P207165,Beauty,15.56
P242280,Grocery,3.22
P205209,Home,173.7
P214490,Electronics,385.51
P227601,Sports,80.03
P207645,Sports,24.56
P238508,Beauty,14.43
P236922,Home,132.26
P235433,Beauty,9.28
P206018,Sports,109.87
P226374,Sports,36.25
P245839,Grocery,6.16
P221535,Electronics,590.5
P231320,Beauty,19.19
P218962,Home,51.2
P201026,Sports,92.51
P204473,Sports,86.69
P204667,Grocery,47.89
P227889,Toys,7.79
P226140,Electronics,100.98
P216970,Beauty,10.32
P233452,Fashion,25.46
P222426,Fashion,57.76
P203268,Electronics,90.25
P228066,Electronics,297.01
P200658,Fashion,37.49
P234064,Fashion,27.18
P234293,Sports,37.72
P239918,Electronics,266.47
P207792,Home,17.6
P206604,Fashion,97.43
P247821,Home,236.34
P238557,Sports,68.4
P238521,Electronics,274.58
P248312,Fashion,17.31
P223018,Grocery,1.01
P205108,Electronics,192.16
P227150,Grocery,1.24
P208401,Home,13.94
P217007,Sports,218.54
P209997,Home,30.41
P205261,Beauty,10.19
P204268,Beauty,19.51
P205984,Sports,84.1
P231862,Beauty,61.86
P232458,Sports,35.84
P200010,Fashion,145.49
P225903,Electronics,50.84
P226946,Sports,75.01
P202389,Toys,28.07
P206364,Toys,5.88
P227033,Fashion,96.75
P248545,Sports,15.16
P211865,Electronics,280.22
P212327,Grocery,6.91
P235078,Electronics,423.77
P224001,Home,15.36
P203839,Beauty,32.68
P240349,Beauty,75.83
P225398,Grocery,2.7
P225036,Grocery,13.42
P238005,Sports,115.39
P201740,Fashion,111.51
P218508,Grocery,4.46
P231611,Home,34.9
P231109,Home,178.62
P241613,Home,140.15
P221383,Sports,137.56
P244501,Toys,20.03
P225319,Beauty,35.65
P239334,Electronics,339.81
P223728,Grocery,53.92
P233620,Beauty,19.59
P230442,Electronics,54.08
P242521,Sports,337.32
P221452,Home,93.47
P212137,Toys,4.53
P243636,Home,32.3
P214905,Beauty,3.72
P221773,Fashion,17.62
P230024,Home,578.26
P217702,Fashion,24.6
P204254,Fashion,59.16
P249007,Electronics,414.48
P208498,Electronics,1166.97
P212174,Home,182.2
P229422,Electronics,87.86
P201896,Grocery,19.27
P245646,Home,49.51
P238744,Home,49.86
P249105,Home,38.17
P208340,Beauty,9.33
P217423,Home,68.54
P242350,Home,159.81
P236672,Sports,65.23
P200703,Electronics,93.43
P238238,Sports,87.71
P206440,Electronics,153.8
P231937,Beauty,12.87
P202024,Home,11.03
P215751,Home,109.76
P212730,Beauty,32.21
P221380,Sports,268.09
P228972,Sports,31.59
P249557,Fashion,164.97
P232359,Toys,9.74
P200243,Sports,66.94
P247953,Fashion,11.1
P215799,Home,134.59
P212470,Electronics,453.85
P213772,Home,504.3
P227382,Toys,30.98
P233909,Toys,25.34
P204126,Grocery,2.06
P219408,Electronics,116.34
P214863,Toys,10.63
P213584,Home,366.85
P223391,Fashion,24.76
P219840,Home,231.3
P236965,Toys,4.15
P225671,Home,152.82
P238592,Grocery,20.88
P212097,Beauty,22.18
P218839,Home,201.71
P244883,Fashion,68.24
P217774,Electronics,260.64
P249769,Beauty,13.24
P202469,Home,82.96
P212468,Beauty,22.02
P235470,Toys,4.75
P240873,Beauty,12.6
P203165,Sports,39.17
P211370,Fashion,47.28
P243251,Grocery,6.27
P247526,Sports,200.23
P237198,Electronics,221.47
P242006,Toys,12.48
P238760,Grocery,53.85
P228942,Toys,10.22
P245017,Home,28.56
P232209,Grocery,28.55
P239365,Electronics,858.89
P201407,Beauty,9.29
P241969,Home,99.84
P238325,Grocery,1.58
P215515,Toys,17.65
P236174,Toys,39.15
P211794,Fashion,29.84
P205700,Grocery,11.54
P227391,Electronics,650.08
P210740,Beauty,5.77
P201545,Home,23.06
P223691,Electronics,931.22
P216518,Grocery,28.22
P228054,Grocery,2.48
P206003,Electronics,873.07
P234032,Electronics,357.99
P218156,Grocery,3.91
P249316,Electronics,817.86
P245380,Beauty,52.14
P248787,Fashion,43.89
P241579,Electronics,250.97
P206725,Sports,29.29
P221682,Fashion,94.35
P227727,Beauty,89.9
P239582,Toys,54.5
P216185,Sports,78.82
P236740,Fashion,40.17
P207594,Sports,244.86
P239032,Sports,23.51
P227350,Toys,61.61
P215874,Toys,10.96
P204480,Fashion,15.2
P230435,Grocery,18.51
P230120,Electronics,738.24
P206619,Grocery,4.05
P202607,Fashion,19.24
P208580,Grocery,1.17
P219788,Fashion,122.28
P222026,Fashion,6.97
P217173,Sports,19.86
P234262,Electronics,142.81
P231152,Fashion,86.59
P227706,Toys,4.5
P230466,Beauty,24.4
P244025,Sports,22.18
P224279,Grocery,13.4
P211837,Home,14.27
P224209,Home,65.02
P212220,Grocery,3.49
P203965,Beauty,23.18
P242276,Sports,163.06
P249333,Fashion,11.35
P238768,Fashion,74.72
P227230,Sports,20.24
P223629,Home,86.91
P217373,Grocery,19.38
P229155,Grocery,41.37
P242685,Home,71.55
P233474,Electronics,260.55
P223036,Home,316.43
P204847,Home,154.0
P220714,Sports,129.47
P212893,Home,217.04
P204649,Home,324.44
P211613,Electronics,339.94
P239364,Grocery,30.03
P246706,Fashion,19.08
P241382,Home,283.38
P222533,Fashion,22.12
P210106,Beauty,15.96
P212277,Electronics,81.73
P244142,Toys,26.4
P204646,Electronics,94.78
P206090,Toys,2.81
P226634,Fashion,108.59
P226221,Sports,68.15
P245552,Sports,143.51
P215392,Grocery,1.94
P243752,Home,104.31
P219643,Beauty,4.75
P239647,Electronics,366.21
P214793,Fashion,10.96
P231794,Grocery,9.92
P207438,Beauty,8.37
P218895,Home,39.01
P218474,Fashion,41.39
P237402,Fashion,44.85
P216504,Toys,15.66
P206768,Grocery,15.59
P248125,Electronics,666.3
P229810,Sports,231.9
P200620,Toys,21.18
P220447,Grocery,9.66
P233221,Beauty,8.59
P219118,Home,27.85
P246599,Beauty,26.01
P200958,Electronics,1002.13
P210200,Sports,42.06
P229318,Sports,20.3
P233530,Sports,64.22
P247837,Beauty,3.01
P229840,Beauty,4.24
P222904,Electronics,918.77
P218435,Grocery,27.86
P247897,Beauty,5.99
P232071,Sports,25.62
P241156,Fashion,155.8
P224191,Grocery,23.11
P249412,Home,384.95
P206746,Sports,50.04
P228484,Grocery,2.55
P238658,Grocery,13.58
P206053,Sports,344.56
P234048,Electronics,95.25
P216519,Grocery,23.5
P240645,Grocery,6.87
P202545,Electronics,89.89
P214447,Home,90.9
P229959,Beauty,19.44
P211677,Electronics,52.97
P208560,Fashion,36.63
P203662,Beauty,28.54
P248505,Grocery,20.05
P213055,Electronics,83.72
P239497,Grocery,28.54
P212798,Grocery,3.42
P213107,Home,289.18
P206520,Home,15.19
P216928,Grocery,3.8
P236191,Electronics,178.97
P229476,Fashion,25.34
P226948,Home,22.22
P204483,Grocery,10.51
P245295,Beauty,6.03
P239887,Sports,17.6
P217481,Electronics,60.96
P210718,Toys,54.06
P223244,Grocery,5.39
P238203,Home,96.68
P245123,Sports,26.87
P227629,Home,78.62
P231257,Electronics,118.7
P218327,Fashion,22.85
P234487,Electronics,888.46
P205768,Home,31.2
P224866,Sports,73.15
P244649,Fashion,58.17
P209166,Home,339.3
P209042,Fashion,145.98
P211969,Beauty,12.86
P204641,Fashion,9.81
P228536,Beauty,8.42
P214374,Electronics,76.75
P214102,Sports,27.06
P233359,Fashion,17.52
P233517,Beauty,8.97
P234987,Beauty,10.87
P209029,Home,12.48
P247545,Fashion,32.11
P211322,Electronics,1266.15
P244441,Fashion,34.22
P241493,Sports,175.05
P212654,Grocery,12.16
P207508,Electronics,336.23
P247859,Electronics,1001.71
P200264,Fashion,59.54
P216025,Fashion,105.65
P246117,Sports,91.8
P241341,Beauty,15.78
P211488,Grocery,1.5
P242126,Sports,21.58
P243438,Electronics,390.01
P202071,Fashion,18.43
P224970,Beauty,34.09
P247736,Electronics,156.61
P214454,Electronics,168.24
P207840,Home,18.34
P229654,Electronics,309.72
P211849,Fashion,21.68
P220403,Fashion,89.02
P210431,Toys,33.8
P222442,Fashion,11.76
P213008,Fashion,47.75
P247487,Toys,10.25
P229144,Home,63.83
P214091,Home,93.69
P222455,Sports,421.15
P234818,Electronics,641.48
P203121,Electronics,561.86
P209116,Fashion,45.34
P204971,Sports,53.9
P244535,Electronics,681.97
P229644,Beauty,13.46
P224079,Fashion,49.17
P228327,Sports,39.23
P236122,Home,207.23
P237242,Electronics,284.86
P203397,Fashion,115.89
P212412,Electronics,108.33
P248519,Home,662.33
P229151,Sports,38.38
P203472,Toys,9.86
P205481,Grocery,2.7
P238977,Beauty,4.88
P219883,Fashion,34.44
P223656,Sports,166.67
P209304,Toys,34.29
P221080,Grocery,17.3
P245911,Sports,98.12
P243013,Beauty,6.17
P212445,Home,122.87
P228894,Home,224.45
P238570,Home,114.13
P239420,Electronics,262.22
P216052,Fashion,44.45
P227734,Fashion,66.26
P235396,Grocery,4.73
P236219,Fashion,97.32
P241497,Beauty,16.39
P201436,Toys,26.24
P211007,Fashion,24.4
P228341,Electronics,443.98
P231014,Grocery,1.59
P235830,Sports,270.46
P207551,Toys,23.5
P248431,Toys,38.36
P237179,Fashion,76.77
P204841,Home,89.46
P240729,Sports,31.63
P217102,Home,35.41
P219111,Electronics,547.17
P207546,Home,99.58
P231799,Electronics,124.33
P221584,Toys,7.38
P219361,Home,17.82
P214484,Fashion,14.57
P247871,Sports,11.26
P247448,Home,157.78
P214101,Sports,97.25
P242774,Electronics,1486.25
P236248,Electronics,517.59
P242701,Beauty,9.93
P213261,Grocery,17.2
P213209,Fashion,5.6
P208221,Electronics,359.74
P247833,Fashion,11.27
P219877,Electronics,274.31
P225557,Grocery,38.18
P207526,Fashion,22.46
P238049,Sports,59.6
P201251,Fashion,99.46
P206889,Electronics,849.62
P246152,Grocery,39.9
P245454,Fashion,39.13
P228766,Grocery,27.03
P229146,Electronics,188.49
P208052,Grocery,6.62
P232548,Beauty,25.96
P237638,Fashion,36.07
P201147,Home,304.19
P202847,Fashion,8.38
P220234,Beauty,75.81
P219454,Beauty,18.19
P233388,Electronics,263.4
P233731,Grocery,24.16
P239983,Home,154.46
P243820,Fashion,156.08
P226076,Fashion,43.89
P230752,Toys,18.09
P216003,Home,479.39
P207418,Beauty,66.94
P217710,Grocery,4.08
P200121,Sports,46.05
P227773,Fashion,142.82
P217566,Sports,91.48
P233562,Grocery,2.3
P242584,Electronics,290.32
P220655,Fashion,12.85
P208483,Electronics,148.14
P232688,Home,33.95
P240094,Electronics,108.96
P241450,Toys,96.25
P225209,Grocery,5.66
P246316,Sports,91.96
P218556,Electronics,56.59
P227962,Fashion,85.73
P236675,Beauty,3.9
P221083,Fashion,20.78
P207081,Grocery,14.04
P213353,Fashion,5.75
P219852,Electronics,75.46
P200490,Sports,108.25
P204263,Electronics,112.39
P207769,Beauty,126.82
P225334,Home,85.36
P217581,Beauty,6.93
P232749,Toys,3.51
P211635,Grocery,8.18
P201904,Sports,172.84
P205269,Toys,13.36
P230968,Beauty,6.73
P212467,Sports,50.47
P235959,Electronics,276.49
P232795,Fashion,29.39
P222644,Sports,170.06
P235518,Fashion,111.96
P202879,Grocery,6.77
P204357,Beauty,17.58
P228301,Sports,110.95
P210865,Fashion,17.21
P202832,Fashion,56.59
P235877,Grocery,15.07
P228868,Grocery,6.34
P242420,Sports,100.49
P205758,Home,37.7
P234201,Sports,56.94
P204428,Fashion,43.67
P240466,Electronics,162.57
P208111,Beauty,9.59
P223247,Toys,31.77
P248287,Toys,33.09
P230447,Toys,37.59
P248503,Fashion,99.75
P230564,Sports,51.75
P245252,Fashion,7.65
P209975,Sports,124.96
P245281,Beauty,8.44
P202642,Beauty,17.71
P240345,Sports,27.6
P213849,Beauty,15.17
P219344,Toys,20.68
P221214,Fashion,12.88
P238226,Sports,137.13
P226155,Electronics,661.92
P206680,Grocery,18.95
P212507,Electronics,308.88
P209419,Grocery,13.21
P222559,Sports,18.36
P203160,Electronics,556.57
P207872,Sports,18.9
P215652,Toys,63.28
P206859,Home,353.76
P213304,Toys,57.23
P249266,Sports,78.18
P247825,Beauty,95.31
P203980,Grocery,30.34
P249620,Fashion,87.36
P200425,Toys,26.51
P208141,Home,28.96
P249985,Grocery,9.74
P231803,Sports,199.09
P247084,Fashion,88.98
P247588,Sports,290.55
P204106,Beauty,4.92
P220087,Electronics,452.58
P219865,Toys,31.42
P238589,Toys,20.15
P243130,Beauty,19.77
P239163,Grocery,13.3
P241563,Fashion,31.81
P215843,Electronics,181.38
P228477,Toys,25.7
P232457,Beauty,22.02
P248109,Electronics,709.89
P227330,Fashion,17.67
P229211,Home,137.37
P237569,Beauty,51.33
P248114,Toys,7.3
P201758,Beauty,5.11
P238548,Sports,490.39
P229169,Toys,19.1
P211260,Sports,76.11
P232350,Grocery,6.44
P241741,Toys,13.74
P232678,Electronics,536.03
P245181,Grocery,33.73
P217910,Fashion,10.45
P217725,Sports,30.62
P212299,Beauty,17.01
P229989,Fashion,42.17
P205559,Electronics,727.53
P238694,Toys,17.36
P232597,Home,98.34
P248943,Grocery,29.87
P244422,Fashion,56.41
P246759,Toys,32.45
P240443,Fashion,131.39
P242107,Toys,35.39
P228019,Sports,51.04
P222841,Electronics,676.17
P235362,Toys,38.95
P209740,Toys,26.96
P203155,Toys,4.99
P223572,Toys,9.7
P200978,Fashion,45.11
P210497,Home,10.46
P244843,Sports,194.78
P219431,Electronics,199.89
P235357,Beauty,34.49
P223167,Sports,154.22
P205942,Toys,17.62
P218983,Electronics,557.56
P245279,Beauty,13.93
P217577,Sports,176.54
P226333,Fashion,13.58
P224180,Sports,120.88
P241207,Grocery,5.41
P242344,Toys,38.29
P209564,Beauty,14.48
P211105,Grocery,11.59
P248533,Home,65.34
P220056,Beauty,34.57
P247561,Electronics,332.85
P247689,Grocery,9.37
P232135,Beauty,3.5
P239949,Home,133.03
P204511,Home,36.33
P222772,Electronics,181.28
P215421,Fashion,108.75
P227116,Grocery,11.49
P207775,Electronics,235.6
P210707,Fashion,87.16
P240716,Beauty,50.98
P229814,Fashion,12.98
P222607,Toys,5.78
P227957,Toys,3.54
P230278,Grocery,9.64
P208216,Home,194.5
P210006,Grocery,1.36
P233993,Toys,5.85
P234016,Toys,21.09
P248637,Sports,15.18
P219226,Toys,55.88
P238466,Electronics,511.8
P217966,Sports,53.7
P204848,Toys,17.12
P242673,Electronics,202.36
P211783,Fashion,34.87
P246156,Fashion,49.58
P235906,Toys,12.0
P210924,Toys,21.07
P204642,Sports,71.53
P211155,Home,50.04
P212055,Toys,5.69
P238966,Sports,100.59
P215965,Electronics,227.25
P242456,Fashion,16.75
P244687,Home,11.74
P231990,Toys,16.14
P221942,Home,657.87
P242695,Electronics,1389.4
P246827,Grocery,2.41
P226843,Grocery,3.51
P205490,Grocery,22.82
P221719,Beauty,50.07
P249200,Electronics,52.52
P238684,Sports,36.63
P218894,Toys,3.14
P230837,Home,100.98
P201746,Toys,21.35
P225071,Beauty,23.02
P208170,Fashion,28.46
P233401,Grocery,9.16
P212889,Grocery,61.76
P219104,Home,34.16
P215140,Beauty,28.39
P227736,Fashion,58.58
P208152,Electronics,187.87
P248486,Grocery,4.21
P219741,Grocery,14.85
P238147,Sports,376.7
P222354,Electronics,263.1
P208666,Home,83.0
P228403,Electronics,189.48
P242606,Electronics,589.7
P234726,Beauty,10.23
P248689,Home,65.72
P240116,Fashion,21.33
P205884,Sports,124.06
P219998,Electronics,145.58
P203820,Electronics,579.28
P204322,Home,104.06
P238235,Electronics,357.24
P238270,Grocery,7.68
P239217,Fashion,87.77
P224923,Home,144.07
P233750,Grocery,1.74
P232333,Electronics,841.21
P241691,Sports,35.52
P247757,Fashion,36.51
P222912,Home,193.59
P221983,Fashion,41.33
P246197,Electronics,51.41
P247164,Electronics,56.73
P243560,Fashion,9.63
P225028,Sports,99.85
P204073,Beauty,89.86
P202234,Electronics,881.85
P215273,Electronics,392.44
P249253,Grocery,16.29
P223818,Toys,34.91
P244667,Electronics,184.99
P223704,Grocery,4.29
P229362,Beauty,13.47
P246506,Beauty,4.22
P210850,Toys,69.11
P230638,Home,187.11
P216919,Sports,33.61
P223884,Sports,39.05
P218084,Electronics,230.22
P239807,Fashion,16.38
P230301,Grocery,1.54
P230550,Home,209.35
P245179,Fashion,10.61
P207469,Electronics,50.78
P206492,Fashion,59.13
P201971,Toys,43.62
P246350,Home,163.58
P226169,Home,67.91
P217096,Toys,7.53
P236423,Sports,23.04
P212534,Home,443.84
P212768,Toys,54.29
P228660,Fashion,27.98
P209640,Fashion,24.57
P220032,Electronics,157.04
P226589,Electronics,1005.38
P216976,Beauty,33.02
P200497,Beauty,7.48
P202134,Grocery,9.31
P205412,Grocery,4.51
P204292,Fashion,121.69
P231826,Home,168.0
P200026,Toys,3.8
P212108,Toys,47.15
P214470,Beauty,11.92
P202253,Electronics,267.25
P229274,Sports,103.63
P245417,Toys,13.88
P242243,Beauty,3.74
P247761,Home,52.46
P201086,Sports,45.33
P224406,Fashion,80.05
P234783,Beauty,6.25
P221451,Electronics,112.48
P209907,Toys,20.73
P207123,Grocery,2.84
P246702,Grocery,10.01
P226302,Fashion,6.76
P207084,Beauty,30.08
P219847,Fashion,122.51
P222805,Fashion,107.2
P214248,Home,20.07
P204467,Sports,97.91
P225384,Electronics,85.63
P202896,Home,17.24
P210362,Beauty,26.09
P219512,Fashion,46.78
P242110,Beauty,13.93
P225093,Sports,51.23
P217672,Fashion,90.6
P208937,Fashion,26.45
P247391,Electronics,180.37
P245475,Fashion,6.48
P228543,Toys,32.73
P238696,Electronics,185.75
P217081,Electronics,245.39
P211226,Home,218.06
P244936,Electronics,258.41
P230332,Electronics,56.5
P246957,Grocery,33.98
P239300,Grocery,7.11
P241470,Toys,8.91
P225113,Fashion,51.18
P205384,Fashion,130.65
P217750,Beauty,14.05
P217445,Sports,641.44
P228904,Home,214.94
P235075,Home,317.63
P229074,Toys,3.43
P209188,Sports,63.43
P242089,Grocery,3.52
P200303,Home,370.38
P221541,Toys,33.59
P203891,Sports,92.65
P209046,Toys,12.63
P229741,Sports,25.33
P248347,Home,138.75
P222664,Electronics,238.01
P205350,Home,85.94
P241777,Sports,152.42
P214025,Home,36.04
P228225,Electronics,225.66
P209164,Home,18.57
P236901,Electronics,77.07
P209370,Toys,16.69
P224830,Electronics,1454.76
P223955,Electronics,687.66
P247037,Grocery,8.68
P222985,Electronics,204.24
P223055,Sports,96.5
P225166,Toys,3.89
P241329,Home,588.67
P212389,Beauty,100.09
P219347,Fashion,131.03
P241623,Grocery,15.29
P216360,Fashion,39.39
P249841,Fashion,65.3
P214214,Beauty,12.25
P227222,Fashion,99.01
P206743,Sports,24.22
P235356,Home,224.22
P234796,Electronics,261.63
P229602,Electronics,772.28
P235537,Toys,34.8
P230854,Beauty,16.07
P219371,Toys,8.65
P240903,Grocery,14.2
P232524,Home,37.56
P246941,Electronics,314.62
P212667,Fashion,85.74
P242108,Sports,100.55
P247141,Fashion,119.85
P249932,Toys,12.77
P204405,Toys,18.68
P225131,Fashion,19.12
P219680,Electronics,85.46
P219697,Electronics,422.15
P239064,Home,70.93
P228283,Toys,54.32
P228444,Fashion,30.77
P235811,Beauty,78.27
P222363,Toys,4.21
P244804,Fashion,25.65
P219646,Fashion,63.05
P239804,Sports,23.24
P206726,Grocery,26.13
P236790,Toys,30.21
P241160,Toys,8.52
P218274,Sports,53.34
P224587,Electronics,278.59
P210168,Grocery,3.17
P215103,Home,108.76
P225901,Fashion,8.75
P230567,Beauty,15.43
P245030,Grocery,3.79
P239432,Sports,49.6
P203556,Toys,8.06
P240072,Beauty,29.7
P233133,Grocery,11.03
P215893,Electronics,580.01
P215866,Fashion,24.08
P200656,Fashion,262.24
P241120,Electronics,163.96
P215447,Electronics,375.09
P219854,Sports,85.97
P249696,Sports,21.79
P231196,Fashion,49.72
P212046,Electronics,279.42
P239194,Electronics,225.48
P234529,Fashion,25.9
P200956,Electronics,103.92
P224560,Fashion,56.61
P224175,Beauty,6.07
P241041,Fashion,91.92
P221295,Fashion,34.19
P214855,Electronics,352.23
P249598,Grocery,2.07
P213036,Fashion,18.23
P242133,Home,209.21
P238773,Toys,15.08
P213844,Home,59.02
P233146,Sports,30.95
P239877,Beauty,10.36
P244693,Electronics,537.3
P217524,Fashion,6.35
P220119,Grocery,4.28
P247679,Home,107.01
P217045,Electronics,150.45
P213163,Toys,6.71
P233155,Home,18.5
P228409,Grocery,11.04
P210111,Electronics,74.28
P245451,Home,165.29
P221119,Fashion,41.34
P224675,Sports,131.63
P247078,Home,65.06
P247977,Sports,63.56
P236937,Beauty,8.8
P223647,Home,15.31
P226953,Home,540.52
P242823,Beauty,3.18
P204019,Home,298.54
P238624,Home,98.05
P248695,Electronics,518.81
P245483,Home,211.63
P216418,Fashion,7.59
P226742,Home,100.54
P213682,Fashion,150.5
P244599,Beauty,105.11
P207618,Toys,4.99
P203380,Electronics,223.08
P215163,Home,53.96
P214725,Toys,40.86
P241135,Home,199.87
P246242,Grocery,18.81
P245969,Grocery,1.99
P229962,Grocery,6.38
P201586,Home,201.01
P246358,Fashion,23.87
P205422,Toys,65.46
P220042,Fashion,20.69
P200952,Home,152.05
P229532,Grocery,28.8
P238133,Toys,17.77
P210906,Home,41.27
P246518,Grocery,3.28
P242769,Home,87.05
P231275,Grocery,11.45
P243766,Sports,189.62
P211951,Sports,148.39
P214691,Toys,25.3
P211520,Electronics,377.13
P237676,Grocery,6.46
P230521,Electronics,512.38
P234727,Beauty,10.86
P237950,Sports,49.34
P200805,Sports,340.19
P235868,Fashion,323.54
P234343,Sports,10.17
P211922,Toys,24.83
P235383,Home,91.17
P244331,Beauty,10.9
P215040,Toys,15.92
P225187,Grocery,9.03
P238394,Electronics,152.57
P225136,Home,129.82
P243506,Home,272.9
P217010,Beauty,97.65
P239652,Sports,100.78
P244222,Home,106.65
P211974,Fashion,95.26
P208866,Home,37.49
P215015,Home,152.05
P237140,Beauty,41.92
P226670,Fashion,8.2
P236610,Beauty,49.22
P220695,Beauty,6.23
P224805,Fashion,14.51
P224190,Beauty,47.35
P244452,Home,157.52
P222752,Sports,44.35
P230508,Sports,113.28
P221517,Fashion,10.55
P241592,Electronics,327.8
P249035,Electronics,889.77
P210071,Home,260.77
P239077,Beauty,11.84
P220596,Toys,31.79
P209781,Sports,237.81
P240239,Home,50.38
P247560,Fashion,75.34
P234759,Home,44.8
P245924,Fashion,6.39
P242694,Beauty,19.11
P226839,Toys,30.56
P249264,Home,41.77
P202263,Electronics,66.19
P225002,Grocery,7.16
P235579,Toys,51.88
P212571,Home,189.36
P248225,Grocery,6.18
P207227,Sports,259.84
P241189,Fashion,113.01
P214207,Beauty,25.7
P246722,Beauty,13.84
P212672,Fashion,82.28
P241783,Electronics,404.2
P235286,Fashion,45.89
P220051,Electronics,486.0
P228879,Electronics,96.93
P228845,Electronics,914.95
P210015,Electronics,1222.92
P242064,Fashion,26.52
P217425,Grocery,39.63
P221496,Beauty,41.93
P217767,Beauty,64.11
P226467,Electronics,122.89
P217686,Grocery,4.97
P207118,Beauty,10.4
P211213,Home,23.04
P215501,Sports,54.29
P208868,Fashion,25.73
P229333,Grocery,6.65
P242523,Toys,3.26
P234028,Grocery,3.71
P210545,Electronics,164.03
P200357,Grocery,29.94
P221788,Beauty,66.97
P236002,Fashion,63.25
P216802,Electronics,667.91
P220339,Electronics,279.31
P201593,Home,195.48
P204602,Fashion,188.1
P246737,Electronics,107.52
P209577,Grocery,1.96
P245367,Sports,110.47
P230329,Home,103.52
P204572,Electronics,657.65
P249766,Beauty,10.52
P216250,Sports,156.33
P216633,Fashion,91.66
P244053,Fashion,24.35
P239388,Home,23.75
P226171,Beauty,49.55
P205869,Electronics,83.08
P205971,Sports,74.04
P213957,Sports,267.99
P221253,Toys,4.44
P207647,Fashion,16.31
P225499,Sports,23.96
P231785,Beauty,7.51
P216457,Toys,19.82
P209000,Toys,6.95
P234894,Sports,196.38
P218588,Fashion,14.5
P206470,Fashion,91.06
P215473,Beauty,39.59
P220063,Beauty,13.44
P212908,Sports,72.87
P211850,Beauty,33.08
P207187,Sports,117.18
P227856,Grocery,2.68
P243613,Home,228.51
P238481,Home,142.84
P214083,Sports,105.63
P225435,Sports,23.89
P202085,Toys,67.82
P239301,Beauty,45.95
P216183,Beauty,64.93
P233144,Grocery,1.13
P246953,Fashion,75.99
P201065,Electronics,590.54
P232488,Toys,19.16
P231460,Toys,13.5
P208820,Fashion,5.66
P246588,Grocery,2.81
P223146,Beauty,11.61
P208058,Electronics,474.86
P222852,Toys,2.11
P214118,Fashion,43.46
P236742,Beauty,7.24
P218335,Home,131.63
P220305,Electronics,362.95
P203424,Beauty,17.29
P247501,Toys,14.81
P214538,Electronics,130.8
P245276,Electronics,690.97
P226447,Beauty,10.52
P220015,Fashion,102.81
P202343,Electronics,558.98
P235107,Beauty,52.83
P225451,Toys,25.64
P201054,Toys,36.5
P223595,Beauty,13.7
P223685,Grocery,4.05
P216362,Toys,18.32
P233790,Home,80.34
P225025,Electronics,290.89
P241045,Grocery,30.57
P244282,Grocery,10.33
P213576,Sports,87.91
P211884,Electronics,558.49
P232785,Home,30.86
P201268,Electronics,371.54
P201176,Home,43.93
P218016,Electronics,365.99
P212745,Home,34.74
P211961,Electronics,586.28
P236381,Fashion,58.18
P239358,Electronics,933.02
P218972,Toys,11.3
P207626,Beauty,41.11
P229032,Fashion,30.71
P230226,Fashion,54.03
P228783,Toys,44.14
P208403,Fashion,27.11
P242216,Toys,15.03
P249310,Fashion,71.91
P202619,Fashion,64.99
P201347,Grocery,1.14
P203164,Electronics,122.12
P227788,Electronics,143.76
P207166,Home,226.33
P235219,Electronics,185.68
P244763,Toys,31.39
P200403,Toys,54.73
P210033,Fashion,23.46
P227224,Beauty,17.82
P218074,Home,22.06
P203485,Toys,8.87
P246519,Sports,87.7
P209448,Electronics,114.57
P220672,Toys,17.14
P227760,Sports,56.33
P209834,Fashion,6.96
P232279,Electronics,258.15
P227928,Fashion,24.99
P220829,Electronics,200.44
P222843,Fashion,109.73
P234712,Fashion,38.91
P219955,Fashion,19.33
P234328,Sports,164.64
P231632,Home,87.16
P237515,Sports,25.45
P207154,Sports,649.28
P228170,Home,13.65
P246857,Home,172.64
P249744,Sports,194.96
P231163,Beauty,13.7
P227244,Grocery,8.55
P205327,Sports,74.77
P225875,Beauty,3.48
P215656,Fashion,52.3
P218805,Fashion,53.87
P228855,Fashion,45.95
P204127,Fashion,109.9
P245891,Home,41.07
P238319,Fashion,40.69
P212973,Toys,34.0
P216845,Home,207.74
P237734,Toys,17.23
P248087,Grocery,7.63
P227281,Sports,55.45
P244283,Home,39.56
P216549,Sports,64.91
P234496,Sports,94.76
P224080,Home,213.3
P204697,Sports,126.49
P215730,Sports,80.94
P228245,Beauty,75.72
P244134,Sports,31.61
P218557,Beauty,5.26
P200037,Home,157.18
P229908,Home,180.14
P202021,Fashion,58.59
P208839,Beauty,33.69
P231005,Electronics,570.21
P220991,Toys,32.72
P239136,Electronics,1166.92
P243513,Home,106.79
P209914,Toys,5.27
P209948,Electronics,175.94
P228354,Grocery,11.32
P205873,Electronics,69.35
P207498,Home,194.01
P223556,Electronics,178.12
P232606,Electronics,234.02
P227091,Home,320.0
P205635,Sports,420.66
P233532,Electronics,510.05
P222690,Sports,37.0
P217036,Beauty,9.83
P245040,Fashion,22.84
P247911,Sports,27.21
P210321,Home,48.93
P220348,Home,134.81
P220995,Home,64.89
P224762,Sports,31.53
P205101,Beauty,6.44
P204247,Grocery,3.08
P209578,Grocery,7.37
P231774,Fashion,69.06
P243547,Toys,24.84
P202696,Electronics,204.55
P241008,Home,149.99
P246958,Beauty,8.82
P219713,Grocery,9.96
P243548,Toys,28.83
P225350,Beauty,5.61
P249801,Toys,2.22
P235816,Home,199.74
P202023,Beauty,6.04
P225656,Electronics,183.73
P221717,Electronics,427.71
P234842,Grocery,5.78
P232550,Sports,143.31
P235080,Fashion,61.68
P203474,Electronics,81.87
P203260,Toys,19.36
P249109,Electronics,270.39
P205618,Electronics,589.89
P245765,Fashion,79.51
P234118,Sports,43.22
P209285,Grocery,10.45
P238816,Sports,148.62
P228352,Electronics,196.04
P244056,Sports,16.07
P223707,Electronics,95.44
P222161,Fashion,51.32
P201854,Fashion,38.76
P218650,Fashion,14.08
P248321,Electronics,500.08
P229268,Toys,12.13
P231222,Electronics,309.08
P229121,Beauty,20.55
P218767,Toys,82.08
P238915,Fashion,77.88
P210017,Toys,56.79
P215094,Sports,94.83
P231236,Grocery,18.62
P207664,Toys,46.34
P229921,Fashion,7.06
P214573,Electronics,127.34
P201683,Electronics,446.77
P209390,Sports,155.96
P233777,Grocery,2.52
P231777,Fashion,133.39
P242667,Fashion,57.26
P229111,Beauty,7.14
P229980,Fashion,46.05
P235380,Fashion,25.74
P207226,Toys,12.27
P237109,Home,143.43
P217926,Beauty,10.74
P217621,Toys,17.08
P211167,Fashion,30.94
P205709,Toys,11.23
P213240,Electronics,698.42
P235031,Toys,4.96
P232146,Toys,12.39
P249434,Fashion,5.33
P207998,Sports,39.86
P249083,Fashion,52.8
P210812,Sports,41.11
P231101,Sports,218.68
P214228,Grocery,16.5
P224747,Fashion,8.58
P246300,Home,652.13
P229790,Grocery,39.22
P201882,Beauty,6.74
P238955,Toys,52.14
P218659,Home,115.12
P247420,Toys,54.13
P223258,Toys,69.72
P223886,Toys,25.26
P241560,Toys,8.77
P231343,Fashion,132.13
P203950,Fashion,35.3
P203889,Home,78.63
P228968,Beauty,44.99
P218976,Toys,2.63
P223016,Grocery,1.13
P209211,Electronics,73.37
P222742,Electronics,356.35
P229332,Beauty,20.73
P213089,Electronics,298.66
P248334,Toys,7.41
P204436,Electronics,249.83
P217087,Electronics,146.48
P225428,Home,52.16
P208497,Beauty,15.16
P226509,Grocery,41.82
P244747,Electronics,567.05
P241833,Beauty,23.59
P234349,Home,230.78
P203957,Electronics,1237.86
P237358,Beauty,11.17
P214913,Fashion,27.27
P209797,Fashion,69.2
P207531,Electronics,384.63
P213825,Grocery,23.94
P206911,Sports,51.9
P232316,Fashion,23.28
P217279,Grocery,3.08
P246223,Sports,37.52
P224416,Home,10.88
P228000,Home,208.17
P212045,Grocery,11.32
P236299,Toys,23.74
P210666,Fashion,13.75
P218245,Beauty,10.27
P232566,Beauty,4.52
P227339,Toys,119.63
P216414,Sports,19.31
P214281,Fashion,51.82
P248538,Electronics,181.07
P228031,Fashion,92.56
P216626,Sports,209.23
P223302,Electronics,481.77
P246691,Toys,3.29
P230112,Fashion,8.28
P205511,Sports,169.14
P238276,Electronics,397.87
P204668,Sports,399.65
P207015,Fashion,19.1
P231419,Grocery,2.23
P239430,Electronics,197.9
P231314,Beauty,8.46
P211614,Electronics,371.73
P204003,Sports,19.92
P226235,Fashion,77.8
P233366,Fashion,63.63
P232837,Fashion,70.55
P208139,Fashion,170.5
P203659,Grocery,21.46
P226225,Toys,3.75
P205634,Electronics,981.55
P235451,Grocery,42.46
P204562,Beauty,7.84
P204652,Fashion,6.78
P245949,Toys,8.93
P221315,Electronics,105.27
P204713,Grocery,5.3
P221984,Electronics,776.42
P220487,Beauty,4.24
P202075,Beauty,10.75
P220190,Beauty,3.58
P232263,Sports,27.76
P242293,Fashion,87.92
P211909,Fashion,6.88
P229212,Electronics,57.64
P214962,Grocery,14.23
P215853,Toys,3.83
P234822,Sports,55.68
P214375,Electronics,50.7
P244361,Beauty,14.03
P245964,Fashion,23.82
P202109,Sports,103.27
P201320,Beauty,19.94
P247482,Toys,24.32
P237185,Electronics,565.32
P203699,Grocery,36.7
P228209,Electronics,176.33
P239330,Home,52.65
P246415,Beauty,15.66
P222547,Sports,313.39
P214202,Sports,26.49
P229220,Electronics,128.28
P221762,Electronics,218.94
P208796,Home,69.95
P243364,Toys,39.34
P247304,Home,53.27
P211674,Beauty,25.01
P248415,Beauty,18.99
P202278,Toys,9.94
P248222,Home,144.04
P235118,Electronics,174.82
P203623,Beauty,5.33
P206530,Home,97.43
P249866,Fashion,101.74
P200924,Home,113.32
P219546,Sports,128.23
P237297,Beauty,26.11
P212270,Toys,34.75
P223356,Beauty,10.15
P204462,Electronics,625.73
P200888,Beauty,6.53
P222332,Fashion,24.21
P219973,Home,178.23
P246410,Sports,92.47
P201723,Beauty,12.1
P223410,Electronics,285.39
P208602,Beauty,4.42
P218614,Fashion,68.89
P244154,Fashion,18.32
P218444,Fashion,37.08
P202613,Toys,3.95
P242772,Electronics,453.19
P223082,Fashion,116.2
P215980,Home,90.14
P244866,Beauty,5.13
P200677,Toys,59.07
P211102,Sports,68.26
P240498,Sports,18.24
P203004,Grocery,2.68
P248170,Home,38.97
P208986,Electronics,105.04
P226269,Beauty,8.75
P214173,Electronics,239.58
P221118,Beauty,30.69
P232958,Home,422.67
P242956,Fashion,46.57
P243067,Grocery,19.37
P213740,Toys,24.01
P243069,Beauty,10.73
P238807,Electronics,77.05
P239213,Sports,20.17
P241597,Beauty,34.4
P204045,Grocery,4.42
P205624,Sports,154.51
P220542,Fashion,121.21
P243779,Electronics,185.46
P220495,Home,217.94
P220442,Toys,54.72
P240748,Sports,57.99
P225474,Electronics,122.09
P205586,Electronics,425.78
P207940,Electronics,334.73
P218606,Beauty,119.72
P234282,Fashion,68.74
P245506,Electronics,190.4
P202883,Beauty,70.29
P236594,Electronics,253.69
P230495,Toys,12.03
P212567,Fashion,15.62
P204339,Fashion,22.82
P233442,Fashion,5.11
P222673,Toys,23.21
P215426,Fashion,50.73
P210549,Beauty,86.66
P212219,Grocery,4.66
P203708,Fashion,28.4
P228788,Electronics,285.71
P201495,Beauty,22.31
P229434,Fashion,20.85
P236160,Home,47.78
P244466,Fashion,22.5
P207537,Grocery,44.53
P235553,Fashion,26.91
P228308,Grocery,3.34
P237570,Beauty,28.25
P215211,Grocery,15.44
P245528,Electronics,118.46
P203525,Grocery,9.27
P219901,Home,247.57
P204189,Toys,42.65
P245791,Beauty,49.64
P223317,Grocery,10.43
P231501,Toys,21.15
P218297,Fashion,129.68
P210649,Fashion,71.43
P223719,Sports,53.56
P246645,Beauty,13.57
P201150,Electronics,198.42
P236905,Beauty,8.09
P220520,Electronics,343.69
P201510,Fashion,105.01
P228546,Beauty,19.62
P213982,Electronics,130.4
P219636,Fashion,60.22
P232684,Toys,31.98
P210957,Fashion,92.2
P236706,Beauty,58.98
P233841,Home,133.96
P234960,Sports,59.19
P240975,Home,22.4
P240151,Beauty,6.73
P228129,Sports,209.51
P237939,Beauty,15.76
P206480,Home,106.22
P227544,Toys,13.88
P245426,Beauty,14.07
P202857,Fashion,8.11
P201428,Toys,15.98
P239491,Grocery,31.46
P246778,Beauty,24.61
P223163,Sports,205.02
P230904,Electronics,113.95
P214809,Fashion,31.52
P213272,Electronics,126.12
P244431,Beauty,9.87
P235689,Home,295.88
P208166,Toys,2.69
P212637,Fashion,70.41
P246534,Fashion,163.95
P210704,Beauty,22.46
P208502,Home,18.35
P215266,Fashion,39.37
P234089,Toys,31.61
P244356,Electronics,592.79
P220759,Beauty,7.49
P215046,Fashion,41.32
P225270,Fashion,101.65
P210806,Fashion,53.16
P241230,Home,96.35
P237988,Home,310.65
P235892,Toys,68.79
P229512,Grocery,4.53
P240954,Beauty,7.95
P208552,Toys,39.03
P211627,Toys,9.05
P225309,Electronics,56.3
P245756,Sports,63.89
P201350,Toys,2.81
P212276,Beauty,8.71
P221302,Toys,2.77
P238498,Home,14.45
P212384,Toys,5.32
P233094,Toys,14.22
P200993,Grocery,2.29
P221759,Beauty,26.83
P218150,Electronics,273.38
P245388,Electronics,70.16
P225756,Grocery,1.46
P248546,Fashion,17.33
P235549,Home,161.99
P239787,Home,441.92
P208290,Beauty,4.15
P238262,Sports,100.66
P202709,Beauty,7.83
P245422,Toys,7.77
P249137,Home,373.98
P244186,Home,198.87
P224085,Sports,28.47
P246537,Grocery,1.89
P240563,Home,99.47
P230832,Sports,15.32
P223472,Home,78.15
P248850,Fashion,84.19
P206711,Beauty,22.85
P215979,Electronics,557.84
P215049,Toys,3.96
P224997,Grocery,3.96
P215833,Home,10.76
P221746,Beauty,14.73
P221857,Beauty,52.44
P209603,Fashion,199.48
P211441,Fashion,56.59
P204570,Sports,305.12
P218467,Sports,32.12
P212845,Grocery,7.81
P242310,Fashion,13.07
P226943,Sports,46.93
P204833,Home,195.94
P239569,Toys,10.31
P243532,Fashion,30.67
P200639,Electronics,427.73
P244188,Sports,55.15
P213496,Fashion,63.2
P241145,Sports,362.22
P238168,Beauty,14.49
P229672,Beauty,11.12
P215945,Sports,111.71
P208719,Electronics,55.56
P236027,Toys,23.77
P236251,Beauty,7.89
P219403,Sports,323.77
P226809,Fashion,47.19
P242527,Fashion,11.66
P225150,Toys,3.07
P210226,Home,288.73
P246940,Beauty,49.58
P237172,Beauty,16.95
P242172,Beauty,5.24
P238705,Electronics,210.64
P234202,Fashion,75.28
P208729,Electronics,402.04
P223938,Home,273.82
P237721,Grocery,19.32
P209766,Home,62.76
P208384,Toys,10.21
P225762,Fashion,56.3
P225050,Home,276.28
P220653,Fashion,24.52
P213507,Sports,76.01
P207378,Home,15.82
P242773,Fashion,11.18
P245755,Electronics,95.97
P235205,Electronics,187.08
P211571,Toys,4.44
P237320,Grocery,9.04
P248853,Electronics,151.9
P230190,Beauty,10.79
P223580,Electronics,241.65
P236522,Fashion,99.55
P206265,Home,198.86
P244489,Sports,221.59
P201837,Fashion,62.98
P217409,Sports,22.55
P217042,Beauty,70.66
P228986,Sports,52.35
P220205,Fashion,195.07
P235143,Fashion,104.26
P249427,Electronics,65.72
P245507,Electronics,605.22
P234356,Home,19.61
P220965,Electronics,670.34
P212854,Electronics,890.2
P233013,Grocery,1.32
P231654,Toys,6.89
P241848,Fashion,6.15
P223054,Sports,85.1
P208192,Electronics,475.73
P245206,Grocery,7.42
P216281,Toys,7.31
P205863,Beauty,24.39
P209702,Sports,200.4
P236539,Home,78.27
P242088,Sports,15.26
P216077,Electronics,624.38
P225273,Beauty,13.13
P202419,Electronics,868.5
P213518,Home,168.7
P207396,Grocery,6.77
P219012,Grocery,9.04
P240077,Toys,17.78
P211981,Electronics,251.51
P202756,Fashion,77.59
P205023,Sports,11.25
P226418,Toys,5.23
P221219,Grocery,6.95
P245326,Toys,23.95
P217094,Electronics,176.68
P237853,Grocery,9.16
P205646,Toys,19.51
P243927,Home,225.0
P211991,Beauty,13.9
P218978,Beauty,38.79
P217476,Fashion,92.9
P235723,Home,107.28
P224787,Beauty,11.6
P226157,Fashion,145.91
P244791,Beauty,40.67
P209635,Beauty,4.04
P240412,Beauty,18.21
P235765,Electronics,306.88
P219363,Electronics,187.41
P203605,Sports,50.22
P249762,Grocery,16.04
P241405,Fashion,69.82
P209152,Fashion,37.91
P232898,Electronics,93.66
P235415,Sports,236.92
P230343,Beauty,10.39
P245039,Electronics,184.53
P247477,Electronics,533.03
P247654,Beauty,38.33
P203729,Sports,164.51
P237199,Sports,83.22
P231455,Beauty,7.26
P229812,Fashion,43.72
P201024,Electronics,120.07
P216921,Fashion,49.59
P232179,Home,231.01
P237359,Home,110.1
P232037,Fashion,8.06
P233275,Fashion,19.74
P236692,Fashion,201.68
P208872,Home,260.5
P225335,Home,355.42
P220607,Beauty,5.52
P224466,Beauty,4.6
P218930,Fashion,14.39
P205019,Sports,40.88
P236342,Toys,54.4
P239314,Electronics,354.68
P219664,Beauty,42.37
P247445,Fashion,50.31
P216924,Fashion,28.73
P212642,Grocery,8.23
P223086,Beauty,22.57
P249496,Grocery,20.4
P237947,Electronics,150.75
P247791,Electronics,229.09
P230462,Beauty,20.96
P239140,Grocery,1.73
P232076,Sports,147.21
P243339,Home,82.31
P241358,Fashion,59.86
P247939,Fashion,86.92
P244366,Sports,15.85
P246490,Electronics,66.35
P209486,Sports,23.41
P232158,Grocery,6.1
P214681,Toys,7.18
P211701,Electronics,191.09
P226611,Fashion,83.56
P205523,Home,66.87
P245793,Sports,116.03
P220233,Electronics,201.54
P247524,Home,73.86
P246259,Beauty,22.52
P219442,Beauty,21.96
P225882,Toys,28.64
P202465,Fashion,112.8
P204451,Sports,25.66
P216061,Electronics,221.87
P200015,Home,97.68
P204410,Beauty,60.62
P218964,Electronics,146.72
P248592,Electronics,99.58
P207948,Home,32.16
P241028,Grocery,13.73
P207232,Electronics,705.02
P243819,Home,56.59
P247950,Electronics,904.47
P204835,Electronics,512.27
P226066,Beauty,3.51
P228381,Toys,14.21
P210769,Electronics,213.94
P216656,Electronics,1465.03
P213148,Sports,24.32
P206069,Home,25.03
P205640,Electronics,383.11
P236752,Fashion,58.25
P221274,Grocery,3.1
P207701,Home,263.31
P219365,Toys,42.7
P203039,Home,80.95
P231915,Sports,102.02
P243642,Electronics,282.33
P247839,Toys,3.86
P244897,Electronics,541.76
P246889,Fashion,37.94
P241215,Beauty,26.25
P202487,Beauty,14.7
P234126,Sports,12.94
P227058,Sports,162.03
P208499,Electronics,56.92
P206131,Electronics,55.74
P235934,Home,14.47
P224984,Sports,26.56
P200825,Toys,7.18
P201191,Sports,37.91
P243094,Home,141.67
P214707,Fashion,18.59
P228769,Electronics,613.41
P206813,Beauty,14.9
P226350,Electronics,461.81
P228992,Beauty,12.74
P243827,Beauty,68.78
P233975,Toys,10.9
P243736,Electronics,211.47
P204943,Fashion,24.47
P226519,Grocery,9.36
P226756,Fashion,74.96
P243060,Beauty,9.65
P221220,Electronics,459.69
P247798,Home,198.71
P228694,Grocery,27.24
P248233,Beauty,3.59
P228250,Sports,21.88
P213942,Fashion,157.29
P233227,Grocery,2.77
P241609,Beauty,19.39
P212769,Electronics,109.36
P216503,Electronics,592.98
P210447,Electronics,82.98
P208509,Electronics,79.09
P222865,Grocery,10.25
P216134,Fashion,18.38
P216201,Fashion,58.27
P241353,Home,162.01
P213258,Fashion,93.48
P203228,Electronics,117.49
P249228,Beauty,5.0
P200408,Grocery,18.74
P247497,Home,260.07
P205773,Home,39.77
P236765,Grocery,4.32
P240075,Home,123.18
P209179,Home,32.27
P205617,Home,56.28
P203907,Home,63.56
P213841,Beauty,3.28
P225330,Home,148.54
P249827,Beauty,7.88
P232199,Fashion,47.42
P226286,Beauty,23.22
P219859,Grocery,2.34
P206816,Sports,15.09
P249693,Fashion,38.19
P226831,Fashion,156.11
P217368,Grocery,2.03
P219045,Fashion,65.55
P233385,Grocery,3.8
P224644,Sports,50.08
P205639,Sports,93.88
P230330,Sports,100.43
P211616,Toys,2.99
P232768,Electronics,68.24
P245373,Sports,65.71
P247612,Fashion,5.02
P220822,Toys,25.31
P221192,Grocery,4.81
P228857,Beauty,14.66
P243646,Beauty,51.94
P217311,Beauty,12.58
P233957,Electronics,592.21
P214974,Fashion,113.98
P246984,Sports,40.26
P246893,Fashion,12.52
P235136,Toys,6.29
P226314,Home,276.4
P229852,Home,54.39
P224282,Fashion,194.67
P211237,Fashion,59.51
P237148,Grocery,24.5
P228448,Beauty,36.68
P231771,Fashion,28.03
P245721,Electronics,695.43
P202588,Toys,19.45
P214815,Beauty,29.24
P206356,Electronics,178.26
P220069,Grocery,53.3
P241889,Home,263.89
P214695,Grocery,3.11
P220783,Fashion,16.21
P201403,Beauty,36.83
P202285,Electronics,297.13
P201728,Fashion,106.52
P211430,Fashion,113.2
P234017,Grocery,42.38
P233646,Electronics,101.42
P228922,Home,20.88
P211543,Beauty,22.9
P226563,Sports,43.82
P225553,Toys,7.42
P248860,Grocery,10.6
P240470,Sports,74.69
P207578,Toys,14.84
P221263,Beauty,15.73
P210668,Sports,137.69
P216922,Home,135.57
P212232,Fashion,37.9
P209092,Fashion,67.71
P234234,Home,49.95
P243975,Fashion,114.35
P240482,Beauty,14.88
P218117,Fashion,24.51
P223095,Home,51.21
P218302,Fashion,8.99
P240934,Toys,49.96
P210903,Grocery,16.22
P242446,Fashion,66.17
P214885,Home,456.97
P206099,Grocery,6.4
P249349,Electronics,159.58
P242927,Fashion,5.83
P246578,Grocery,6.62
P209726,Home,19.78
P209540,Grocery,26.74
P208102,Electronics,458.66
P212754,Toys,9.13
P233363,Fashion,46.45
P208330,Beauty,42.19
P200241,Home,177.0
P218747,Sports,12.88
P247770,Grocery,21.26
P200134,Fashion,9.63
P227835,Sports,154.54
P220145,Grocery,4.82
P243084,Home,113.36
P231119,Sports,89.11
P231093,Fashion,36.3
P234278,Beauty,9.78
P219180,Home,79.44
P206907,Beauty,53.71
P237280,Home,28.76
P237070,Home,21.4
P230003,Electronics,839.67
P219748,Toys,12.32
P223152,Beauty,25.71
P209591,Sports,126.47
P209742,Grocery,57.31
P203411,Fashion,10.88
P216466,Home,27.55
P238464,Beauty,21.15
P246531,Fashion,7.82
P243880,Sports,470.57
P210475,Sports,174.05
P231108,Toys,8.08
P218166,Toys,4.5
P247133,Toys,18.41
P231891,Home,55.08
P212525,Beauty,8.65
P240674,Electronics,354.88
P208922,Beauty,21.2
P234846,Grocery,4.85
P217361,Toys,18.11
P229586,Fashion,50.39
P240561,Beauty,16.58
P201637,Beauty,27.58
P213916,Toys,6.18
P242941,Grocery,17.61
P219684,Fashion,27.56
P216966,Beauty,7.39
P248469,Toys,20.85
P225035,Fashion,11.48
P208475,Toys,6.65
P227473,Sports,31.22
P235166,Fashion,9.95
P234006,Toys,10.7
P203466,Electronics,706.66
P205363,Fashion,79.25
P233547,Sports,46.96
P241379,Electronics,689.01
P226402,Sports,117.36
P227714,Beauty,19.52
P220073,Grocery,5.71
P214583,Toys,30.06
P237723,Electronics,762.45
P241166,Sports,85.68
P223756,Fashion,7.18
P223634,Electronics,495.14
P207249,Home,139.47
P244830,Electronics,291.62
P203796,Home,58.29
P218564,Home,18.82
P230712,Toys,34.15
P228786,Home,61.91
P215312,Grocery,17.85
P225973,Electronics,50.99
P201446,Sports,361.46
P200951,Fashion,36.21
P201717,Fashion,37.4
P238681,Grocery,13.61
P221194,Fashion,45.21
P215477,Toys,3.51
P217980,Electronics,320.66
P230950,Beauty,16.31
P206594,Electronics,514.98
P219600,Electronics,889.53
P211942,Electronics,178.49
P214012,Home,67.12
P245018,Home,23.81
P248176,Home,164.26
P210346,Home,133.69
P214428,Sports,47.74
P205755,Grocery,14.38
P245884,Fashion,10.08
P206283,Electronics,1037.23
P249036,Grocery,1.91
P201337,Grocery,6.25
P243455,Home,474.06
P220857,Home,76.9
P224936,Electronics,754.62
P227640,Fashion,8.4
P238435,Grocery,2.51
P245697,Fashion,180.89
P216214,Home,22.24
P241532,Beauty,28.84
P226531,Fashion,33.56
P208013,Home,269.62
P235812,Grocery,5.59
P205018,Home,13.86
P227868,Electronics,338.79
P231090,Electronics,796.51
P236809,Sports,22.77
P201889,Home,30.07
P224060,Home,11.97
P210091,Sports,17.41
P246283,Sports,201.44
P243289,Fashion,10.31
P203718,Sports,158.81
P221919,Fashion,55.37
P209698,Electronics,78.59
P234398,Fashion,95.0
P217375,Sports,64.31
P248051,Fashion,91.17
P206866,Home,34.93
P204921,Toys,49.83
P246113,Grocery,6.36
P241522,Home,39.71
P232759,Electronics,232.02
P222665,Electronics,207.35
P224942,Toys,56.72
P206249,Sports,255.46
P200793,Fashion,32.48
P213993,Toys,13.58
P233754,Home,182.83
P225533,Sports,88.53
P248295,Sports,153.98
P247181,Home,318.31
P212101,Beauty,8.3
P230946,Fashion,61.82
P243182,Grocery,4.68
P236944,Grocery,1.07
P215416,Electronics,256.49
P213783,Grocery,5.35
P224290,Electronics,432.45
P245685,Sports,19.51
P234500,Beauty,8.88
P248243,Fashion,72.09
P244021,Home,56.44
P233582,Sports,13.11
P229285,Electronics,273.18
P239803,Fashion,57.76
P201186,Electronics,555.7
P218609,Grocery,5.81
P225373,Beauty,22.92
P221557,Grocery,3.9
P228738,Electronics,199.78
P225119,Electronics,151.03
P216903,Fashion,35.83
P210738,Grocery,14.85
P205041,Home,112.15
P223254,Toys,31.27
P240527,Fashion,53.4
P209250,Home,55.45
P226812,Electronics,91.53
P225688,Home,144.4
P219790,Fashion,16.71
P200946,Beauty,12.4
P236798,Toys,33.19
P208327,Grocery,4.27
P201136,Sports,19.8
P200554,Beauty,78.64
P223421,Beauty,74.78
P213233,Fashion,49.46
P230893,Electronics,163.46
P236171,Fashion,26.56
P218638,Beauty,8.65
P200948,Fashion,10.05
P232702,Fashion,14.09
P241063,Sports,71.92
P224193,Home,13.61
P209238,Home,118.58
P207419,Grocery,3.51
P220410,Fashion,31.47
P205956,Fashion,28.21
P214625,Electronics,636.28
P223753,Fashion,11.31
P202614,Grocery,17.36
P225539,Home,64.8
P203271,Electronics,516.55
P219572,Home,19.68
P247989,Electronics,174.86
P229095,Fashion,29.23
P215571,Fashion,29.59
P219718,Home,131.69
P202198,Beauty,23.54
P209407,Electronics,360.14
P209072,Grocery,3.8
P217138,Fashion,129.36
P205217,Fashion,92.15
P231260,Toys,36.66
P241660,Fashion,42.3
P233138,Toys,21.42
P248282,Fashion,73.65
P229584,Toys,2.04
P214116,Home,774.99
P249953,Beauty,16.77
P222783,Grocery,12.17
P221155,Home,23.92
P233183,Sports,122.83
P231048,Fashion,91.69
P232121,Sports,75.05
P227541,Fashion,82.13
P236105,Sports,167.15
P221642,Home,63.97
P240795,Grocery,1.05
P237825,Electronics,688.49
P239735,Electronics,116.34
P234388,Toys,41.93
P228920,Home,136.81
P231027,Grocery,4.74
P230480,Beauty,15.62
P237661,Electronics,118.62
P237624,Home,23.27
P224868,Toys,17.1
P249028,Beauty,79.19
P231129,Grocery,27.8
P216463,Toys,15.31
P230080,Sports,192.81
P245192,Beauty,41.3
P204308,Home,13.73
P218246,Electronics,879.66
P233386,Electronics,428.45
P211470,Electronics,412.24
P248260,Grocery,17.46
P240882,Fashion,17.52
P212188,Sports,12.91
P210669,Beauty,9.46
P211443,Beauty,41.78
P219629,Beauty,25.29
P226954,Fashion,27.04
P207235,Grocery,4.64
P242849,Sports,70.2
P228547,Toys,20.61
P248435,Electronics,54.11
P211593,Electronics,232.65
P240928,Beauty,3.38
P227885,Toys,32.45
P209291,Fashion,19.1
P244978,Beauty,7.48
P204132,Electronics,897.93
P231683,Grocery,1.24
P200844,Toys,6.33
P231869,Home,46.22
P231516,Grocery,23.78
P234411,Electronics,452.4
P234031,Home,460.79
P235702,Electronics,435.77
P239942,Fashion,13.97
P232983,Fashion,74.23
P204776,Grocery,31.44
P218724,Home,329.52
P214100,Fashion,77.49
P242467,Sports,165.53
P240518,Grocery,18.53
P213932,Sports,49.26
P243700,Home,90.67
P221718,Electronics,404.77
P206380,Home,19.92
P247756,Grocery,46.92
P228829,Grocery,35.31
P248601,Beauty,3.97
P229579,Beauty,21.46
P230200,Home,174.25
P219729,Fashion,51.28
P228537,Grocery,6.74
P242100,Electronics,578.43
P224125,Home,135.59
P205655,Electronics,138.73
P202448,Sports,102.9
P217211,Grocery,12.93
P222280,Home,200.29
P233971,Grocery,5.74
P206798,Toys,27.51
P217228,Beauty,20.4
P235739,Electronics,98.56
P234036,Grocery,11.39
P248720,Toys,23.4
P229309,Fashion,38.23
P214548,Sports,216.72
P242589,Electronics,139.18
P203530,Sports,42.49
P208995,Fashion,7.93
P224703,Grocery,58.57
P225527,Toys,21.5
P235032,Home,226.9
P231430,Grocery,12.55
P200019,Toys,32.35
P245730,Sports,66.0
P223241,Electronics,329.43
P207296,Home,152.79
P216333,Toys,47.67
P241516,Beauty,3.87
P219367,Grocery,16.45
P211755,Electronics,187.2
P235493,Electronics,418.02
P221750,Grocery,4.4
P213658,Grocery,2.73
P249348,Sports,270.69
P205226,Sports,164.5
P235596,Sports,159.37
P203988,Beauty,3.53
P218853,Fashion,73.35
P218014,Toys,6.8
P236046,Electronics,911.87
P218422,Fashion,73.74
P221816,Home,114.45
P227055,Grocery,5.88
P223461,Electronics,457.28
P245534,Fashion,54.93
P204761,Beauty,37.5
P221603,Electronics,156.42
P234155,Electronics,280.39
P249793,Sports,88.23
P247914,Toys,3.85
P221996,Toys,5.82
P239978,Toys,9.2
P233342,Home,16.44
P209913,Sports,36.16
P240564,Electronics,303.61
P229999,Home,47.78
P232331,Electronics,254.6
P244380,Electronics,379.59
P234224,Grocery,1.41
P234363,Toys,12.02
P224692,Home,112.85
P207986,Fashion,23.4
P213146,Electronics,111.09
P242810,Home,39.57
P233599,Beauty,18.4
P221352,Toys,3.45
P210973,Electronics,136.83
P218501,Home,177.39
P220866,Grocery,4.18
P218390,Electronics,90.42
P243531,Home,21.52
P241256,Fashion,225.53
P239528,Electronics,79.53
P241678,Toys,13.18
P205694,Home,449.81
P219463,Home,301.95
P221662,Toys,7.34
P237648,Electronics,237.24
P249562,Grocery,2.4
P227515,Toys,42.29
P210846,Toys,25.93
P246285,Fashion,46.43
P228026,Grocery,6.97
P216982,Home,101.44
P217207,Fashion,13.62
P243357,Home,91.88
P237985,Electronics,2211.69
P239854,Fashion,62.66
P212306,Fashion,8.17
P200312,Electronics,470.36
P206671,Fashion,29.35
P223084,Electronics,551.46
P244698,Electronics,94.55
P235260,Electronics,162.57
P242905,Fashion,15.68
P216614,Home,278.73
P215224,Electronics,154.66
P247462,Grocery,10.32
P244414,Home,34.12
P244543,Sports,149.35
P200043,Sports,111.32
P240300,Fashion,7.18
P224476,Beauty,75.23
P227500,Beauty,57.75
P228269,Fashion,22.38
P219841,Sports,43.94
P238152,Toys,15.6
P232513,Electronics,76.57
P221890,Electronics,214.85
P226870,Home,116.85
P245876,Grocery,28.05
P243302,Electronics,199.27
P224746,Electronics,231.3
P229836,Home,11.0
P209831,Electronics,425.39
P233384,Toys,6.89
P233007,Fashion,110.24
P238820,Home,60.27
P239222,Grocery,11.15
P229069,Electronics,179.69
P242816,Sports,64.46
P241882,Grocery,10.73
P217196,Electronics,497.36
P204999,Toys,4.53
P224026,Home,67.17
P201730,Toys,22.07
P238830,Grocery,20.99
P229716,Sports,226.22
P231226,Beauty,5.42
P202207,Toys,26.61
P213031,Home,53.99
P229484,Fashion,53.59
P246635,Fashion,13.03
P203368,Beauty,13.43
P221855,Toys,75.42
P202227,Home,29.29
P248522,Home,21.46
P230322,Toys,37.65
P212817,Sports,120.46
P247130,Electronics,121.89
P213226,Sports,33.49
P243877,Electronics,120.73
P231157,Beauty,9.13
P200188,Grocery,5.63
P209414,Beauty,80.55
P237989,Home,36.75
P241438,Beauty,56.37
P214331,Beauty,26.29
P211254,Electronics,367.98
P210217,Fashion,32.03
P237380,Sports,166.35
P234318,Home,229.26
P215800,Home,121.48
P230212,Home,202.7
P247333,Sports,173.33
P232592,Home,138.57
P205233,Electronics,236.01
P222019,Fashion,10.08
P211447,Home,147.65
P214036,Electronics,337.78
P210998,Home,24.25
P232801,Grocery,1.97
P224871,Sports,38.24
P227076,Toys,37.25
P228152,Grocery,9.12
P201429,Electronics,114.11
P210381,Home,48.5
P201987,Beauty,39.0
P229319,Toys,39.39
P222655,Fashion,47.69
P219266,Electronics,696.61
P243737,Electronics,131.38
P211889,Electronics,386.6
P249014,Home,208.36
P248477,Home,118.41
P249614,Home,140.49
P244275,Beauty,11.2
P233281,Fashion,61.89
P245056,Beauty,24.72
P213550,Fashion,53.22
P205174,Electronics,82.56
P236334,Grocery,2.77
P220187,Electronics,597.8
P203938,Sports,65.49
P216721,Electronics,81.61
P227657,Fashion,205.23
P236180,Sports,186.88
P229799,Fashion,9.02
P202392,Grocery,19.17
P215729,Toys,18.32
P233744,Grocery,4.42
P243205,Electronics,496.13
P229709,Electronics,59.96
P236836,Electronics,477.38
P209895,Sports,231.89
P217255,Electronics,746.24
P203409,Toys,31.1
P212744,Beauty,69.87
P201549,Beauty,33.1
P215085,Beauty,31.44
P214736,Fashion,79.76
P235389,Home,799.02
P202529,Sports,135.15
P243117,Fashion,47.63
P247509,Toys,5.99
P226932,Toys,60.11
P243062,Beauty,19.45
P211000,Fashion,102.16
P242959,Fashion,155.63
P239167,Toys,11.12
P235349,Grocery,10.55
P222949,Beauty,6.0
P227569,Grocery,43.33
P246694,Sports,22.65
P215168,Fashion,122.73
P239591,Home,128.06
P220712,Beauty,3.89
P219500,Home,76.03
P223208,Fashion,5.47
P234227,Fashion,58.17
P204430,Home,250.38
P218835,Fashion,6.23
P228927,Sports,13.37
P243948,Electronics,721.41
P221425,Beauty,4.48
P217495,Beauty,50.77
P244271,Grocery,8.74
P212598,Beauty,5.46
P209786,Grocery,14.74
P210921,Grocery,17.1
P219969,Home,82.74
P223985,Toys,62.92
P247232,Toys,17.03
P211020,Toys,11.95
P235141,Home,172.17
P229461,Sports,17.79
P214352,Sports,43.71
P241301,Electronics,420.42
P213125,Beauty,25.69
P219202,Beauty,16.63
P242232,Fashion,14.4
P200709,Fashion,14.93
P206992,Sports,229.09
P233506,Grocery,2.02
P226354,Grocery,12.87
P228706,Toys,78.24
P213718,Home,18.28
P222471,Toys,5.14
P236486,Electronics,197.68
P213105,Toys,13.97
P240969,Beauty,76.79
P205081,Fashion,18.61
P248822,Fashion,67.76
P242697,Fashion,57.52
P226718,Home,105.95
P220384,Fashion,20.21
P204545,Beauty,7.17
P215353,Grocery,6.59
P219100,Home,87.72
P204302,Electronics,301.66
P201809,Toys,20.85
P205830,Beauty,19.1
P218381,Electronics,71.11
P248924,Sports,352.12
P202130,Home,13.96
P204412,Grocery,13.03
P224132,Grocery,41.36
P247733,Fashion,32.45
P222707,Home,174.17
P230478,Home,32.3
P206745,Sports,17.74
P245655,Toys,35.84
P237970,Electronics,436.1
P234323,Sports,243.62
P211882,Home,333.94
P211764,Beauty,13.45
P224565,Home,60.52
P204443,Home,86.79
P241290,Home,10.66
P210136,Fashion,42.61
P221223,Electronics,56.48
P220342,Home,88.88
P200746,Beauty,23.24
P224330,Home,95.83
P232576,Home,177.27
P228606,Sports,123.06
P209210,Beauty,12.97
P215079,Fashion,7.84
P227154,Fashion,178.45
P228687,Grocery,6.92
P207148,Fashion,15.59
P212855,Home,333.19
P228516,Electronics,118.73
P230285,Fashion,74.25
P222557,Fashion,69.56
P242502,Sports,12.94
P244006,Home,298.83
P239965,Toys,24.86
P234470,Grocery,7.78
P240423,Toys,117.0
P238185,Beauty,7.2
P248901,Grocery,53.44
P206324,Home,353.73
P220257,Sports,133.32
P208313,Home,124.84
P247227,Toys,2.09
P226052,Grocery,14.28
P249417,Fashion,77.78
P224603,Home,183.81
P204974,Beauty,28.92
P220161,Home,244.04
P212723,Beauty,6.73
P222579,Beauty,4.01
P222643,Fashion,33.23
P218869,Fashion,5.36
P215771,Toys,3.65
P221462,Beauty,131.84
P219432,Beauty,46.5
P213174,Home,96.17
P217183,Toys,21.08
P229697,Grocery,10.28
P205611,Fashion,132.03
P246959,Toys,14.8
P222393,Fashion,14.04
P205263,Fashion,40.45
P241394,Sports,22.24
P211996,Home,163.1
P210805,Toys,8.9
P209107,Toys,49.79
P210467,Toys,39.3
P221024,Electronics,322.7
P241607,Beauty,4.37
P218679,Grocery,12.52
P217815,Toys,27.32
P221556,Fashion,20.27
P212324,Home,26.22
P200723,Toys,15.24
P208275,Home,355.8
P213405,Home,91.34
P246427,Home,120.89
P203853,Electronics,116.25
P204682,Fashion,71.12
P205960,Home,308.05
P224727,Beauty,61.5
P224073,Electronics,164.56
P219882,Electronics,187.06
P248232,Electronics,72.55
P245054,Beauty,40.24
P201567,Toys,5.11
P223053,Fashion,31.39
P226755,Fashion,21.06
P227799,Beauty,20.06
P236959,Electronics,352.27
P223540,Home,64.35
P225097,Grocery,54.63
P222901,Electronics,228.32
P228522,Electronics,634.54
P237903,Fashion,6.74
P239519,Fashion,78.99
P211672,Grocery,14.44
P207174,Electronics,201.65
P218103,Fashion,43.7
P208061,Fashion,137.33
P213265,Sports,135.36
P241553,Beauty,16.56
P245698,Beauty,39.85
P239040,Toys,18.24
P245510,Electronics,896.53
P217993,Fashion,7.96
P206714,Electronics,148.91
P229767,Home,310.85
P237877,Fashion,82.37
P218832,Electronics,117.92
P212749,Sports,28.22
P215888,Beauty,45.72
P216020,Sports,203.57
P239734,Sports,255.56
P234821,Fashion,8.54
P232851,Toys,37.37
P215431,Sports,99.96
P219052,Grocery,10.55
P237999,Fashion,137.23
P241658,Sports,12.78
P230992,Grocery,16.26
P242058,Grocery,38.95
P206572,Fashion,37.78
P235662,Toys,69.7
P236185,Grocery,1.35
P216632,Home,110.21
P207810,Grocery,4.38
P212674,Fashion,55.33
P242917,Grocery,10.08
P207880,Grocery,11.99
P212650,Electronics,194.86
P234883,Beauty,4.3
P239349,Beauty,5.75
P201806,Electronics,444.31
P242951,Home,16.65
P247136,Fashion,41.27
P205493,Sports,78.34
P204650,Sports,51.85
P244835,Grocery,10.95
P245360,Fashion,86.65
P229803,Fashion,6.5
P233857,Home,126.14
P220881,Fashion,9.52
P204194,Sports,56.37
P212558,Grocery,5.44
P220841,Electronics,206.14
P213475,Fashion,92.2
P205961,Electronics,639.51
P244816,Grocery,4.67
P233081,Fashion,29.06
P200232,Sports,178.1
P209221,Beauty,16.85
P224233,Electronics,65.71
P202711,Home,173.46
P210480,Toys,27.65
P240708,Fashion,31.02
P202122,Home,127.23
P203779,Home,38.87
P205654,Toys,8.85
P245142,Beauty,24.58
P211169,Fashion,90.12
P201172,Fashion,165.07
P200159,Sports,17.55
P202129,Home,421.31
P219462,Beauty,16.38
P218613,Toys,4.13
P202917,Beauty,90.78
P219397,Grocery,5.33
P245533,Grocery,3.05
P206326,Fashion,67.51
P234347,Beauty,94.7
P247277,Home,563.46
P214349,Home,27.76
P234728,Grocery,20.28
P207902,Sports,168.99
P214033,Toys,9.97
P237465,Grocery,6.51
P234187,Grocery,22.8
P203917,Sports,38.2
P228411,Sports,93.63
P214206,Fashion,11.62
P212620,Toys,2.26
P211822,Electronics,356.08
P208354,Electronics,820.37
P224691,Fashion,52.62
P223954,Electronics,587.51
P205198,Grocery,7.82
P226046,Beauty,54.01
P222386,Sports,156.56
P211271,Toys,9.26
P249694,Beauty,6.88
P225257,Grocery,39.59
P208860,Fashion,5.48
P226645,Beauty,8.57
P224189,Beauty,6.66
P200968,Grocery,2.47
P205800,Fashion,6.0
P224229,Electronics,916.54
P231049,Grocery,28.15
P229717,Sports,53.65
P221767,Fashion,10.21
P207470,Fashion,60.75
P204819,Grocery,29.26
P249403,Fashion,50.08
P204300,Grocery,8.41
P223793,Sports,159.87
P211071,Grocery,45.01
P203998,Grocery,2.18
P241750,Toys,7.37
P205180,Toys,36.57
P212752,Home,76.26
P230513,Home,95.07
P238189,Toys,20.6
P217879,Sports,61.63
P246686,Electronics,351.05
P227644,Sports,351.18
P210899,Toys,25.05
P245967,Electronics,646.92
P224525,Toys,62.73
P248669,Sports,25.83
P202577,Beauty,43.43
P221690,Home,294.53
P240901,Sports,10.48
P234003,Grocery,39.24
P215641,Fashion,34.79
P211847,Fashion,108.73
P221752,Toys,8.72
P216440,Home,125.32
P210084,Home,63.56
P220464,Fashion,14.34
P218332,Sports,66.54
P242599,Grocery,2.66
P228998,Fashion,10.43
P213537,Home,56.0
P242717,Beauty,3.05
P209027,Fashion,8.16
P202536,Sports,72.51
P202525,Electronics,115.56
P217741,Sports,52.86
P224106,Fashion,17.22
P214847,Toys,31.48
P211252,Toys,10.2
P204477,Toys,6.05
P217755,Fashion,15.83
P219608,Grocery,56.06
P216095,Sports,25.8
P206104,Electronics,816.44
P233910,Home,21.06
P212726,Grocery,13.35
P206898,Sports,37.76
P217972,Electronics,793.85
P244945,Grocery,12.65
P245684,Home,158.27
P242430,Home,117.13
P204342,Home,36.71
P248008,Fashion,21.97
P203362,Home,155.78
P234404,Beauty,69.37
P247702,Beauty,6.25
P211104,Beauty,29.95
P226048,Home,142.75
P247876,Beauty,32.34
P217628,Fashion,32.93
P211929,Electronics,206.56
P226674,Beauty,96.13
P243557,Electronics,602.22
P213268,Electronics,265.95
P230220,Fashion,113.77
P204514,Home,29.21
P247190,Electronics,115.73
P224834,Fashion,43.27
P218742,Fashion,30.88
P230892,Toys,12.95
P238383,Sports,39.01
P214840,Electronics,270.57
P235144,Electronics,71.39
P224771,Home,67.26
P228733,Home,41.1
P219480,Fashion,14.44
P220019,Fashion,12.79
P211641,Toys,5.44
P215232,Fashion,28.04
P211315,Toys,46.71
P243851,Electronics,273.92
P224615,Fashion,39.55
P223255,Fashion,16.66
P230709,Fashion,104.25
P235272,Electronics,622.33
P222355,Grocery,1.46
P225363,Toys,27.93
P243223,Home,367.99
P206822,Home,379.51
P212497,Electronics,830.16
P231801,Grocery,20.48
P222570,Grocery,7.0
P243145,Sports,287.94
P205679,Fashion,24.57
P239380,Fashion,25.35
P221205,Beauty,13.83
P216272,Sports,97.38
P201412,Sports,29.74
P202249,Home,84.82
P202239,Home,19.22
P240641,Toys,10.73
P212614,Grocery,15.47
P223277,Grocery,12.72
P208835,Beauty,12.32
P214803,Electronics,178.75
P247209,Sports,39.29
P215653,Home,172.1
P237953,Beauty,7.82
P220674,Toys,4.93
P246267,Electronics,658.13
P220526,Grocery,4.55
P242345,Fashion,19.22
P239920,Electronics,252.09
P232614,Toys,14.56
P218968,Grocery,3.71
P217985,Toys,17.97
P243619,Beauty,58.32
P245686,Fashion,41.98
P231908,Fashion,182.03
P229072,Sports,83.99
P208165,Home,457.15
P243688,Home,197.45
P247095,Grocery,9.74
P220555,Toys,8.9
P212574,Electronics,538.46
P234336,Fashion,6.34
P225898,Home,51.01
P242690,Toys,20.7
P222821,Sports,64.54
P204904,Fashion,128.73
P228094,Fashion,68.28
P204526,Electronics,685.54
P238677,Electronics,593.83
P210110,Beauty,14.68
P234108,Beauty,7.41
P201514,Sports,150.26
P217795,Sports,214.25
P227612,Beauty,4.37
P240492,Toys,9.96
P204167,Home,226.73
P217406,Toys,24.62
P229203,Toys,29.69
P243246,Fashion,43.52
P229248,Home,73.33
P244731,Toys,34.81
P228455,Fashion,70.27
P208833,Home,37.89
P231897,Electronics,336.62
P239501,Fashion,22.85
P204907,Fashion,72.94
P211678,Home,94.76
P203225,Toys,47.93
P201014,Fashion,39.1
P243896,Home,344.34
P235874,Fashion,34.02
P241743,Grocery,10.41
P243729,Beauty,21.1
P243533,Electronics,78.09
P202584,Electronics,249.5
P204942,Fashion,58.54
P234045,Fashion,27.89
P244132,Fashion,42.82
P213672,Sports,97.11
P208369,Sports,44.63
P208467,Electronics,264.39
P211551,Electronics,107.23
P248652,Electronics,519.93
P242384,Sports,56.09
P231417,Fashion,6.35
P248597,Electronics,1045.16
P207897,Home,36.35
P227661,Fashion,37.22
P247604,Home,402.98
P232397,Fashion,47.79
P243332,Fashion,45.87
P221827,Home,40.27
P209782,Home,119.41
P225644,Fashion,11.04
P240433,Electronics,191.5
P220033,Fashion,8.68
P215283,Fashion,41.67
P207685,Home,85.18
P208273,Grocery,9.79
P244666,Beauty,22.83
P213478,Toys,4.24
P230444,Toys,19.28
P211368,Grocery,24.66
P247591,Electronics,747.45
P246389,Electronics,98.35
P230679,Beauty,45.83
P249245,Fashion,50.5
P246400,Sports,22.45
P233110,Fashion,55.5
P232552,Sports,16.43
P226430,Home,40.25
P228575,Fashion,33.73
P249775,Toys,99.52
P233635,Electronics,233.07
P243436,Toys,5.19
P232938,Toys,47.62
P226358,Beauty,3.88
P208259,Fashion,36.56
P234283,Toys,3.91
P229729,Fashion,46.68
P234966,Electronics,391.99
P217285,Grocery,2.65
P222287,Grocery,22.87
P247361,Sports,140.16
P245805,Home,351.76
P231347,Electronics,73.03
P240523,Home,116.7
P202066,Beauty,60.07
P230754,Toys,61.44
P218922,Fashion,11.42
P248368,Home,48.44
P243014,Electronics,104.89
P229428,Home,96.91
P219705,Home,36.38
P242098,Toys,2.63
P230032,Grocery,5.96
P242125,Toys,7.75
P236609,Home,53.17
P214423,Beauty,9.26
P237326,Fashion,32.69
P232690,Fashion,76.33
P245536,Electronics,58.96
P237107,Home,173.89
P233006,Grocery,3.12
P249920,Fashion,71.48
P224810,Fashion,40.56
P222714,Grocery,29.1
P232358,Beauty,3.25
P232033,Fashion,80.43
P207388,Toys,18.7
P226095,Sports,72.22
P210426,Beauty,6.86
P207617,Grocery,4.51
P240850,Electronics,551.12
P240347,Home,31.24
P213922,Toys,16.74
P225511,Home,40.64
P239224,Grocery,9.85
P202439,Home,223.53
P210019,Fashion,131.9
P227191,Grocery,12.93
P242833,Grocery,4.3
P248003,Fashion,26.85
P226349,Home,163.67
P208391,Toys,42.6
P229658,Beauty,52.27
P238310,Grocery,2.22
P209122,Beauty,66.47
P211928,Fashion,6.53
P234804,Home,290.34
P242445,Toys,2.51
P237031,Grocery,1.15
P247812,Grocery,1.23
P242875,Home,154.69
P239094,Sports,52.78
P224591,Electronics,352.62
P243894,Electronics,565.97
P241796,Toys,44.38
P207721,Grocery,3.28
P226152,Sports,97.13
P249457,Beauty,34.51
P205812,Sports,28.99
P236112,Fashion,131.02
P220840,Fashion,6.29
P201208,Electronics,216.99
P218242,Grocery,4.12
P219087,Beauty,39.47
P229795,Home,47.35
P233881,Beauty,24.84
P229941,Toys,19.95
P211502,Fashion,50.14
P243731,Electronics,394.01
P220023,Electronics,122.76
P228850,Fashion,161.02
P223860,Home,18.17
P233328,Beauty,47.88
P206652,Beauty,61.94
P230979,Grocery,4.26
P220771,Electronics,92.67
P241250,Fashion,27.48
P245597,Fashion,35.05
P234677,Fashion,40.03
P247867,Toys,4.57
P239998,Home,78.06
P212881,Home,139.19
P217331,Beauty,19.99
P210719,Fashion,95.54
P234116,Fashion,153.35
P233077,Electronics,128.54
P219798,Beauty,5.25
P205789,Beauty,16.94
P209690,Sports,136.52
P243854,Sports,13.23
P239336,Toys,8.11
P219831,Toys,53.03
P226073,Toys,12.47
P210264,Fashion,54.52
P216049,Beauty,14.99
P211628,Fashion,69.64
P202142,Toys,28.72
P242565,Home,268.63
P226007,Electronics,282.85
P214825,Home,48.85
P210142,Beauty,12.98
P228498,Toys,2.1
P233226,Electronics,1023.02
P240348,Beauty,9.24
P227524,Electronics,831.63
P249489,Toys,39.7
P215298,Fashion,26.11
P207380,Beauty,16.63
P232466,Fashion,99.98
P236788,Fashion,37.97
P224920,Grocery,11.38
P205643,Home,79.17
P216729,Grocery,39.13
P218522,Grocery,40.37
P220773,Sports,305.41
P211804,Toys,14.61
P217494,Fashion,38.32
P223709,Toys,10.0
P230189,Fashion,16.52
P230905,Beauty,139.62
P217204,Sports,175.49
P205988,Electronics,227.36
P227364,Home,21.5
P238403,Electronics,177.71
P221048,Home,21.43
P207093,Fashion,202.38
P237372,Electronics,150.15
P217947,Toys,28.95
P230735,Grocery,8.3
P229196,Grocery,15.98
P242167,Toys,3.94
P224884,Sports,172.56
P234607,Toys,26.81
P240769,Electronics,345.88
P209575,Toys,5.7
P235074,Sports,181.73
P246998,Fashion,64.02
P210664,Electronics,113.96
P215114,Grocery,11.23
P221524,Toys,5.49
P213299,Home,46.37
P228032,Fashion,57.25
P242529,Home,148.56
P242578,Toys,2.69
P244572,Beauty,60.67
P234280,Beauty,39.95
P204738,Electronics,468.85
P232266,Fashion,18.44
P216775,Sports,441.36
P206176,Fashion,6.74
P248263,Home,104.3
P222103,Home,128.26
P238809,Beauty,108.63
P219984,Fashion,24.13
P231742,Toys,11.86
P237978,Home,390.88
P204508,Fashion,10.74
P239210,Home,300.82
P206216,Electronics,75.17
P206833,Fashion,29.71
P209527,Home,121.47
P205944,Electronics,351.59
P222518,Home,34.68
P223259,Home,123.62
P229860,Grocery,58.45
P231559,Electronics,120.05
P233102,Grocery,1.91
P207669,Grocery,7.55
P235547,Beauty,14.49
P225379,Sports,23.21
P223712,Grocery,12.16
P213259,Fashion,94.15
P237958,Electronics,228.7
P225516,Beauty,107.0
P209094,Grocery,9.8
P211624,Home,115.78
P223872,Grocery,27.54
P232791,Fashion,78.16
P235516,Sports,40.52
P225972,Home,79.55
P208095,Grocery,21.37
P203357,Home,140.01
P212096,Fashion,159.14
P210680,Home,83.34
P240851,Fashion,22.1
P213169,Home,43.85
P224539,Beauty,3.41
P239837,Sports,24.63
P221722,Electronics,246.08
P218916,Fashion,114.62
P238105,Sports,48.06
P203773,Sports,67.21
P248194,Electronics,207.5
P229945,Fashion,27.64
P221045,Grocery,17.89
P235742,Beauty,10.92
P224860,Electronics,631.38
P215903,Sports,81.16
P229042,Sports,67.31
P239212,Home,18.56
P218224,Electronics,685.51
P201878,Sports,41.04
P239057,Toys,24.37
P228538,Sports,85.54
P248763,Electronics,382.64
P223603,Sports,50.89
P248531,Beauty,34.77
P211690,Sports,67.86
P210323,Sports,109.0
P203314,Beauty,10.47
P246185,Fashion,57.73
P234146,Fashion,59.92
P214356,Grocery,8.75
P211269,Home,47.77
P243974,Electronics,578.09
P205340,Grocery,19.47
P244852,Electronics,69.11
P242675,Home,99.76
P233220,Fashion,9.75
P200392,Home,82.23
P205471,Sports,29.14
P213997,Electronics,448.1
P219434,Home,85.63
P241930,Home,45.12
P210397,Toys,19.65
P231530,Toys,56.18
P204794,Fashion,112.58
P223794,Home,559.12
P241214,Sports,25.64
P241261,Toys,42.94
P206363,Toys,41.0
P244063,Electronics,709.49
P243516,Beauty,12.94
P201505,Beauty,31.47
P240177,Electronics,145.46
P230739,Home,151.43
P232977,Grocery,38.13
P220177,Toys,6.78
P202119,Sports,61.45
P234314,Fashion,14.57
P224874,Electronics,196.39
P230985,Toys,7.5
P227143,Toys,41.31
P212231,Beauty,25.97
P249426,Electronics,793.47
P214016,Fashion,16.15
P214082,Electronics,192.03
P249204,Toys,3.14
P242383,Grocery,21.41
P249136,Home,174.08
P222427,Home,17.72
P210546,Electronics,243.62
P225496,Sports,162.23
P201553,Electronics,139.17
P225241,Home,90.7
P249067,Toys,9.53
P201474,Fashion,6.79
P222861,Grocery,10.05
P246527,Sports,88.83
P233105,Home,36.12
P239759,Fashion,66.7
P244119,Fashion,17.94
P234061,Home,141.33
P241616,Fashion,73.11
P205964,Electronics,78.21
P206472,Fashion,58.44
P220357,Fashion,50.68
P223045,Beauty,86.48
P206564,Beauty,13.43
P201336,Electronics,423.47
P247917,Fashion,29.14
P215181,Electronics,554.5
P234435,Electronics,217.73
P201212,Fashion,45.44
P202768,Toys,16.08
P229737,Fashion,35.06
P227634,Electronics,139.55
P249596,Sports,22.96
P209589,Toys,27.28
P226794,Beauty,36.41
P236444,Fashion,55.03
P218694,Fashion,127.75
P222669,Fashion,15.11
P219603,Grocery,1.92
P223155,Beauty,3.0
P237456,Toys,19.09
P218456,Fashion,90.13
P223154,Home,93.76
P247408,Fashion,6.79
P218714,Home,338.27
P246234,Sports,19.59
P227513,Home,33.41
P228287,Sports,61.16
P208532,Fashion,11.55
P233501,Beauty,3.05
P201496,Beauty,39.23
P215154,Grocery,10.84
P211146,Electronics,79.07
P205450,Beauty,6.13
P237403,Home,127.39
P218116,Grocery,5.99
P243995,Toys,13.76
P246791,Sports,88.34
P227289,Fashion,46.88
P223109,Fashion,47.96
P239071,Electronics,73.6
P243439,Beauty,36.05
P224415,Home,55.75
P217803,Fashion,10.97
P210181,Beauty,5.64
P204710,Electronics,371.97
P241447,Grocery,9.41
P228395,Electronics,86.81
P213500,Electronics,60.69
P234209,Toys,2.49
P201384,Grocery,21.43
P245904,Grocery,22.84
P204396,Fashion,23.92
P216652,Grocery,22.39
P220301,Home,181.35
P209716,Electronics,339.06
P215568,Electronics,760.81
P208669,Toys,21.59
P204271,Home,108.24
P249390,Beauty,20.1
P215228,Toys,20.89
P214256,Toys,16.3
P223386,Toys,62.5
P224152,Home,427.59
P222267,Sports,27.95
P212779,Electronics,295.79
P214434,Electronics,556.62
P229000,Toys,3.11
P227973,Fashion,11.48
P245500,Fashion,43.71
P206438,Beauty,46.85
P212729,Electronics,721.08
P229466,Toys,28.22
P226407,Beauty,45.34
P229562,Toys,23.91
P222558,Beauty,6.75
P225730,Home,13.99
P242711,Home,258.12
P227061,Electronics,449.14
P221829,Electronics,215.19
P235101,Electronics,567.97
P237154,Grocery,1.72
P216316,Fashion,10.45
P208359,Electronics,489.93
P214172,Fashion,78.89
P203542,Grocery,12.52
P215529,Beauty,16.26
P208054,Toys,20.37
P239682,Home,311.06
P240281,Beauty,13.85
P208269,Beauty,12.97
P211090,Electronics,366.81
P201108,Home,161.53
P221140,Toys,14.04
P201224,Home,268.46
P212876,Home,67.18
P215097,Beauty,28.09
P208756,Home,155.1
P212581,Electronics,264.04
P202412,Fashion,160.35
P227301,Sports,73.26
P203338,Sports,55.56
P212392,Beauty,31.09
P210448,Electronics,576.51
P220029,Toys,2.46
P227097,Electronics,477.69
P216395,Toys,6.28
P222993,Grocery,13.75
P219529,Electronics,227.47
P217258,Fashion,9.35
P227009,Sports,82.93
P207303,Beauty,91.75
P213747,Electronics,319.42
P231782,Electronics,485.06
P223181,Beauty,7.16
P214182,Toys,15.9
P239776,Grocery,7.22
P209771,Sports,91.86
P211963,Toys,25.61
P240930,Home,209.92
P203487,Beauty,9.26
P226605,Fashion,96.94
P240305,Sports,50.83
P202390,Fashion,113.26
P240260,Home,275.31
P203438,Sports,73.43
P235151,Sports,29.95
P236135,Home,185.95
P206167,Sports,42.83
P213172,Fashion,60.7
P234233,Fashion,81.94
P216957,Electronics,551.08
P230360,Sports,278.85
P200774,Grocery,11.53
P223414,Fashion,13.13
P220722,Grocery,17.28
P224405,Fashion,42.26
P236698,Electronics,370.35
P221344,Sports,110.41
P234988,Fashion,18.03
P234207,Fashion,72.8
P240192,Grocery,22.68
P208905,Electronics,62.48
P239468,Toys,9.24
P222723,Home,35.76
P238278,Home,36.58
P211173,Home,127.82
P249221,Fashion,25.29
P244724,Fashion,57.63
P213130,Sports,39.96
P226952,Beauty,161.23
P210937,Toys,11.19
P241702,Toys,3.77
P239496,Electronics,490.86
P224985,Fashion,122.7
P219391,Home,30.88
P227528,Fashion,38.08
P206870,Beauty,8.22
P221518,Toys,3.71
P221993,Sports,299.5
P242639,Home,178.58
P229720,Grocery,4.52
P224162,Beauty,18.22
P231289,Fashion,16.2
P216205,Electronics,114.91
P240854,Toys,20.39
P211408,Toys,2.58
P227532,Electronics,337.89
P203193,Toys,36.32
P205220,Sports,118.08
P219357,Electronics,130.54
P239299,Grocery,23.32
P219549,Grocery,42.57
P217474,Home,36.74
P200141,Grocery,32.75
P216650,Grocery,26.24
P240487,Home,520.43
P241448,Grocery,36.8
P241455,Fashion,14.73
P216863,Electronics,112.59
P202690,Fashion,10.56
P248617,Home,83.5
P225419,Sports,18.01
P240832,Toys,35.56
P235983,Grocery,5.56
P222365,Home,16.26
P220461,Fashion,12.33
P200649,Beauty,41.86
P227826,Electronics,90.45
P240884,Electronics,178.7
P234122,Home,202.84
P217677,Sports,110.11
P219642,Home,41.82
P202713,Grocery,39.97
P208595,Electronics,168.12
P213779,Electronics,297.77
P235374,Fashion,21.92
P226428,Electronics,262.96
P236974,Toys,7.82
P225388,Home,135.05
P236142,Grocery,18.42
P225505,Beauty,42.55
P229580,Home,185.85
P214627,Toys,20.25
P206078,Sports,315.65
P214444,Electronics,521.83
P239873,Sports,29.62
P227471,Toys,26.72
P209229,Beauty,11.34
P247796,Home,89.65
P240257,Toys,5.73
P216304,Sports,234.28
P224335,Sports,232.25
P232368,Grocery,15.97
P210944,Grocery,4.16
P231752,Fashion,17.76
P232916,Toys,72.35
P205098,Beauty,14.68
P247327,Beauty,22.83
P201133,Sports,21.22
P249505,Electronics,62.91
P242067,Electronics,304.03
P228670,Toys,4.39
P247724,Beauty,10.09
P235974,Electronics,273.51
P201109,Home,66.21
P242937,Toys,66.55
P243899,Beauty,290.66
P241972,Fashion,29.22
P203106,Toys,9.16
P236704,Grocery,4.15
P243762,Toys,44.51
P209658,Home,75.07
P216340,Toys,26.41
P208461,Electronics,69.1
P222933,Home,288.78
P242491,Fashion,37.77
P248112,Home,194.2
P213097,Toys,20.86
P221532,Fashion,224.02
P231110,Grocery,19.6
P248543,Fashion,11.35
P240702,Home,632.39
P238543,Beauty,11.72
P241768,Grocery,23.4
P243252,Fashion,57.23
P249917,Home,32.84
P243883,Home,22.06
P239940,Grocery,6.8
P221399,Home,130.82
P225514,Home,119.73
P202496,Fashion,62.26
P239161,Electronics,685.92
P221434,Home,42.09
P238178,Sports,73.1
P233310,Fashion,37.92
P210871,Home,344.61
P248577,Sports,321.8
P224107,Grocery,1.94
P245199,Sports,88.43
P215479,Fashion,23.36
P211183,Fashion,29.34
P218996,Toys,21.38
P228224,Home,125.42
P210309,Home,34.14
P216173,Grocery,47.07
P239800,Beauty,13.31
P231946,Toys,33.79
P227424,Sports,197.17
P237554,Beauty,38.41
P203681,Beauty,24.13
P221613,Toys,24.35
P219879,Fashion,44.66
P241624,Toys,3.11
P245461,Home,46.4
P246041,Home,90.03
P227941,Grocery,15.64
P201416,Home,49.49
P219492,Grocery,12.91
P225425,Beauty,25.24
P233675,Toys,38.67
P213573,Toys,8.88
P242478,Toys,4.23
P218318,Toys,20.41
P238719,Fashion,126.86
P204344,Beauty,21.49
P209993,Fashion,119.13
P239102,Fashion,87.45
P219006,Sports,169.84
P209048,Sports,91.65
P221949,Fashion,29.82
P231335,Fashion,14.7
P234184,Sports,38.57
P227641,Beauty,13.58
P202720,Fashion,48.11
P206826,Beauty,38.13
P239563,Electronics,269.3
P206369,Electronics,247.28
P241312,Electronics,740.48
P244191,Electronics,242.76
P242387,Home,140.89
P205826,Fashion,78.06
P219920,Grocery,4.98
P248018,Fashion,115.32
P223683,Home,307.4
P224255,Sports,47.27
P209409,Grocery,2.77
P214795,Home,55.53
P211180,Fashion,67.82
P248138,Home,246.18
P218460,Grocery,18.35
P244036,Toys,3.13
P247115,Home,18.53
P234256,Sports,40.15
P220043,Grocery,4.06
P220855,Electronics,232.43
P205242,Electronics,287.74
P229407,Sports,207.55
P214850,Grocery,19.05
P221312,Home,102.18
P214094,Beauty,6.28
P248945,Grocery,1.31
P240083,Home,19.17
P212988,Grocery,17.05
P200437,Grocery,2.24
P215995,Electronics,881.04
P218537,Electronics,473.22
P212902,Beauty,50.09
P222759,Home,13.79
P227490,Toys,63.12
P221520,Fashion,103.59
P205278,Home,285.36
P233727,Beauty,140.54
P224853,Grocery,2.12
P220604,Grocery,23.78
P240355,Electronics,97.09
P221154,Electronics,229.3
P208906,Home,10.87
P214298,Sports,66.28
P242465,Home,219.73
P205008,Fashion,5.11
P224553,Electronics,245.93
P227018,Home,10.2
P204868,Sports,278.39
P209944,Toys,2.34
P202505,Toys,18.59
P223759,Fashion,59.67
P218121,Home,126.58
P248611,Fashion,92.51
P219063,Toys,10.93
P241871,Grocery,35.71
P213081,Sports,104.66
P248553,Home,124.87
P233126,Home,101.45
P230961,Fashion,28.32
P233844,Electronics,154.04
P214088,Electronics,181.37
P207236,Electronics,104.36
P237742,Toys,50.66
P236295,Grocery,2.81
P245060,Sports,15.14
P233843,Fashion,422.8
P214433,Beauty,8.4
P227808,Grocery,10.43
P236245,Sports,48.09
P239892,Toys,10.06
P217386,Home,228.37
P225152,Home,300.86
P224902,Grocery,47.1
P232662,Sports,81.1
P214702,Home,47.2
P235589,Fashion,44.8
P242425,Electronics,715.71
P244185,Toys,2.62
P226857,Electronics,837.1
P245707,Home,43.82
P208686,Sports,54.51
P225729,Electronics,112.91
P232671,Sports,34.81
P219772,Fashion,139.16
P225377,Grocery,2.46
P200207,Beauty,63.24
P221511,Grocery,31.6
P224711,Grocery,5.98
P248014,Sports,32.93
P237124,Sports,237.88
P225746,Sports,132.39
P206024,Sports,56.77
P230392,Home,174.33
P240373,Beauty,11.99
P244531,Home,44.98
P226724,Fashion,131.16
P245772,Toys,31.03
P225021,Electronics,71.28
P233211,Toys,18.88
P249269,Home,41.47
P242500,Beauty,69.88
P243730,Sports,88.96
P233334,Home,121.69
P219986,Fashion,22.45
P218320,Electronics,737.42
P236951,Beauty,57.39
P242612,Beauty,5.56
P238569,Fashion,9.33
P246564,Fashion,36.16
P216021,Electronics,99.82
P221199,Electronics,181.09
P205500,Home,34.75
P229666,Electronics,170.65
P237549,Electronics,98.38
P235454,Grocery,15.55
P217587,Toys,82.87
P243897,Grocery,10.27
P212099,Grocery,9.06
P248623,Toys,16.69
P246346,Electronics,398.9
P222097,Fashion,7.31
P205183,Grocery,6.51
P220463,Fashion,29.06
P231060,Electronics,139.1
P216696,Beauty,9.62
P217912,Grocery,16.3
P245348,Grocery,34.72
P229361,Home,58.84
P221880,Beauty,55.29
P242525,Home,272.5
P215760,Electronics,243.09
P204768,Toys,21.54
P223951,Beauty,25.32
P233166,Home,58.44
P248012,Electronics,148.77
P217431,Sports,28.2
P218326,Home,249.38
P226934,Fashion,40.07
P239232,Home,21.06
P232224,Toys,30.01
P235229,Grocery,6.08
P227969,Electronics,221.03
P220532,Grocery,7.16
P206776,Fashion,31.27
P244919,Electronics,169.88
P249293,Electronics,128.5
P249548,Beauty,90.52
P229205,Beauty,21.85
P207054,Toys,9.84
P243468,Beauty,4.98
P201028,Toys,62.1
P210368,Fashion,28.05
P221435,Electronics,386.42
P217054,Sports,204.93
P248890,Toys,17.83
P237362,Home,174.29
P214611,Toys,32.19
P213394,Home,73.27
P234623,Fashion,53.72
P249087,Home,40.36
P230748,Fashion,7.8
P231724,Home,579.05
P247753,Electronics,81.58
P226582,Grocery,1.92
P213597,Electronics,882.02
P209880,Fashion,10.68
P220815,Grocery,21.33
P216953,Beauty,33.82
P222840,Beauty,4.13
P212886,Toys,27.12
P211966,Beauty,88.35
P225440,Fashion,41.19
P206514,Home,55.0
P237668,Sports,87.43
P245369,Toys,4.54
P248069,Fashion,27.35
P205349,Fashion,35.02
P201029,Beauty,15.57
P206616,Fashion,6.39
P226712,Sports,78.62
P248461,Grocery,57.68
P218471,Fashion,20.02
P225256,Toys,11.04
P233142,Sports,443.79
P203045,Fashion,55.59
P214728,Home,24.11
P229713,Toys,59.55
P213838,Toys,8.68
P222659,Beauty,44.22
P238717,Sports,248.16
P233573,Fashion,97.31
P206352,Sports,90.04
P239238,Beauty,91.87
P223030,Fashion,60.5
P233046,Grocery,21.31
P201405,Home,46.85
P207150,Beauty,25.34
P229623,Grocery,3.08
P217716,Electronics,1146.37
P212564,Electronics,478.99
P219531,Fashion,7.94
P240760,Fashion,10.32
P203449,Home,138.56
P233200,Toys,13.85
P207279,Beauty,15.26
P244809,Grocery,4.79
P205191,Sports,211.83
P208508,Electronics,450.17
P248148,Electronics,484.69
P204216,Electronics,452.15
P239564,Sports,282.34
P219902,Home,38.17
P200495,Grocery,1.24
P203592,Grocery,9.09
P202232,Beauty,31.53
P240816,Home,82.0
P219319,Sports,36.31
P214667,Sports,220.9
P213000,Beauty,15.04
P206719,Sports,189.52
P204445,Home,35.89
P210776,Home,14.07
P239323,Home,343.36
P217289,Toys,11.93
P211419,Fashion,192.61
P207900,Home,169.12
P228298,Beauty,4.68
P237365,Home,284.28
P224037,Sports,441.41
P205009,Toys,3.71
P226091,Electronics,62.9
P240726,Beauty,3.28
P238056,Electronics,305.97
P247082,Home,109.26
P245766,Home,135.17
P238904,Toys,2.28
P211195,Fashion,39.4
P226248,Fashion,74.37
P220779,Beauty,13.8
P231709,Fashion,7.95
P248903,Grocery,13.95
P242850,Beauty,29.28
P241266,Home,90.53
P230818,Beauty,46.11
P240537,Grocery,1.12
P230949,Electronics,1172.48
P225853,Toys,19.81
P234195,Electronics,61.35
P235870,Home,113.31
P234114,Fashion,163.71
P229871,Toys,27.17
P201961,Home,20.16
P242507,Fashion,151.32
P205690,Grocery,4.85
P245875,Electronics,79.8
P249913,Grocery,14.37
P205458,Grocery,11.56
P226942,Sports,343.02
P208047,Fashion,7.44
P242203,Electronics,61.98
P204582,Fashion,89.79
P229482,Toys,36.16
P234811,Toys,6.39
P236144,Sports,115.36
P241476,Electronics,71.59
P231872,Grocery,20.1
P220366,Grocery,15.91
P229827,Electronics,838.26
P238208,Toys,5.05
P231475,Beauty,14.65
P233683,Home,38.02
P218185,Home,291.33
P249233,Fashion,42.21
P246049,Grocery,6.31
P233947,Toys,15.59
P243215,Fashion,25.86
P234839,Home,55.64
P227314,Fashion,24.91
P246641,Electronics,332.45
P239913,Grocery,3.55
P242494,Fashion,18.23
P230288,Toys,3.08
P247344,Home,56.9
P225892,Toys,23.78
P225682,Toys,5.97
P201589,Fashion,10.14
P230809,Sports,48.07
P218870,Beauty,26.23
P208803,Home,63.16
P248058,Fashion,110.47
P242357,Fashion,36.08
P239982,Beauty,17.87
P243153,Electronics,60.45
P227650,Grocery,14.43
P248657,Sports,70.47
P209529,Home,30.64
P248208,Electronics,92.32
P210392,Sports,66.24
P237265,Electronics,196.72
P204583,Sports,53.9
P221638,Electronics,307.73
P216238,Electronics,357.28
P239113,Fashion,17.21
P222955,Home,181.35
P247442,Electronics,501.12
P216462,Fashion,21.35
P205652,Sports,55.43
P216761,Beauty,24.3
P230235,Home,81.98
P224351,Fashion,141.63
P211176,Sports,202.17
P238709,Home,43.57
P233914,Beauty,24.78
P248726,Grocery,17.81
P248329,Home,42.2
P225639,Home,12.45
P202216,Toys,75.03
P248197,Sports,322.54
P227415,Home,60.85
P232657,Electronics,138.81
P217847,Home,163.0
P217900,Fashion,74.21
P211242,Grocery,8.18
P231073,Toys,7.47
P237191,Fashion,34.28
P247601,Fashion,40.72
P228186,Fashion,33.8
P249940,Grocery,9.4
P213606,Beauty,13.45
P232031,Toys,17.99
P202548,Sports,217.83
P207252,Grocery,28.43
P247624,Home,119.33
P212849,Sports,141.38
P204608,Toys,13.33
P225091,Grocery,12.75
P246595,Sports,104.55
P237530,Electronics,1564.43
P230222,Electronics,234.04
P233734,Electronics,167.05
P222078,Grocery,14.85
P232875,Fashion,123.58
P244054,Toys,14.55
P200509,Fashion,12.69
P206815,Electronics,67.86
P242024,Electronics,453.64
P248783,Grocery,24.42
P242398,Toys,5.53
P236639,Toys,9.74
P232408,Toys,14.83
P248721,Electronics,100.07
P222892,Toys,12.58
P239932,Grocery,17.72
P203500,Fashion,13.98
P215042,Fashion,222.26
P238838,Sports,165.01
P238153,Electronics,162.74
P200229,Home,13.51
P224725,Sports,62.1
P233677,Electronics,106.87
P211720,Fashion,14.77
P231879,Grocery,3.33
P217018,Toys,27.01
P231118,Sports,13.59
P204717,Toys,18.36
P218574,Electronics,503.84
P213235,Electronics,105.28
P205189,Electronics,776.14
P221323,Home,20.71
P223465,Beauty,31.12
P236242,Electronics,111.33
P211972,Electronics,583.02
P201865,Home,127.14
P227967,Sports,71.2
P204540,Toys,29.88
P243065,Fashion,88.3
P237582,Fashion,34.59
P213596,Sports,11.65
P231385,Beauty,6.25
P215386,Beauty,16.86
P219906,Electronics,1343.22
P220802,Home,47.9
P206818,Fashion,5.51
P238257,Toys,2.32
P209037,Beauty,13.71
P204185,Electronics,50.77
P236994,Beauty,40.05
P207692,Sports,668.15
P219999,Beauty,20.42
P206805,Fashion,23.0
P234873,Electronics,483.41
P237944,Fashion,28.44
P233761,Grocery,11.98
P213705,Home,237.08
P232957,Beauty,3.51
P231678,Home,112.16
P226699,Fashion,58.68
P226994,Electronics,328.07
P212793,Grocery,14.88
P226542,Electronics,64.22
P220633,Grocery,8.75
P239814,Beauty,73.18
P219795,Home,67.79
P227149,Electronics,304.12
P249757,Home,16.46
P243886,Electronics,225.28
P248179,Home,74.66
P226534,Toys,47.26
P209256,Fashion,22.92
P200517,Electronics,71.74
P212425,Grocery,6.77
P221602,Electronics,64.59
P221819,Toys,19.54
P210781,Fashion,36.16
P218656,Toys,10.77
P248965,Beauty,16.25
P235076,Fashion,81.23
P225678,Toys,5.9
P204792,Beauty,4.82
P211955,Home,267.85
P208268,Fashion,83.19
P218693,Electronics,775.62
P240676,Fashion,8.93
P225601,Fashion,48.74
P226640,Electronics,631.2
P204439,Electronics,385.25
P248139,Fashion,49.02
P243701,Fashion,65.4
P229517,Beauty,20.06
P229702,Home,15.93
P206389,Toys,20.69
P245229,Beauty,30.88
P219942,Electronics,246.13
P224392,Home,176.1
P217229,Sports,59.02
P225268,Home,278.66
P212240,Home,83.34
P231000,Sports,76.95
P201332,Fashion,11.64
P211229,Grocery,10.22
P245292,Home,46.1
P217658,Grocery,17.48
P239934,Toys,2.31
P225820,Beauty,19.68
P229906,Home,315.35
P249488,Toys,41.7
P213445,Electronics,140.83
P201867,Home,29.88
P228581,Fashion,81.98
P223298,Sports,87.69
P200494,Electronics,229.19
P236654,Fashion,19.31
P208352,Electronics,132.68
P202036,Grocery,13.46
P248324,Fashion,32.36
P221467,Toys,3.25
P225951,Toys,30.62
P202281,Fashion,80.25
P242828,Sports,25.82
P201601,Beauty,18.84
P244787,Sports,29.26
P244440,Toys,43.91
P201299,Electronics,438.37
P214794,Electronics,60.36
P230148,Sports,10.16
P247516,Home,552.51
P216026,Home,274.5
P231097,Home,420.72
P218430,Beauty,12.02
P247785,Fashion,43.19
P235649,Beauty,28.54
P221858,Fashion,41.13
P218582,Sports,33.62
P203332,Toys,19.12
P233871,Beauty,10.33
P203177,Home,33.75
P244434,Electronics,201.19
P230603,Electronics,59.03
P234945,Electronics,1021.53
P229728,Electronics,118.38
P208727,Electronics,99.72
P214532,Toys,3.41
P225645,Home,126.39
P245329,Grocery,31.82
P224708,Beauty,40.52
P216647,Sports,27.1
P215956,Sports,28.05
P239736,Fashion,5.4
P218436,Home,163.28
P237714,Fashion,5.87
P215068,Home,29.64
P222209,Electronics,377.15
P213732,Home,31.44
P222428,Home,31.9
P204089,Fashion,18.11
P230788,Electronics,208.13
P227423,Toys,2.16
P233125,Home,190.47
P213999,Toys,31.23
P238273,Toys,10.99
P208942,Fashion,83.67
P215840,Home,54.13
P203250,Sports,427.63
P202258,Home,76.76
P241870,Toys,23.73
P219822,Beauty,17.68
P214501,Toys,22.37
P210768,Electronics,188.77
P225728,Beauty,29.19
P247999,Electronics,101.3
P220916,Fashion,20.67
P205117,Toys,36.25
P240706,Electronics,267.2
P210333,Toys,13.89
P232302,Electronics,633.6
P214922,Fashion,62.65
P239514,Grocery,16.14
P218517,Electronics,308.26
P225317,Fashion,102.5
P221342,Home,106.84
P206137,Electronics,365.6
P235644,Home,442.04
P232810,Home,82.75
P238597,Beauty,30.02
P225902,Fashion,136.89
P246261,Beauty,19.38
P222730,Electronics,264.24
P239617,Toys,50.89
P206686,Beauty,20.02
P243109,Electronics,101.35
P229113,Fashion,43.35
P231926,Fashion,29.11
P215661,Toys,22.63
P201303,Home,61.22
P217496,Electronics,286.23
P226474,Home,222.8
P238886,Electronics,960.16
P231873,Electronics,1184.63
P214426,Sports,179.22
P233335,Fashion,70.41
P209380,Beauty,17.28
P234121,Home,76.81
P247183,Fashion,36.72
P225556,Electronics,195.13
P204965,Grocery,23.15
P200168,Beauty,36.96
P202671,Fashion,31.72
P216762,Electronics,776.92
P229904,Fashion,69.87
P201932,Electronics,430.62
P214213,Fashion,66.15
P224839,Toys,18.3
P229942,Fashion,21.91
P230325,Beauty,5.17
P226047,Electronics,476.82
P210207,Electronics,167.94
P237782,Electronics,406.66
P207878,Home,94.61
P217684,Sports,195.82
P235968,Fashion,10.57
P203373,Fashion,8.32
P225149,Grocery,15.06
P234151,Home,37.08
P215178,Fashion,41.28
P225956,Home,190.27
P240692,Fashion,69.69
P226099,Fashion,11.87
P205202,Fashion,30.59
P220316,Fashion,81.32
P229695,Sports,87.18
P203622,Grocery,18.4
P241855,Toys,52.55
P201610,Home,45.64
P241572,Sports,24.78
P216988,Beauty,3.01
P230326,Sports,28.99
P215335,Fashion,20.46
P202602,Toys,23.63
P226759,Electronics,102.91
P220184,Toys,13.24
P222922,Beauty,10.42
P232923,Toys,2.82
P215398,Beauty,13.72
P227929,Grocery,9.61
P211309,Electronics,286.3
P235483,Home,148.14
P233217,Beauty,33.1
P229425,Electronics,394.63
P215106,Grocery,8.71
P233837,Fashion,25.49
P204017,Fashion,183.8
P228167,Toys,25.36
P213867,Toys,24.36
P218669,Home,113.68
P242150,Sports,298.12
P206375,Sports,26.42
P215805,Beauty,3.61
P217107,Electronics,913.34
P242401,Fashion,71.13
P238041,Fashion,6.03
P207535,Sports,124.46
P237588,Beauty,6.4
P216470,Beauty,34.54
P224081,Toys,15.84
P206846,Beauty,96.35
P247923,Fashion,32.84
P204149,Electronics,499.18
P236188,Electronics,941.13
P229925,Fashion,45.64
P247797,Beauty,12.24
P203212,Electronics,94.1
P203922,Grocery,19.06
P230544,Grocery,2.17
P232065,Beauty,7.41
P247697,Electronics,208.22
P227065,Toys,39.54
P222694,Beauty,102.73
P206042,Fashion,72.19
P231285,Electronics,809.78
P224648,Toys,46.73
P203754,Fashion,30.97
P211187,Home,188.28
P248775,Toys,5.54
P200546,Fashion,34.46
P240118,Fashion,29.28
P246157,Fashion,73.55
P247411,Grocery,15.0
P248455,Grocery,6.71
P234736,Fashion,5.44
P230599,Electronics,152.14
P246913,Fashion,28.31
P223376,Home,20.15
P224140,Electronics,349.17
P219317,Fashion,52.82
P202509,Sports,65.42
P244968,Home,198.22
P217946,Toys,29.31
P231635,Toys,17.46
P210277,Fashion,139.92
P226365,Home,73.41
P224459,Toys,22.91
P218865,Fashion,39.04
P244390,Electronics,312.04
P216588,Electronics,246.56
P217125,Fashion,111.95
P230759,Grocery,27.06
P243848,Beauty,32.7
P228070,Beauty,13.47
P207049,Sports,53.13
P215516,Beauty,3.9
P204737,Toys,16.18
P216027,Fashion,7.51
P215095,Sports,76.09
P215053,Sports,48.58
P249240,Beauty,72.21
P222872,Home,406.82
P244471,Sports,425.73
P243166,Toys,5.73
P223063,Home,63.0
P212573,Sports,124.45
P217248,Sports,15.9
P241014,Electronics,534.22
P226656,Beauty,29.67
P216941,Fashion,152.78
P213088,Beauty,93.6
P220675,Electronics,247.2
P216124,Beauty,33.03
P216831,Home,440.25
P234589,Toys,2.04
P211164,Sports,681.35
P232701,Sports,11.37
P216475,Grocery,11.65
P249759,Fashion,41.18
P242211,Sports,45.74
P249437,Electronics,478.37
P211498,Toys,8.76
P236603,Electronics,456.9
P204235,Grocery,3.45
P214601,Beauty,20.91
P207509,Grocery,9.49
P216918,Beauty,9.53
P241520,Sports,141.67
P235693,Beauty,13.28
P226959,Home,26.87
P200909,Beauty,20.22
P209605,Toys,79.46
P214505,Toys,2.48
P237776,Toys,38.65
P200118,Home,168.42
P228638,Toys,5.98
P203113,Home,95.2
P244020,Sports,107.15
P214765,Fashion,130.03
P217875,Home,281.78
P218480,Toys,9.83
P207944,Grocery,2.68
P235022,Fashion,10.41
P248806,Home,466.29
P225089,Home,420.73
P228708,Sports,78.6
P230937,Electronics,571.8
P238399,Sports,102.8
P247283,Sports,194.08
P200129,Sports,59.8
P236484,Electronics,1519.86
P218155,Fashion,17.17
P220838,Toys,23.96
P244035,Grocery,12.6
P230294,Home,55.15
P205273,Electronics,317.78
P208697,Sports,79.09
P205628,Home,37.76
P237681,Fashion,75.83
P245849,Electronics,151.03
P225414,Fashion,92.74
P244831,Electronics,128.39
P219060,Toys,25.37
P200096,Fashion,274.43
P218347,Sports,41.08
P238169,Grocery,14.29
P211058,Toys,35.69
P212218,Fashion,102.18
P232281,Home,393.17
P225004,Sports,117.96
P246622,Grocery,6.0
P223677,Beauty,42.9
P201324,Toys,17.92
P227166,Electronics,96.38
P224495,Electronics,382.47
P237932,Electronics,409.61
P226092,Grocery,5.22
P201339,Beauty,41.82
P248316,Electronics,631.73
P212286,Fashion,40.65
P211595,Electronics,107.01
P225552,Electronics,223.93
P213629,Toys,2.89
P246489,Toys,12.0
P239234,Grocery,77.65
P238231,Grocery,8.15
P238258,Fashion,62.24
P212843,Fashion,7.45
P223988,Grocery,11.03
P232683,Grocery,9.71
P232986,Toys,22.23
P233301,Electronics,98.62
P214977,Toys,12.13
P247622,Beauty,27.6
P226071,Fashion,51.66
P209565,Sports,322.46
P249216,Toys,27.43
P237850,Beauty,40.57
P211334,Toys,61.61
P248836,Electronics,357.21
P238362,Home,60.6
P244614,Beauty,39.2
P248350,Electronics,183.44
P217388,Beauty,25.21
P218506,Grocery,9.23
P212766,Fashion,6.1
P203981,Grocery,1.51
P216855,Fashion,76.63
P219789,Electronics,1030.34
P200308,Beauty,19.99
P227510,Fashion,96.69
P207707,Sports,27.42
P215522,Home,149.88
P226497,Fashion,53.38
P243959,Home,75.59
P234785,Home,116.63
P213366,Electronics,1068.15
P237649,Grocery,31.27
P234246,Beauty,3.77
P220581,Sports,142.08
P224105,Electronics,50.29
P244714,Grocery,2.19
P205434,Electronics,270.51
P233339,Electronics,198.58
P241107,Toys,45.66
P200596,Grocery,43.69
P232415,Toys,46.52
P228321,Electronics,126.19
P214834,Grocery,9.91
P220709,Toys,3.75
P200157,Fashion,102.0
P216032,Sports,15.27
P203318,Grocery,14.54
P213462,Toys,90.26
P245010,Fashion,41.85
P208957,Fashion,48.23
P211843,Toys,17.33
P202612,Electronics,86.11
P220946,Grocery,4.18
P212020,Beauty,30.12
P212773,Beauty,25.0
P230247,Toys,10.3
P200443,Sports,387.7
P217288,Fashion,17.9
P202910,Electronics,257.06
P244169,Home,173.71
P234569,Electronics,412.28
P217309,Sports,37.81
P211913,Electronics,389.2
P228963,Sports,70.14
P229905,Grocery,15.56
P224235,Electronics,332.71
P248824,Toys,26.53
P209426,Grocery,7.33
P202922,Electronics,503.16
P240323,Grocery,1.21
P230091,Fashion,15.24
P227771,Fashion,183.0
P200919,Electronics,402.44
P237772,Grocery,33.73
P220954,Fashion,101.51
P220837,Beauty,62.76
P209958,Beauty,104.17
P205575,Toys,10.69
P207945,Fashion,24.7
P246962,Sports,22.67
P210863,Electronics,123.13
P215857,Sports,114.04
P222954,Electronics,185.61
P249594,Electronics,387.43
P233368,Beauty,5.71
P227742,Electronics,68.71
P211580,Home,74.03
P220966,Fashion,49.21
P216037,Home,45.8
P202786,Beauty,14.23
P219079,Sports,13.65
P215231,Grocery,5.21
P211840,Home,12.17
P202052,Fashion,32.13
P233399,Fashion,41.06
P203442,Beauty,19.75
P201754,Grocery,6.49
P243993,Toys,6.56
P209770,Fashion,34.78
P200025,Sports,412.0
P210401,Sports,370.52
P240065,Fashion,33.03
P247636,Home,135.09
P205759,Electronics,194.75
P207755,Toys,6.59
P213384,Toys,8.27
P229928,Fashion,94.68
P233897,Home,28.11
P237764,Toys,25.32
P245064,Electronics,61.55
P232374,Toys,42.89
P220529,Grocery,26.59
P238409,Beauty,39.5
P246669,Fashion,50.59
P214371,Electronics,101.79
P207369,Fashion,125.95
P203895,Toys,4.99
P214453,Electronics,132.92
P204797,Fashion,32.86
P245809,Home,100.73
P201828,Toys,3.99
P209727,Fashion,75.51
P212517,Toys,4.9
P216943,Beauty,29.06
P242838,Sports,69.14
P242044,Electronics,163.88
P224814,Beauty,47.37
P208050,Sports,38.59
P209663,Grocery,12.25
P238355,Fashion,26.38
P215784,Toys,11.98
P203683,Home,43.59
P208396,Electronics,428.86
P207347,Electronics,325.27
P243097,Grocery,11.93
P223027,Toys,4.52
P217597,Toys,5.54
P212026,Grocery,7.88
P246813,Fashion,108.9
P231041,Home,328.07
P230987,Sports,201.59
P232256,Fashion,55.42
P238274,Beauty,118.93
P202137,Electronics,693.21
P215946,Sports,240.12
P224508,Electronics,170.49
P214823,Fashion,46.92
P236633,Home,66.55
P205460,Grocery,6.12
P237264,Electronics,205.74
P239666,Electronics,229.23
P212722,Electronics,540.25
P231911,Toys,5.34
P213310,Toys,36.17
P235163,Sports,80.41
P214874,Grocery,4.84
P231917,Grocery,1.11
P220058,Fashion,28.93
P241262,Beauty,8.41
P214537,Fashion,6.9
P212259,Home,43.62
P215892,Toys,27.66
P220635,Electronics,482.46
P200013,Grocery,37.29
P244488,Home,32.81
P242156,Fashion,9.6
P237308,Grocery,3.34
P208090,Grocery,2.99
P202169,Electronics,374.63
P244528,Home,32.37
P210423,Grocery,14.25
P242803,Electronics,155.23
P228452,Beauty,10.0
P208017,Fashion,116.88
P243678,Sports,33.72
P232948,Electronics,699.81
P225993,Beauty,11.86
P236232,Electronics,1589.27
P211611,Fashion,199.68
P232219,Electronics,621.35
P221063,Grocery,14.08
P247574,Sports,172.8
P214065,Beauty,27.25
P201286,Fashion,139.81
P234958,Fashion,73.82
P244177,Fashion,34.24
P224869,Grocery,35.17
P229093,Grocery,1.42
P246650,Home,28.05
P200660,Beauty,7.28
P248016,Fashion,90.54
P203389,Grocery,4.5
P243066,Electronics,593.65
P235831,Fashion,16.1
P235608,Fashion,8.99
P210770,Grocery,9.26
P206146,Toys,8.43
P222945,Fashion,64.25
P243913,Toys,11.23
P249690,Fashion,30.36
P217280,Sports,80.78
P231896,Sports,151.02
P207747,Electronics,52.48
P232212,Fashion,56.79
P249166,Fashion,12.05
P235903,Home,37.31
P202277,Home,14.6
P240970,Home,268.65
P201656,Electronics,229.25
P242207,Fashion,20.83
P246816,Toys,59.87
P232403,Toys,3.68
P234531,Fashion,26.07
P215413,Home,35.71
P240633,Fashion,237.68
P206910,Toys,17.53
P235385,Grocery,23.02
P247508,Fashion,13.78
P235522,Toys,9.14
P225504,Fashion,52.52
P208101,Electronics,113.72
P208067,Beauty,19.99
P228235,Home,363.21
P205208,Sports,271.85
P246945,Sports,53.1
P210425,Home,39.12
P228485,Home,515.66
P232523,Home,106.6
P213182,Fashion,16.36
P206222,Beauty,48.64
P214480,Toys,12.73
P245057,Electronics,378.57
P215789,Electronics,98.55
P240167,Toys,7.78
P226287,Electronics,515.36
P208574,Fashion,12.0
P217467,Electronics,419.4
P243477,Toys,9.67
P221914,Toys,7.92
P212361,Toys,26.89
P219881,Electronics,190.65
P227251,Grocery,11.9
P249925,Electronics,364.8
P244016,Electronics,537.4
P226889,Sports,28.86
P235365,Sports,157.67
P225979,Grocery,10.99
P248741,Toys,34.26
P213360,Home,88.36
P236088,Fashion,62.77
P240007,Home,127.46
P214782,Fashion,29.52
P239417,Grocery,3.73
P233637,Sports,92.85
P231453,Home,90.37
P209275,Grocery,8.04
P230052,Fashion,11.97
P231061,Sports,237.42
P233741,Grocery,18.5
P231613,Electronics,225.31
P225801,Grocery,2.34
P242762,Toys,38.8
P248162,Beauty,7.55
P230230,Grocery,6.46
P217572,Home,126.42
P205147,Sports,35.37
P203443,Toys,2.25
P228985,Electronics,197.76
P205684,Toys,26.24
P213595,Home,42.06
P201321,Electronics,148.52
P214810,Electronics,235.61
P206740,Sports,14.31
P232712,Beauty,38.84
P205468,Toys,3.61
P212704,Toys,8.13
P200438,Grocery,9.11
P200164,Home,79.56
P236118,Electronics,1017.5
P217371,Beauty,11.93
P235297,Home,36.63
P220996,Toys,7.67
P228753,Home,166.43
P245174,Home,58.64
P205756,Grocery,8.05
P242984,Toys,40.98
P223308,Toys,11.18
P237361,Fashion,40.49
P231256,Beauty,41.14
P225167,Beauty,4.19
P226433,Toys,6.76
P229731,Fashion,115.47
P206401,Fashion,84.67
P234505,Home,198.27
P209882,Sports,52.85
P225970,Sports,111.22
P232235,Beauty,10.36
P215859,Sports,66.22
P207599,Beauty,20.58
P210428,Beauty,8.96
P247185,Grocery,4.44
P219635,Electronics,175.23
P237821,Beauty,92.11
P212124,Fashion,51.14
P219398,Beauty,20.18
P228062,Home,99.47
P233896,Toys,45.41
P247484,Electronics,81.73
P239633,Fashion,25.86
P222856,Electronics,159.49
P218080,Grocery,33.09
P207407,Beauty,11.16
P240013,Electronics,484.91
P237433,Home,45.92
P204220,Beauty,46.87
P211731,Electronics,180.12
P222554,Fashion,41.01
P212494,Sports,80.41
P211485,Home,15.26
P200311,Grocery,17.66
P238202,Grocery,11.88
P215567,Fashion,113.87
P249553,Home,237.81
P233518,Sports,55.91
P249257,Electronics,818.35
P230245,Home,184.96
P224651,Fashion,67.98
P223249,Toys,13.39
P236050,Toys,58.47
P202275,Electronics,317.61
P220192,Fashion,26.42
P200765,Home,177.45
P244906,Fashion,95.3
P244692,Sports,16.75
P229501,Electronics,1526.32
P237834,Fashion,26.16
P233257,Sports,83.17
P239142,Sports,40.84
P234703,Beauty,18.22
P235517,Electronics,506.97
P244256,Toys,14.37
P211883,Electronics,182.01
P227857,Electronics,283.87
P240232,Sports,88.9
P229867,Home,44.9
P206286,Electronics,165.28
P245763,Toys,12.96
P226290,Home,220.75
P238616,Sports,41.28
P240424,Toys,38.02
P202345,Home,229.42
P221933,Fashion,82.51
P208770,Fashion,112.95
P218082,Grocery,17.45
P245555,Toys,5.65
P206984,Electronics,115.24
P227503,Home,69.72
P239319,Home,196.27
P249430,Electronics,383.22
P201468,Home,176.67
P209132,Electronics,82.73
P235086,Fashion,24.6
P237304,Electronics,249.91
P238115,Sports,100.74
P214462,Sports,169.63
P246349,Grocery,50.63
P222323,Home,21.29
P203226,Sports,45.05
P225561,Toys,102.94
P248040,Electronics,292.96
P236738,Electronics,128.3
P210258,Fashion,80.01
P249576,Beauty,60.34
P231655,Sports,195.62
P218854,Fashion,48.74
P248675,Sports,188.15
P220178,Electronics,908.98
P235915,Beauty,12.2
P212253,Fashion,20.22
P228737,Grocery,3.51
P245870,Toys,7.68
P207901,Home,278.5
P217558,Grocery,20.37
P219333,Fashion,7.2
P210001,Home,31.04
P225012,Grocery,56.14
P231811,Home,142.48
P233002,Electronics,124.79
P237538,Electronics,274.31
P237896,Beauty,19.38
P229598,Fashion,56.08
P240927,Electronics,109.85
P235242,Home,50.13
P232994,Sports,106.23
P230448,Sports,20.08
P232330,Toys,49.21
P206160,Home,35.94
P243570,Home,85.97
P226851,Sports,21.31
P210007,Beauty,12.7
P205357,Home,20.07
P204764,Fashion,199.01
P214589,Electronics,715.3
P210037,Home,169.8
P234105,Fashion,5.63
P205420,Grocery,26.87
P216501,Grocery,30.89
P211444,Sports,69.05
P235142,Beauty,11.54
P201526,Fashion,15.84
P244527,Sports,88.33
P207087,Electronics,529.52
P208793,Toys,56.38
P236382,Beauty,11.78
P202149,Electronics,444.81
P219685,Toys,32.52
P214015,Toys,2.46
P219666,Sports,236.89
P232173,Electronics,97.89
P212626,Fashion,33.46
P247287,Fashion,40.66
P244793,Beauty,58.35
P231291,Fashion,11.48
P246207,Sports,266.71
P222229,Electronics,344.29
P232251,Electronics,74.43
P231833,Grocery,16.67
P215080,Home,73.77
P209079,Sports,214.65
P220726,Grocery,35.61
P218306,Home,76.62
P236797,Fashion,16.24
P203063,Beauty,18.0
P246081,Fashion,19.27
P243311,Fashion,66.58
P203892,Sports,16.81
P226484,Fashion,81.03
P242330,Electronics,342.42
P236163,Home,72.39
P235222,Home,30.11
P204957,Sports,12.22
P218671,Electronics,219.41
P239060,Sports,19.41
P231303,Grocery,15.23
P244727,Beauty,36.07
P209595,Sports,79.56
P209959,Home,173.88
P215383,Toys,34.22
P208892,Beauty,11.15
P227780,Home,95.36
P228721,Sports,20.84
P219389,Grocery,18.06
P245081,Toys,13.22
P231369,Grocery,1.56
P232778,Fashion,42.06
P213095,Electronics,559.37
P205221,Beauty,4.11
P248239,Sports,74.66
P203677,Fashion,383.89
P247873,Sports,178.16
P207334,Fashion,168.45
P244752,Grocery,5.82
P247657,Sports,11.51
P239311,Home,100.25
P238338,Electronics,967.76
P222115,Toys,13.58
P240291,Sports,130.74
P243791,Fashion,6.83
P212712,Toys,9.65
P232297,Beauty,3.17
P230591,Toys,14.49
P222968,Sports,188.65
P224475,Sports,43.46
P219350,Beauty,142.47
P231484,Beauty,19.31
P233321,Fashion,41.95
P214203,Grocery,17.3
P223519,Beauty,80.83
P201240,Sports,56.39
P204159,Sports,206.87
P218873,Grocery,15.19
P210780,Toys,11.36
P208661,Beauty,4.4
P236055,Electronics,171.26
P228512,Home,244.31
P218403,Fashion,9.92
P242983,Toys,18.7
P242549,Home,104.42
P229549,Beauty,29.55
P248719,Grocery,37.83
P205313,Toys,29.4
P247815,Toys,16.05
P210252,Electronics,626.57
P204317,Electronics,443.1
P233606,Home,194.13
P227945,Sports,10.38
P246690,Fashion,158.15
P204827,Beauty,10.11
P212903,Beauty,7.23
P230103,Fashion,58.19
P214400,Fashion,46.66
P234843,Home,30.98
P249047,Toys,4.86
P214190,Grocery,2.87
P218668,Grocery,4.96
P245301,Beauty,29.44
P248032,Electronics,693.89
P247331,Grocery,20.29
P244702,Beauty,92.93
P245443,Electronics,388.58
P206521,Beauty,10.81
P239123,Beauty,8.33
P231514,Home,58.23
P237539,Sports,151.05
P235464,Toys,23.02
P245226,Sports,34.34
P246231,Home,268.71
P205796,Fashion,200.74
P233576,Home,196.38
P243111,Grocery,1.84
P203293,Toys,21.42
P242265,Electronics,952.09
P218803,Electronics,336.17
P204224,Beauty,9.31
P207571,Toys,43.81
P222747,Beauty,52.98
P225772,Home,69.68
P215411,Toys,2.57
P206237,Fashion,16.14
P243113,Fashion,217.22
P246927,Home,75.22
P238087,Home,28.83
P234143,Electronics,76.76
P240898,Beauty,6.04
P221785,Fashion,46.26
P246003,Grocery,18.0
P217982,Fashion,34.82
P204949,Grocery,5.91
P230581,Electronics,333.63
P226553,Sports,139.88
P246498,Home,27.09
P212589,Fashion,30.33
P249790,Toys,5.08
P210114,Grocery,24.02
P223052,Toys,5.01
P212461,Toys,3.73
P226574,Grocery,1.44
P216473,Toys,32.75
P247471,Sports,265.05
P247904,Home,23.23
P244238,Beauty,103.28
P233318,Fashion,60.85
P205224,Electronics,1443.56
P246318,Fashion,5.42
P238349,Grocery,11.42
P209435,Toys,22.99
P203479,Fashion,27.82
P209137,Electronics,87.86
P226528,Sports,105.44
P238859,Beauty,4.18
P235401,Electronics,885.14
P200889,Sports,188.11
P208765,Toys,2.07
P236928,Beauty,56.59
P242924,Beauty,14.41
P248995,Electronics,426.04
P206197,Sports,130.06
P202283,Toys,10.88
P216995,Electronics,883.3
P231723,Fashion,23.76
P246182,Fashion,83.07
P239605,Home,67.06
P223490,Grocery,9.99
P246500,Electronics,202.06
P240043,Home,21.17
P236345,Grocery,42.03
P214739,Sports,21.5
P222870,Toys,17.96
P232341,Fashion,174.86
P229471,Fashion,6.02
P211590,Electronics,73.3
P218645,Home,325.76
P201023,Home,185.14
P215437,Fashion,186.15
P211318,Fashion,6.04
P231575,Grocery,6.02
P248198,Electronics,91.36
P240003,Electronics,193.64
P210619,Grocery,7.09
P220141,Electronics,1086.53
P240836,Grocery,8.68
P201284,Home,369.43
P238121,Fashion,24.73
P200903,Electronics,230.97
P242137,Toys,2.9
P241289,Grocery,7.24
P216365,Toys,31.9
P222394,Grocery,22.75
P215971,Fashion,17.32
P242827,Fashion,16.59
P233180,Sports,31.37
P236601,Fashion,112.12
P221955,Electronics,120.85
P245570,Toys,40.67
P202882,Grocery,1.6
P212805,Sports,152.87
P204400,Fashion,87.69
P216564,Home,22.7
P220509,Toys,18.06
P235787,Fashion,71.87
P200764,Toys,6.29
P220519,Electronics,210.2
P210558,Home,355.18
P226947,Toys,33.49
P221422,Fashion,13.9
P206799,Grocery,5.81
P214509,Electronics,94.87
P209974,Home,54.99
P229356,Toys,12.99
P218840,Beauty,4.24
P238449,Beauty,15.65
P206997,Home,100.35
P209374,Home,15.5
P236900,Electronics,414.48
P202453,Beauty,5.04
P200538,Toys,22.53
P210615,Toys,102.89
P202303,Fashion,20.62
P249400,Electronics,95.01
P234103,Home,247.45
P235027,Beauty,67.96
P206615,Fashion,95.02
P231468,Electronics,431.76
P208691,Electronics,460.5
P233578,Toys,4.52
P223732,Sports,38.12
P223940,Beauty,14.08
P236481,Grocery,1.68
P203704,Electronics,610.3
P233978,Electronics,145.97
P214211,Fashion,7.64
P248866,Home,19.99
P236513,Toys,70.63
P210178,Grocery,33.0
P215816,Grocery,22.15
P232441,Beauty,10.91
P228846,Fashion,24.31
P245986,Fashion,33.53
P206110,Home,57.24
P234585,Electronics,146.31
P206613,Home,10.91
P237087,Electronics,136.69
P207231,Home,56.01
P211214,Electronics,535.64
P202877,Grocery,11.47
P232207,Fashion,24.77
P248709,Fashion,51.3
P249389,Sports,17.16
P207609,Electronics,139.62
P209737,Beauty,11.25
P236751,Electronics,196.54
P245323,Home,13.28
P240902,Sports,144.1
P205606,Grocery,9.37
P244686,Home,308.75
P248581,Toys,16.34
P244861,Toys,89.26
P201095,Toys,44.86
P220211,Sports,366.21
P220669,Electronics,257.41
P217379,Grocery,14.2
P222065,Electronics,847.5
P248844,Home,122.76
P216181,Beauty,32.25
P219167,Sports,279.9
P205682,Fashion,82.03
P238729,Electronics,76.84
P221152,Electronics,484.55
P207552,Sports,272.43
P216468,Home,333.5
P224531,Electronics,1325.98
P219163,Electronics,314.41
P206055,Home,79.96
P202669,Beauty,109.21
P212028,Grocery,29.67
P201008,Electronics,356.32
P245307,Grocery,17.49
P202199,Home,131.87
P242319,Sports,130.89
P236207,Toys,35.35
P238650,Fashion,192.38
P204695,Fashion,11.81
P244012,Sports,40.37
P214027,Grocery,6.03
P227796,Toys,48.99
P233992,Fashion,9.87
P228454,Fashion,109.31
P237263,Toys,9.12
P212441,Home,100.85
P200181,Home,146.9
P240218,Electronics,445.45
P235713,Electronics,657.21
P226633,Fashion,48.64
P210939,Electronics,1258.45
P210072,Fashion,31.58
P208846,Fashion,62.01
P229998,Grocery,11.6
P226775,Fashion,19.87
P219215,Electronics,294.52
P227984,Home,293.72
P243195,Toys,21.56
P225297,Fashion,49.31
P231619,Fashion,59.87
P242160,Grocery,10.89
P229552,Fashion,34.2
P243422,Grocery,7.18
P224885,Toys,25.68
P246075,Fashion,7.2
P220027,Sports,87.03
P208559,Fashion,46.91
P217633,Fashion,116.24
P237343,Home,221.23
P230493,Fashion,54.92
P223831,Home,213.65
P247131,Home,46.71
P245197,Home,242.28
P201782,Toys,18.19
P230219,Grocery,5.91
P230056,Sports,225.99
P229116,Electronics,333.55
P247855,Home,30.53
P230633,Sports,126.44
P214598,Beauty,29.77
P210616,Electronics,195.07
P233238,Toys,26.77
P237835,Home,180.57
P210286,Toys,45.84
P235762,Fashion,210.17
P211070,Fashion,25.51
P228091,Electronics,277.92
P246739,Fashion,8.97
P246707,Sports,61.05
P221742,Home,87.24
P233050,Fashion,14.36
P240377,Grocery,29.29
P244608,Beauty,37.82
P202733,Fashion,8.9
P204067,Fashion,6.5
P218741,Sports,541.05
P211127,Fashion,11.45
P212010,Home,201.16
P236006,Electronics,351.49
P209964,Toys,13.86
P228653,Sports,13.7
P224373,Toys,9.84
P207210,Electronics,798.63
P200787,Home,320.14
P248467,Electronics,347.55
P224618,Fashion,47.03
P215060,Fashion,32.26
P245256,Grocery,20.67
P227518,Grocery,29.24
P222168,Home,108.1
P237411,Home,142.55
P221112,Toys,95.15
P225780,Grocery,14.93
P244564,Home,150.63
P211185,Home,67.76
P215631,Grocery,27.38
P243201,Sports,159.94
P228587,Fashion,6.44
P237344,Fashion,234.27
P220909,Home,176.84
P219967,Fashion,176.5
P241904,Home,166.07
P214216,Grocery,18.98
P226399,Fashion,8.29
P212398,Electronics,516.9
P246762,Fashion,83.56
P241810,Beauty,62.04
P241955,Toys,70.13
P239482,Electronics,151.05
P223581,Electronics,472.2
P232010,Beauty,21.47
P222390,Grocery,35.48
P208541,Grocery,2.27
P217921,Fashion,28.77
P243937,Fashion,76.2
P230238,Toys,6.97
P202366,Sports,92.86
P213494,Home,58.64
P239796,Electronics,293.5
P243196,Fashion,23.82
P211286,Electronics,272.86
P206041,Electronics,650.01
P219985,Toys,6.69
P233691,Fashion,13.28
P249770,Grocery,25.28
P222726,Home,80.61
P227838,Electronics,487.5
P203303,Sports,13.07
P227177,Fashion,46.38
P242007,Toys,27.06
P209890,Fashion,81.24
P221964,Sports,111.29
P207600,Home,33.86
P226444,Beauty,29.3
P240890,Sports,252.25
P216476,Fashion,43.36
P227732,Electronics,628.42
P207375,Home,11.49
P207837,Beauty,51.22
P223108,Electronics,59.63
P217851,Electronics,334.0
P226600,Toys,15.73
P215188,Fashion,27.74
P244777,Fashion,11.77
P205489,Sports,23.03
P219082,Fashion,71.64
P208983,Fashion,10.92
P233243,Home,163.04
P208695,Electronics,1556.79
P200230,Grocery,16.08
P239789,Grocery,2.03
P232103,Home,112.83
P242546,Fashion,93.42
P220354,Home,58.79
P228802,Electronics,144.0
P217680,Home,145.41
P210594,Electronics,96.15
P226215,Electronics,413.86
P237164,Beauty,4.3
P216992,Electronics,296.65
P230523,Home,225.51
P233649,Fashion,92.12
P210442,Toys,3.76
P229893,Home,20.82
P223700,Toys,31.34
P213042,Grocery,12.87
P227577,Fashion,51.15
P221275,Home,64.29
P239248,Home,15.36
P223889,Toys,17.16
P207768,Beauty,11.03
P212509,Electronics,651.83
P223287,Fashion,11.67
P232152,Sports,149.57
P217072,Grocery,14.32
P224281,Electronics,238.25
P231038,Home,18.98
P223639,Sports,336.79
P225016,Electronics,98.63
P225800,Electronics,839.89
P230271,Home,350.76
P235230,Beauty,4.5
P237891,Grocery,31.09
P229621,Sports,25.1
P204178,Beauty,15.4
P232448,Fashion,48.39
P214828,Beauty,6.58
P206149,Fashion,82.1
P218136,Electronics,970.94
P231376,Toys,13.07
P243962,Toys,10.46
P205916,Fashion,8.2
P204546,Fashion,7.78
P215361,Grocery,19.86
P203359,Toys,8.59
P229625,Home,12.35
P245269,Electronics,287.34
P200899,Fashion,93.39
P233420,Sports,13.39
P200982,Grocery,3.89
P233343,Fashion,16.74
P204307,Fashion,41.83
P206753,Grocery,49.58
P243173,Sports,170.16
P243133,Home,39.94
P231900,Toys,32.05
P238794,Toys,8.17
P220753,Fashion,72.75
P234092,Fashion,80.91
P227238,Beauty,56.73
P218707,Home,12.76
P246086,Toys,87.55
P227639,Electronics,189.71
P216660,Toys,8.26
P238172,Sports,91.86
P238060,Home,314.61
P224907,Toys,3.42
P243212,Home,113.94
P246010,Electronics,1523.62
P243367,Electronics,117.33
P219586,Sports,55.36
P216690,Electronics,61.06
P206663,Sports,251.53
P247981,Sports,105.77
P206189,Sports,97.16
P220673,Toys,2.98
P203589,Home,23.73
P236409,Beauty,22.53
P240104,Home,39.22
P215481,Home,115.08
P221492,Grocery,46.37
P247310,Fashion,10.38
P202162,Sports,355.49
P214574,Fashion,78.36
P223093,Electronics,100.62
P229864,Grocery,23.19
P205167,Electronics,492.86
P243743,Sports,93.89
P220987,Toys,4.99
P216538,Toys,27.15
P225366,Electronics,431.02
P246281,Home,159.55
P239565,Sports,36.86
P239362,Toys,10.85
P226264,Electronics,614.9
P207263,Fashion,70.59
P246999,Home,91.79
P203764,Electronics,72.58
P224937,Grocery,14.93
P227825,Home,106.18
P235878,Grocery,20.87
P204968,Electronics,143.41
P224925,Toys,40.68
P227268,Fashion,91.74
P204083,Sports,24.05
P216492,Electronics,224.09
P201231,Electronics,119.1
P233344,Toys,5.32
P200240,Toys,31.91
P210830,Beauty,19.08
P223950,Sports,61.23
P238577,Home,669.07
P226617,Fashion,16.74
P249522,Grocery,12.89
P226728,Toys,6.38
P249249,Home,462.22
P242908,Fashion,54.54
P240924,Grocery,4.43
P210270,Sports,42.93
P219830,Beauty,5.26
P242365,Beauty,4.21
P216270,Sports,86.64
P237579,Beauty,16.95
P207827,Beauty,8.11
P243705,Electronics,455.41
P227324,Sports,19.04
P240574,Home,24.06
P202923,Home,181.23
P237769,Sports,108.49
P217192,Sports,30.53
P231352,Home,14.58
P238703,Home,59.15
P216711,Fashion,89.63
P228870,Home,132.68
P217066,Grocery,11.41
P232891,Sports,40.29
P200753,Toys,2.28
P234374,Sports,39.98
P203578,Electronics,1276.44
P221050,Fashion,18.08
P219229,Home,111.86
P202938,Fashion,162.01
P248925,Grocery,2.18
P242886,Toys,16.89
P213875,Grocery,39.04
P235195,Toys,5.32
P224740,Grocery,5.24
P209701,Home,453.09
P249121,Fashion,20.04
P223291,Beauty,6.16
P229286,Toys,33.34
P224116,Home,104.87
P205886,Fashion,48.82
P214508,Electronics,358.54
P228668,Sports,69.55
P243770,Home,498.71
P209392,Grocery,3.52
P237936,Grocery,42.7
P246190,Electronics,162.41
P203281,Grocery,3.77
P246839,Grocery,13.94
P208810,Beauty,57.49
P229850,Electronics,75.49
P236491,Grocery,11.13
P234454,Home,564.43
P216023,Toys,15.67
P228508,Home,73.74
P228468,Home,19.09
P228379,Grocery,28.36
P225929,Sports,104.83
P237007,Toys,5.29
P241313,Beauty,66.77
P216664,Grocery,12.3
P213633,Sports,124.91
P244337,Electronics,334.59
P204932,Toys,77.38
P219934,Toys,2.33
P249541,Fashion,5.72
P220251,Sports,47.07
P220744,Beauty,21.97
P202053,Sports,50.61
P245905,Electronics,186.48
P234934,Home,29.73
P240874,Electronics,340.98
P249338,Toys,3.49
P221566,Fashion,74.03
P245006,Fashion,20.92
P227516,Home,156.55
P235413,Electronics,161.77
P247313,Fashion,93.23
P246064,Toys,37.33
P231469,Home,58.15
P204627,Fashion,123.15
P206703,Sports,31.1
P216611,Fashion,21.69
P245669,Fashion,110.99
P223695,Grocery,16.93
P244691,Home,160.85
P206958,Fashion,181.08
P222422,Electronics,399.09
P203018,Beauty,7.15
P212960,Toys,7.04
P218180,Beauty,8.99
P215870,Grocery,2.0
P200296,Electronics,453.92
P234695,Sports,11.42
P214578,Toys,46.47
P240189,Electronics,105.34
P221585,Beauty,13.19
P234225,Electronics,471.53
P203546,Beauty,32.56
P246083,Beauty,12.7
P240129,Beauty,45.18
P227703,Electronics,273.19
P203664,Electronics,249.18
P226165,Toys,21.74
P231099,Electronics,248.37
P240422,Fashion,32.98
P216479,Grocery,22.1
P206140,Sports,88.36
P217736,Fashion,21.79
P222141,Fashion,152.0
P221628,Home,169.38
P246862,Beauty,29.03
P227243,Grocery,13.29
P217214,Beauty,36.04
P221029,Home,216.23
P207937,Fashion,31.04
P229703,Home,46.59
P245618,Fashion,29.63
P239284,Fashion,76.58
P206493,Fashion,18.24
P232502,Fashion,70.67
P232335,Toys,7.64
P225957,Grocery,22.13
P204117,Sports,66.71
P238176,Home,608.84
P201188,Electronics,64.19
P247243,Toys,25.88
P232113,Toys,12.67
P241368,Home,61.39
P243445,Fashion,82.96
P200796,Beauty,9.36
P247116,Fashion,14.87
P214836,Electronics,192.67
P205145,Grocery,14.07
P208175,Home,117.68
P249517,Electronics,207.91
P237704,Fashion,24.11
P248393,Home,52.13
P216882,Electronics,140.67
P211433,Fashion,9.14
P201369,Toys,13.16
P214068,Fashion,18.8
P208116,Beauty,25.55
P243687,Beauty,18.19
P226826,Fashion,25.28
P243453,Sports,70.73
P231237,Electronics,185.76
P205364,Fashion,100.58
P200090,Electronics,146.04
P212086,Fashion,21.15
P238852,Electronics,420.43
P242225,Electronics,78.77
P201111,Home,203.12
P233365,Electronics,139.07
P217738,Electronics,136.88
P211427,Toys,18.51
P210896,Toys,2.43
P215360,Home,246.2
P228226,Beauty,55.91
P247565,Toys,24.87
P217456,Grocery,7.01
P205446,Fashion,22.31
P216857,Toys,10.05
P237751,Home,24.28
P233706,Home,48.65
P217694,Fashion,25.55
P239959,Grocery,10.01
P204056,Home,185.06
P223488,Sports,121.19
P223116,Electronics,247.73
P244079,Beauty,11.51
P239058,Sports,12.81
P205913,Beauty,31.19
P207973,Sports,42.24
P242392,Electronics,396.73
P213305,Electronics,483.0
P210679,Home,291.9
P221961,Fashion,32.27
P200228,Toys,6.11
P215643,Electronics,940.92
P227355,Home,731.44
P242328,Grocery,4.24
P218008,Home,187.87
P223474,Electronics,74.38
P203979,Fashion,6.37
P246343,Beauty,30.55
P200739,Electronics,145.74
P239289,Grocery,27.65
P237817,Sports,159.81
P226646,Home,24.38
P238154,Grocery,28.32
P232272,Beauty,8.16
P237339,Sports,92.59
P248055,Toys,20.5
P214260,Toys,3.34
P213185,Fashion,22.69
P212572,Fashion,66.56
P240248,Electronics,374.58
P216973,Fashion,102.5
P204217,Fashion,22.85
P207648,Electronics,143.09
P217519,Grocery,1.79
P231953,Beauty,26.71
P219804,Toys,6.41
P210750,Toys,14.36
P200001,Sports,168.11
P207882,Sports,128.55
P212748,Sports,57.51
P232601,Beauty,22.78
P227575,Grocery,28.01
P249076,Beauty,22.44
P232369,Beauty,19.56
P244617,Toys,7.91
P215317,Home,101.16
P245109,Fashion,23.87
P228318,Home,119.44
P236972,Fashion,148.26
P241239,Sports,173.1
P227861,Grocery,1.32
P236347,Sports,222.29
P207195,Home,17.07
P202251,Sports,22.07
P204640,Fashion,5.91
P218740,Electronics,72.63
P248761,Fashion,7.99
P212815,Electronics,417.59
P242891,Home,262.89
P241968,Beauty,42.03
P229913,Home,139.59
P235482,Toys,48.59
P206947,Electronics,250.21
P212782,Home,169.61
P200741,Toys,9.52
P230210,Home,166.33
P200733,Home,122.3
P213944,Electronics,767.27
P243338,Beauty,10.77
P211457,Electronics,911.64
P201753,Sports,55.4
P240126,Electronics,302.04
P214587,Toys,20.85
P205857,Grocery,4.86
P233792,Beauty,12.33
P242442,Grocery,10.19
P236322,Fashion,11.86
P221202,Home,80.81
P226692,Fashion,43.95
P204566,Electronics,650.54
P231019,Toys,4.97
P214022,Electronics,369.6
P243925,Fashion,26.26
P243720,Fashion,105.14
P239662,Electronics,401.75
P227030,Electronics,100.99
P239850,Home,56.39
P219752,Home,203.83
P235397,Sports,62.35
P220616,Electronics,54.4
P230938,Electronics,1061.83
P206661,Fashion,99.05
P239043,Electronics,286.24
P242995,Sports,94.35
P246442,Beauty,20.74
P225943,Sports,46.2
P209233,Home,36.32
P224559,Fashion,13.26
P205844,Home,11.73
P211416,Toys,5.93
P222859,Electronics,298.1
P222253,Beauty,12.63
P239230,Toys,4.51
P218184,Home,27.97
P227846,Fashion,52.33
P242771,Electronics,311.88
P215498,Grocery,27.48
P204262,Fashion,7.52
P232914,Toys,11.63
P234885,Toys,29.2
P238215,Sports,25.38
P243623,Beauty,22.36
P229924,Electronics,424.67
P212161,Sports,105.29
P212323,Toys,32.06
P205749,Sports,66.99
P233022,Grocery,11.83
P209528,Grocery,8.48
P244051,Electronics,144.54
P237161,Sports,188.28
P201044,Sports,133.23
P212765,Electronics,481.82
P218175,Grocery,2.37
P248887,Electronics,265.29
P200961,Home,119.4
P240284,Home,112.45
P218372,Toys,37.1
P243799,Toys,50.23
P243393,Sports,71.35
P235757,Electronics,236.85
P238433,Home,62.39
P204541,Toys,8.1
P230678,Sports,89.26
P245154,Fashion,48.76
P233846,Grocery,16.59
P235842,Toys,7.03
P242315,Electronics,443.42
P205029,Beauty,3.42
P248613,Home,254.68
P213104,Sports,197.1
P215855,Grocery,3.11
P237524,Toys,26.96
P237463,Toys,14.45
P234526,Home,24.16
P249511,Grocery,3.18
P214255,Home,113.46
P201440,Fashion,23.48
P243879,Beauty,4.11
P201719,Fashion,52.71
P244213,Grocery,1.16
P200555,Home,49.78
P202297,Fashion,34.45
P201535,Home,122.11
P214931,Toys,7.63
P206282,Fashion,44.0
P228634,Toys,5.18
P244262,Home,651.83
P225485,Toys,16.31
P233747,Fashion,48.89
P245543,Home,214.83
P223641,Fashion,37.71
P226573,Toys,2.72
P205144,Sports,39.77
P201688,Fashion,21.19
P248088,Grocery,6.05
P217979,Grocery,2.27
P215123,Fashion,17.86
P223998,Electronics,434.65
P205786,Beauty,35.18
P230289,Beauty,15.98
P205129,Beauty,21.24
P228914,Beauty,12.23
P225777,Electronics,202.87
P202845,Sports,97.46
P208448,Home,69.16
P249461,Home,101.55
P227139,Home,189.29
P249030,Toys,45.6
P227993,Beauty,62.33
P242048,Grocery,4.64
P212923,Fashion,148.88
P213084,Home,43.11
P217560,Home,272.9
P222567,Electronics,332.78
P232016,Home,540.62
P211422,Electronics,727.65
P230471,Electronics,125.18
P202628,Grocery,26.88
P227875,Sports,27.82
P217734,Electronics,283.65
P224109,Toys,15.72
P200619,Home,106.29
P213786,Fashion,68.14
P209729,Electronics,399.68
P222237,Electronics,422.73
P236540,Beauty,17.1
P241437,Home,49.48
P234808,Grocery,35.54
P235607,Electronics,721.09
P244507,Toys,21.53
P247826,Fashion,125.71
P240944,Home,29.58
P239308,Fashion,54.72
P235511,Sports,188.09
P205642,Sports,308.69
P210069,Sports,32.33
P231832,Electronics,126.02
P200987,Home,198.81
P215917,Grocery,5.25
P207238,Fashion,104.98
P205650,Beauty,21.62
P225217,Fashion,61.43
P249588,Home,24.41
P217807,Home,61.12
P225712,Toys,20.62
P236489,Home,125.59
P224633,Electronics,68.76
P225275,Home,96.19
P221963,Grocery,67.63
P220879,Electronics,50.43
P213832,Beauty,17.41
P224683,Grocery,6.59
P214285,Electronics,368.34
P228823,Electronics,55.04
P209097,Home,324.52
P201992,Fashion,13.01
P236890,Sports,65.83
P228790,Electronics,284.49
P229394,Beauty,4.31
P245058,Home,221.31
P249957,Home,186.08
P218376,Beauty,20.57
P213541,Toys,33.09
P228975,Home,45.05
P204010,Beauty,35.63
P218889,Home,87.43
P240016,Fashion,179.05
P232155,Beauty,40.46
P206349,Sports,80.24
P223347,Electronics,68.7
P203852,Fashion,178.71
P213160,Sports,59.09
P216322,Home,204.58
P200387,Toys,6.9
P246891,Home,110.23
P239805,Toys,5.26
P215758,Toys,5.62
P202003,Toys,26.07
P225607,Home,31.54
P203547,Home,80.01
P225672,Electronics,183.46
P241819,Toys,24.89
P200301,Electronics,680.28
P239872,Sports,150.84
P231603,Grocery,7.15
P241840,Toys,76.74
P243241,Beauty,46.71
P220545,Electronics,152.65
P249381,Sports,225.05
P240478,Beauty,5.55
P216178,Fashion,62.52
P218216,Grocery,2.85
P208242,Electronics,1261.13
P207496,Home,16.71
P228357,Grocery,10.94
P246252,Electronics,335.02
P231212,Home,104.71
P205887,Toys,28.5
P217862,Fashion,5.08
P234856,Electronics,319.65
P206040,Electronics,360.18
P224536,Home,40.88
P247189,Sports,114.36
P219724,Sports,39.51
P207188,Toys,8.26
P229096,Grocery,13.69
P245216,Grocery,3.16
P206856,Beauty,23.54
P222044,Fashion,119.84
P210620,Grocery,24.55
P220723,Toys,45.63
P241142,Electronics,858.93
P241503,Grocery,3.75
P223475,Home,177.43
P230243,Fashion,55.83
P232860,Fashion,6.67
P202415,Fashion,79.05
P210637,Beauty,63.98
P224510,Home,247.46
P237301,Home,202.88
P206516,Sports,127.34
P204401,Electronics,256.39
P235800,Grocery,22.05
P232122,Sports,178.2
P243336,Grocery,6.01
P206867,Electronics,1259.33
P246944,Toys,19.23
P222381,Fashion,28.7
P239069,Beauty,38.87
P217517,Beauty,18.82
P211830,Beauty,36.22
P234830,Grocery,15.09
P245910,Grocery,21.36
P200468,Beauty,20.13
P201344,Fashion,87.08
P225454,Beauty,5.38
P206098,Beauty,9.79
P244869,Fashion,132.09
P237504,Grocery,9.63
P221341,Fashion,31.57
P230106,Home,192.39
P249740,Electronics,590.09
P236651,Fashion,238.24
P200091,Fashion,114.47
P249609,Electronics,321.01
P201884,Grocery,5.72
P213432,Electronics,468.04
P247050,Toys,60.63
P219505,Grocery,61.94
P210231,Electronics,442.16
P240410,Beauty,11.01
P240720,Fashion,16.07
P204482,Fashion,29.74
P234749,Sports,76.71
P213918,Beauty,69.11
P242752,Electronics,142.24
P215813,Fashion,11.96
P204466,Beauty,9.24
P234999,Grocery,10.63
P222165,Toys,32.04
P213112,Fashion,37.5
P224797,Beauty,39.04
P211481,Grocery,5.23
P205175,Toys,6.72
P208333,Fashion,67.88
P214460,Grocery,5.65
P200089,Home,196.01
P220790,Fashion,103.88
P232627,Grocery,7.75
P217593,Home,151.99
P237746,Home,89.81
P235992,Sports,12.96
P200148,Sports,98.37
P215263,Home,201.49
P224449,Fashion,31.37
P224083,Home,66.66
P242314,Beauty,7.24
P213538,Fashion,33.31
P246883,Sports,173.67
P226981,Beauty,3.3
P248956,Beauty,23.96
P202363,Home,34.99
P227508,Electronics,493.07
P203107,Beauty,6.7
P201451,Home,15.73
P248963,Fashion,33.74
P241409,Fashion,56.27
P215180,Toys,8.7
P212377,Home,15.56
P220319,Electronics,690.19
P230685,Fashion,35.55
P223214,Beauty,42.57
P249655,Electronics,392.15
P231877,Electronics,466.2
P235865,Toys,35.81
P246356,Sports,94.02
P204520,Fashion,72.4
P246109,Home,17.89
P247599,Beauty,86.99
P241610,Home,25.94
P229669,Toys,10.01
P201210,Fashion,77.26
P234955,Home,37.13
P249520,Electronics,130.66
P243304,Beauty,9.43
P211463,Home,33.01
P214335,Beauty,15.65
P219834,Electronics,94.36
P206644,Electronics,831.83
P245314,Electronics,638.3
P242596,Toys,55.23
P217528,Grocery,4.89
P200017,Home,218.12
P246388,Electronics,260.21
P205999,Sports,21.41
P212397,Fashion,18.24
P245386,Fashion,14.95
P233202,Electronics,642.17
P235265,Beauty,16.29
P238805,Beauty,16.23
P234381,Beauty,27.42
P244938,Fashion,19.1
P248524,Sports,21.22
P247515,Electronics,537.39
P244632,Beauty,22.54
P225316,Grocery,2.24
P205695,Home,75.17
P213637,Electronics,566.69
P240728,Grocery,18.96
P204886,Toys,26.77
P203771,Home,25.26
P230647,Toys,5.49
P238672,Toys,17.27
P247193,Electronics,257.43
P219896,Electronics,319.65
P225674,Fashion,8.34
P244765,Sports,224.58
P227559,Beauty,58.32
P224487,Grocery,8.39
P211575,Toys,2.04
P203924,Beauty,23.45
P245938,Beauty,68.53
P230509,Sports,33.02
P221265,Grocery,5.36
P205730,Sports,110.94
P208476,Electronics,412.0
P210861,Home,11.33
P225705,Fashion,95.06
P241463,Electronics,1788.25
P204141,Beauty,52.32
P240704,Electronics,214.67
P229839,Grocery,6.71
P222245,Toys,65.24
P218831,Electronics,357.89
P237572,Beauty,20.7
P219653,Grocery,3.97
P208568,Electronics,473.37
P242145,Sports,28.45
P227855,Beauty,8.76
P239830,Electronics,414.44
P214379,Electronics,711.28
P224042,Fashion,36.67
P224467,Grocery,8.99
P233500,Beauty,29.02
P240081,Sports,159.05
P223620,Electronics,54.81
P245577,Grocery,4.25
P234926,Home,169.89
P224195,Beauty,15.57
P204619,Home,108.44
P210503,Beauty,47.43
P232287,Electronics,204.92
P220428,Electronics,432.5
P211606,Beauty,21.46
P223857,Grocery,24.45
P215558,Home,57.19
P249909,Fashion,9.57
P200918,Electronics,279.46
P225695,Home,81.25
P208897,Beauty,5.55
P221313,Home,19.05
P202861,Beauty,18.13
P234575,Home,68.3
P225975,Fashion,20.85
P202649,Grocery,11.93
P204423,Beauty,21.2
P235210,Sports,157.2
P207639,Toys,15.56
P202595,Sports,388.93
P221521,Beauty,42.65
P245974,Home,24.82
P245132,Toys,8.3
P204075,Sports,85.48
P232241,Beauty,18.5
P209641,Sports,14.73
P220326,Electronics,294.11
P234539,Electronics,352.18
P236460,Grocery,9.2
P225094,Grocery,27.48
P218735,Toys,17.99
P242095,Home,213.28
P219156,Electronics,337.26
P233679,Fashion,123.01
P209007,Sports,33.7
P242922,Fashion,92.61
P213377,Toys,13.69
P201800,Sports,127.6
P237901,Grocery,2.52
P241529,Grocery,8.55
P200969,Sports,120.18
P236847,Fashion,117.43
P215601,Grocery,4.25
P247456,Fashion,26.57
P237473,Toys,16.61
P230655,Beauty,15.33
P215259,Home,30.9
P245814,Fashion,40.5
P202489,Electronics,286.97
P241475,Grocery,23.54
P202890,Beauty,42.57
P245100,Electronics,157.95
P234210,Beauty,11.78
P200722,Electronics,1349.65
P235354,Home,150.86
P241345,Fashion,18.72
P222510,Sports,100.94
P239541,Toys,35.86
P215073,Home,89.11
P237846,Fashion,9.23
P208142,Electronics,134.35
P226543,Sports,26.82
P245260,Electronics,54.99
P235806,Home,59.98
P242032,Fashion,24.29
P226876,Fashion,18.17
P214413,Home,116.05
P200768,Grocery,4.25
P227255,Sports,288.41
P241946,Electronics,478.51
P244066,Toys,4.55
P205557,Home,51.23
P243319,Fashion,203.73
P227620,Fashion,11.12
P218691,Home,44.81
P234157,Toys,26.61
P239507,Sports,81.74
P210263,Fashion,27.08
P242629,Fashion,14.22
P215258,Beauty,9.11
P239021,Grocery,18.36
P239001,Electronics,428.8
P227445,Toys,13.43
P226162,Sports,70.6
P232383,Sports,200.8
P220786,Home,298.99
P210418,Grocery,4.2
P231259,Grocery,8.45
P248879,Home,31.09
P231651,Home,147.54
P214055,Home,121.76
P209123,Fashion,98.55
P239756,Electronics,287.79
P213755,Fashion,79.69
P248704,Beauty,32.03
P234760,Toys,2.81
P236827,Fashion,34.12
P223587,Fashion,112.16
P239661,Beauty,56.01
P211741,Grocery,13.02
P219528,Toys,4.74
P248157,Toys,24.47
P223266,Toys,5.83
P223854,Beauty,13.57
P215706,Electronics,172.57
P245802,Fashion,8.62
P219058,Toys,38.46
P204548,Home,84.11
P229502,Electronics,506.8
P201552,Sports,662.03
P206014,Fashion,25.95
P213106,Grocery,27.31
P217776,Home,54.5
P215396,Sports,542.24
P249011,Electronics,400.79
P241340,Toys,104.36
P200648,Sports,31.99
P237428,Toys,58.67
P211609,Toys,6.91
P249623,Electronics,230.46
P226592,Fashion,75.86
P249058,Home,26.93
P207695,Fashion,33.61
P237644,Fashion,47.21
P219179,Electronics,423.99
P236984,Electronics,81.29
P218683,Toys,32.34
P231506,Beauty,26.96
P204142,Beauty,29.64
P244622,Beauty,22.49
P223028,Grocery,22.33
P226409,Toys,24.07
P202472,Beauty,18.54
P215300,Beauty,9.55
P230549,Fashion,39.51
P225826,Electronics,136.62
P203110,Beauty,14.21
P241094,Home,147.03
P208801,Electronics,481.79
P243994,Electronics,484.66
P226822,Electronics,1282.07
P200258,Beauty,32.97
P206868,Toys,28.68
P238512,Electronics,261.27
P230856,Grocery,8.52
P212092,Sports,52.89
P216621,Fashion,49.81
P207904,Fashion,94.97
P201158,Fashion,105.07
P233362,Home,150.74
P216786,Electronics,373.9
P225397,Fashion,69.2
P210427,Home,162.37
P210494,Beauty,49.47
P207490,Electronics,816.99
P226273,Home,63.76
P228504,Fashion,9.04
P205286,Grocery,29.36
P232430,Electronics,759.15
P203552,Home,185.08
P223622,Beauty,4.2
P204996,Electronics,562.12
P234232,Sports,30.89
P239050,Electronics,172.06
P239013,Electronics,336.7
P204113,Sports,96.41
P226532,Electronics,827.06
P236861,Home,99.58
P208124,Sports,233.46
P221235,Fashion,90.97
P225262,Beauty,3.35
P203579,Fashion,80.33
P225619,Toys,9.51
P209571,Toys,4.92
P220912,Fashion,59.0
P240334,Fashion,60.17
P242001,Electronics,1346.02
P234341,Home,178.91
P222104,Electronics,114.6
P242323,Home,214.06
P248277,Electronics,191.91
P241970,Toys,58.59
P245771,Home,52.72
P244654,Fashion,12.48
P228892,Electronics,63.72
P237951,Electronics,97.78
P202301,Home,133.14
P229497,Home,39.23
P249181,Electronics,109.65
P245065,Fashion,13.34
P244120,Fashion,65.86
P231149,Fashion,75.09
P242130,Sports,22.55
P235966,Sports,24.44
P242501,Home,210.14
P224889,Beauty,5.06
P202695,Electronics,67.5
P225105,Sports,89.67
P208149,Grocery,7.14
P222243,Electronics,409.81
P245915,Electronics,242.44
P243426,Home,20.9
P224887,Electronics,140.0
P206865,Beauty,3.36
P213610,Toys,16.48
P210715,Beauty,24.11
P233031,Sports,742.09
P213830,Toys,6.91
P237811,Electronics,288.53
P205116,Toys,16.59
P201636,Home,37.37
P241590,Electronics,269.47
P226802,Electronics,567.38
P207811,Home,169.77
P215223,Beauty,6.0
P210581,Grocery,40.01
P220919,Sports,45.9
P217482,Toys,19.37
P249441,Home,14.29
P228390,Sports,41.77
P208463,Beauty,31.17
P236446,Fashion,22.02
P224990,Home,49.6
P236236,Home,88.0
P212671,Electronics,347.85
P204986,Home,188.84
P242622,Sports,94.85
P228590,Electronics,52.43
P215526,Beauty,22.53
P206803,Fashion,59.41
P211905,Fashion,117.13
P202461,Home,50.12
P240713,Home,157.45
P205673,Beauty,7.03
P210954,Home,21.78
P210420,Home,271.04
P246735,Electronics,276.19
P217327,Grocery,2.96
P229564,Fashion,20.03
P204156,Beauty,23.53
P212251,Electronics,392.91
P213520,Grocery,16.45
P201905,Home,41.02
P248188,Fashion,8.78
P226886,Sports,46.42
P236077,Grocery,3.71
P205661,Beauty,19.62
P233699,Toys,39.14
P203838,Fashion,68.11
P246960,Grocery,19.5
P242073,Fashion,50.08
P210378,Fashion,64.27
P201989,Beauty,22.7
P219868,Toys,21.49
P247963,Sports,158.57
P224270,Fashion,146.72
P228527,Electronics,881.45
P242187,Fashion,44.25
P239730,Sports,43.59
P238735,Grocery,15.15
P215981,Toys,79.88
P227080,Fashion,65.81
P211797,Toys,70.33
P226457,Grocery,1.3
P220917,Fashion,19.7
P208871,Fashion,20.72
P219053,Fashion,32.36
P225823,Home,14.12
P217514,Home,171.67
P217787,Sports,18.62
P205030,Electronics,79.8
P216753,Grocery,3.94
P214557,Sports,182.23
P208567,Fashion,129.89
P214616,Toys,24.66
P234711,Beauty,17.27
P248743,Electronics,154.91
P225386,Home,112.21
P246901,Toys,47.17
P223013,Beauty,6.79
P229006,Toys,12.92
P206885,Home,27.56
P241369,Sports,53.62
P214045,Fashion,24.8
P218780,Beauty,20.75
P225550,Home,652.79
P212841,Home,36.7
P248284,Beauty,42.65
P247184,Grocery,11.64
P221305,Beauty,13.93
P240021,Toys,12.39
P218942,Toys,30.49
P224714,Home,80.03
P217721,Toys,13.03
P202294,Home,170.84
P240004,Electronics,402.78
P249114,Grocery,4.32
P210237,Electronics,53.17
P236269,Grocery,66.34
P218461,Sports,146.03
P209840,Grocery,3.14
P211063,Toys,7.09
P213064,Sports,167.6
P221740,Home,37.83
P200932,Electronics,153.26
P217019,Electronics,505.49
P222157,Home,43.52
P205508,Home,74.46
P232779,Fashion,41.22
P244962,Electronics,510.87
P230888,Grocery,5.36
P245886,Electronics,242.22
P208060,Toys,8.33
P233216,Beauty,9.09
P235264,Grocery,41.09
P205885,Beauty,62.02
P200426,Fashion,50.1
P239867,Toys,12.78
P225491,Electronics,321.14
P219553,Home,223.23
P212918,Toys,3.92
P212513,Grocery,21.01
P216830,Home,151.28
P244695,Electronics,151.86
P202250,Grocery,2.1
P213608,Sports,256.76
P202681,Beauty,15.03
P217785,Fashion,86.73
P203407,Beauty,7.11
P239529,Grocery,12.04
P217427,Fashion,21.06
P227594,Home,151.85
P200391,Electronics,585.02
P223263,Toys,19.34
P205127,Sports,17.3
P239357,Home,138.07
P212512,Sports,111.77
P248468,Fashion,65.04
P204037,Grocery,15.15
P206854,Electronics,121.56
P225733,Fashion,95.19
P219633,Beauty,24.05
P228203,Toys,77.39
P234311,Electronics,73.26
P217175,Beauty,11.69
P221554,Electronics,603.49
P245636,Beauty,30.81
P238866,Electronics,86.63
P240216,Beauty,32.87
P239979,Beauty,13.97
P207798,Beauty,34.0
P245420,Sports,43.04
P220748,Beauty,22.21
P201716,Grocery,6.76
P236404,Grocery,34.5
P244324,Sports,67.44
P207870,Grocery,5.45
P222055,Fashion,12.73
P245133,Grocery,11.96
P205726,Electronics,1053.32
P207557,Grocery,12.96
P231768,Fashion,61.14
P224166,Beauty,26.69
P235486,Grocery,31.65
P240655,Electronics,167.05
P228506,Fashion,50.45
P224102,Toys,2.14
P219265,Home,34.28
P223094,Sports,93.37
P215173,Fashion,25.56
P233411,Fashion,7.65
P249172,Grocery,13.2
P211264,Grocery,10.59
P233445,Electronics,336.11
P215931,Fashion,5.12
P242059,Home,21.36
P202650,Grocery,3.42
P240654,Beauty,43.42
P243024,Electronics,141.7
P211592,Fashion,86.23
P243390,Grocery,19.2
P213457,Toys,35.34
P206596,Fashion,70.93
P233259,Sports,31.51
P249911,Toys,14.66
P232979,Toys,10.6
P246412,Fashion,52.29
P240743,Home,119.83
P203722,Toys,13.08
P211709,Electronics,524.01
P242925,Home,11.96
P216687,Grocery,27.44
P218165,Toys,13.83
P235993,Grocery,8.13
P229194,Grocery,19.55
P211382,Fashion,98.58
P228618,Home,953.96
P220587,Toys,46.95
P201353,Toys,3.13
P208371,Fashion,12.89
P204698,Sports,330.54
P219184,Sports,61.27
P206902,Home,52.71
P220647,Home,451.32
P249374,Sports,131.31
P229140,Electronics,528.26
P235005,Electronics,88.14
P217004,Toys,28.22
P249073,Toys,10.39
P212505,Sports,32.47
P239147,Electronics,229.45
P235008,Toys,5.64
P214577,Beauty,11.03
P208043,Fashion,80.81
P234130,Electronics,141.36
P227414,Grocery,5.05
P239303,Sports,121.02
P241052,Grocery,17.01
P239260,Toys,3.48
P203470,Home,157.11
P231643,Home,94.69
P227811,Toys,4.69
P204201,Electronics,96.72
P205351,Home,126.75
P248685,Grocery,5.77
P227340,Grocery,8.66
P228180,Beauty,25.04
P213488,Beauty,10.55
P230374,Toys,12.22
P240200,Toys,4.01
P213831,Toys,28.67
P223821,Electronics,548.25
P211426,Fashion,12.84
P236396,Home,105.97
P238120,Fashion,26.07
P228085,Fashion,8.35
P235669,Home,393.91
P247786,Grocery,37.98
P217925,Home,79.1
P246006,Electronics,676.31
P202091,Electronics,180.21
P210842,Fashion,45.3
P209923,Grocery,18.97
P224126,Sports,56.85
P204854,Electronics,543.37
P204432,Grocery,4.06
P212006,Sports,38.43
P237788,Sports,135.13
P226887,Toys,43.57
P222632,Home,113.59
P200977,Grocery,3.97
P220594,Electronics,213.7
P239802,Beauty,23.05
P234026,Home,14.49
P244815,Home,22.72
P217681,Home,141.18
P210170,Electronics,122.24
P207397,Electronics,246.29
P239640,Electronics,946.01
P201732,Electronics,71.39
P248628,Sports,15.95
P202942,Electronics,101.01
P249600,Fashion,11.08
P231548,Sports,38.79
P209429,Electronics,201.23
P237268,Home,91.26
P222517,Grocery,10.94
P229949,Fashion,58.27
P228899,Electronics,219.47
P247994,Fashion,55.67
P200165,Beauty,62.32
P212872,Home,76.49
P221216,Home,55.73
P230206,Toys,26.88
P229264,Home,433.17
P219158,Sports,45.46
P225989,Electronics,817.97
P242406,Beauty,10.71
P228058,Grocery,14.43
P228050,Home,134.6
P232864,Toys,15.2
P235194,Beauty,4.88
P243677,Fashion,186.42
P219641,Home,82.25
P221110,Sports,141.7
P223235,Beauty,28.47
P241462,Fashion,25.63
P228959,Beauty,20.98
P245424,Fashion,54.35
P241024,Sports,314.05
P239508,Toys,29.58
P223098,Beauty,19.27
P215309,Toys,34.35
P214105,Home,86.86
P249813,Electronics,127.92
P208672,Beauty,27.34
P230328,Fashion,26.48
P214078,Toys,2.5
P237430,Sports,27.98
P240583,Beauty,41.81
P236029,Toys,27.51
P203560,Electronics,935.01
P211859,Toys,5.5
P230612,Home,325.71
P213153,Home,147.06
P240624,Fashion,45.1
P242077,Beauty,35.99
P227013,Fashion,21.27
P206690,Toys,19.77
P244442,Fashion,32.37
P221715,Fashion,23.03
P211431,Beauty,7.29
P207181,Grocery,1.24
P207731,Electronics,121.87
P240142,Sports,23.31
P228714,Grocery,37.5
P207023,Electronics,109.59
P238329,Toys,45.28
P200910,Electronics,65.97
P228588,Fashion,37.9
P237470,Grocery,6.8
P247341,Toys,19.91
P229390,Grocery,36.86
P204038,Fashion,38.59
P228215,Sports,33.01
P231565,Grocery,4.74
P219829,Home,23.83
P232899,Toys,8.46
P243016,Grocery,32.91
P218862,Electronics,1342.27
P222500,Toys,4.22
P216688,Beauty,39.59
P216282,Electronics,440.96
P202519,Home,235.08
P206112,Home,29.43
P200992,Sports,78.51
P205647,Toys,21.66
P243519,Electronics,513.93
P229014,Home,174.19
P207597,Electronics,325.02
P225633,Sports,72.28
P216854,Sports,289.5
P203566,Sports,29.73
P203285,Toys,4.35
P243152,Toys,20.34
P212846,Fashion,139.46
P213079,Fashion,112.14
P246804,Home,57.06
P208551,Beauty,28.12
P233052,Fashion,28.46
P215100,Home,285.04
P203277,Sports,140.31
P219015,Sports,22.96
P201757,Electronics,144.92
P232085,Grocery,15.11
P226098,Home,110.55
P246220,Grocery,4.69
P215295,Electronics,422.89
P238555,Beauty,4.91
P225821,Toys,27.12
P242372,Home,64.11
P221833,Sports,69.42
P225992,Grocery,9.7
P208549,Fashion,15.63
P222432,Fashion,145.13
P239498,Home,10.02
P247376,Electronics,94.71
P248547,Fashion,26.94
P203141,Toys,4.16
P232964,Toys,2.24
P215868,Toys,8.54
P206679,Beauty,12.5
P240754,Sports,53.07
P233705,Fashion,57.0
P211722,Fashion,74.71
P213989,Electronics,891.8
P246200,Home,78.1
P223562,Electronics,83.45
P214919,Toys,18.16
P241306,Sports,103.55
P248380,Home,29.29
P224438,Electronics,103.73
P220999,Beauty,21.03
P243740,Toys,12.78
P201708,Fashion,6.03
P222788,Grocery,3.25
P214269,Toys,5.35
P222605,Toys,7.89
P221221,Electronics,645.57
P241631,Fashion,40.55
P231757,Fashion,51.05
P248275,Fashion,24.03
P243037,Sports,27.02
P242656,Fashion,65.37
P228734,Electronics,270.55
P219590,Beauty,40.24
P228828,Toys,33.91
P223096,Electronics,239.71
P229448,Beauty,28.8
P243261,Home,330.16
P211450,Electronics,53.97
P230575,Sports,73.06
P231592,Fashion,24.82
P239110,Fashion,9.48
P220333,Fashion,10.15
P217663,Sports,47.79
P249972,Grocery,2.88
P209535,Electronics,368.5
P238887,Beauty,32.22
P232474,Toys,42.09
P249155,Fashion,5.15
P210745,Toys,2.61
P200030,Home,154.17
P208132,Sports,29.61
P225874,Grocery,10.3
P245764,Grocery,44.16
P217269,Sports,112.87
P226555,Grocery,7.05
P221227,Toys,24.97
P226702,Grocery,40.58
P218674,Toys,10.3
P204596,Home,158.56
P242443,Electronics,360.44
P227346,Sports,57.05
P229004,Beauty,28.22
P227226,Toys,32.75
P212453,Grocery,9.38
P224581,Home,43.07
P240588,Electronics,1345.92
P224524,Beauty,16.04
P231843,Beauty,35.93
P243052,Beauty,29.09
P240784,Fashion,5.08
P216610,Electronics,188.66
P238910,Fashion,23.57
P207482,Sports,263.2
P232024,Beauty,21.35
P223674,Fashion,5.17
P214030,Toys,34.47
P225472,Grocery,2.59
P227135,Electronics,314.16
P214750,Fashion,58.17
P236422,Toys,43.81
P213733,Electronics,228.73
P217480,Grocery,12.0
P219624,Fashion,27.89
P243782,Beauty,37.05
P240546,Toys,11.78
P243887,Beauty,18.56
P214250,Beauty,90.78
P249999,Beauty,11.03
P247022,Sports,112.19
P236384,Sports,21.56
P235472,Sports,87.09
P223138,Grocery,12.24
P203893,Toys,6.29
P234268,Fashion,23.03
P201725,Beauty,35.07
P247160,Beauty,7.26
P240109,Grocery,2.31
P216709,Home,133.14
P243190,Electronics,95.66
P202666,Grocery,3.5
P242169,Fashion,7.53
P248771,Grocery,2.9
P207152,Fashion,48.61
P244396,Home,80.4
P204778,Fashion,96.73
P216169,Beauty,23.74
P239107,Fashion,19.72
P219945,Sports,39.47
P210079,Sports,63.29
P218362,Electronics,96.03
P220800,Toys,25.77
P213758,Fashion,91.39
P228874,Fashion,5.68
P229298,Grocery,26.43
P214156,Toys,6.75
P243039,Electronics,171.62
P216239,Toys,10.09
P207089,Home,274.52
P205917,Grocery,21.13
P241029,Beauty,31.54
P215350,Fashion,69.76
P209286,Electronics,89.28
P205742,Grocery,5.86
P237021,Electronics,133.75
P201839,Home,144.24
P214661,Toys,5.0
P211743,Electronics,159.86
P218891,Electronics,203.69
P228483,Toys,100.31
P231135,Home,38.07
P229557,Sports,22.36
P211682,Home,51.17
P229039,Fashion,11.29
P243919,Beauty,26.45
P214198,Electronics,562.02
P232104,Beauty,18.93
P219009,Grocery,24.15
P238661,Grocery,3.87
P229965,Beauty,18.19
P223784,Fashion,54.92
P223569,Electronics,604.16
P242468,Beauty,14.87
P227254,Beauty,100.23
P234612,Beauty,24.49
P240037,Beauty,10.73
P227160,Electronics,495.32
P212206,Grocery,23.7
P244211,Grocery,18.05
P201533,Beauty,5.14
P205596,Fashion,21.68
P221153,Fashion,27.13
P231069,Beauty,19.08
P206358,Home,60.68
P234459,Beauty,28.86
P241287,Toys,13.26
P220137,Beauty,69.19
P216481,Sports,113.52
P237522,Grocery,2.01
P226923,Sports,226.51
P238941,Beauty,16.38
P242057,Toys,7.39
P247275,Grocery,1.62
P221402,Beauty,8.02
P247187,Toys,12.61
P205704,Home,121.88
P240679,Fashion,105.8
P229310,Home,56.63
P246903,Fashion,11.84
P211715,Toys,2.87
P221810,Beauty,34.99
P200183,Electronics,150.81
P241932,Sports,51.65
P235156,Toys,5.73
P220706,Beauty,19.44
P221316,Home,306.46
P236595,Fashion,35.18
P236247,Grocery,7.8
P228841,Fashion,21.38
P208757,Home,56.21
P209018,Sports,84.13
P229277,Fashion,42.83
P244077,Sports,64.52
P216733,Beauty,26.51
P249250,Home,82.47
P218153,Fashion,62.42
P244469,Sports,91.27
P227666,Sports,118.73
P216785,Home,76.96
P241147,Electronics,51.05
P249294,Electronics,404.8
P232711,Home,59.25
P245163,Grocery,10.99
P200220,Fashion,14.49
P204240,Beauty,7.55
P239769,Beauty,36.27
P212292,Fashion,33.37
P247671,Beauty,17.55
P232714,Grocery,4.89
P230429,Electronics,382.09
P238759,Sports,246.38
P200559,Grocery,2.81
P201771,Electronics,1040.04
P224940,Fashion,70.53
P242595,Toys,32.59
P218452,Home,168.01
P216900,Grocery,13.38
P224905,Fashion,16.67
P200377,Fashion,30.92
P211474,Fashion,5.37
P229329,Electronics,197.71
P215929,Home,28.63
P236942,Electronics,727.08
P227140,Electronics,447.82
P212980,Home,171.06
P242997,Grocery,1.57
P243359,Fashion,32.43
P208168,Toys,9.04
P233633,Fashion,14.22
P204915,Electronics,364.46
P248921,Home,177.84
P239903,Toys,69.83
P216197,Fashion,133.8
P229011,Home,23.41
P217938,Fashion,24.86
P204047,Fashion,23.47
P203679,Grocery,2.25
P219460,Beauty,40.38
P212927,Home,48.63
P234289,Sports,25.18
P230481,Fashion,50.74
P219775,Electronics,75.16
P220105,Beauty,11.07
P239543,Fashion,34.75
P223544,Toys,16.8
P215953,Fashion,50.67
P209395,Electronics,160.63
P204270,Beauty,47.23
P208389,Grocery,42.85
P236962,Home,10.02
P233512,Home,108.19
P221930,Home,128.31
P249604,Fashion,8.23
P203262,Home,157.13
P224129,Sports,323.3
P230453,Electronics,544.19
P200498,Beauty,4.85
P244647,Sports,313.57
P216524,Home,43.94
P218098,Beauty,42.23
P211012,Sports,111.36
P203602,Toys,20.31
P223059,Grocery,26.77
P241877,Fashion,91.46
P228398,Home,23.6
P211620,Fashion,16.46
P205976,Toys,69.14
P229232,Home,267.57
P213284,Fashion,32.66
P246022,Beauty,5.56
P239856,Home,399.37
P234574,Electronics,519.7
P226030,Fashion,92.96
P233708,Sports,53.39
P203945,Sports,58.23
P228718,Grocery,31.49
P208421,Fashion,25.38
P221241,Electronics,428.38
P207738,Toys,6.65
P203772,Sports,161.42
P212365,Toys,4.96
P210798,Grocery,6.39
P215775,Electronics,106.29
P201984,Sports,111.76
P233820,Beauty,25.37
P200350,Beauty,14.01
P200912,Sports,76.15
P237213,Toys,5.06
P233059,Beauty,61.66
P225788,Fashion,69.88
P215778,Fashion,11.45
P233235,Beauty,7.66
P222976,Sports,78.73
P233832,Sports,21.08
P237656,Toys,5.32
P247777,Fashion,17.96
P211655,Electronics,68.16
P213111,Fashion,30.79
P218778,Beauty,28.93
P243017,Fashion,33.16
P224662,Electronics,271.32
P227168,Beauty,6.88
P246418,Toys,4.0
P239626,Home,49.47
P200003,Home,58.19
P238708,Electronics,92.6
P243908,Fashion,131.17
P244817,Grocery,3.52
P242434,Fashion,22.42
P225977,Toys,3.83
P214166,Toys,5.38
P232769,Grocery,36.68
P209336,Electronics,197.0
P226214,Fashion,15.73
P241108,Sports,28.48
P231667,Beauty,30.38
P220631,Sports,134.65
P232421,Beauty,27.1
P222419,Grocery,9.08
P243313,Grocery,4.34
P202043,Electronics,63.04
P243889,Fashion,83.2
P212762,Electronics,176.32
P213382,Grocery,21.16
P226239,Electronics,428.09
P248843,Home,188.0
P232130,Fashion,27.01
P227806,Home,127.54
P247898,Sports,53.47
P231995,Toys,3.71
P222789,Electronics,465.07
P223173,Fashion,31.66
P249689,Home,74.9
P208982,Electronics,51.89
P206863,Electronics,186.88
P221488,Toys,30.03
P220527,Fashion,21.69
P212947,Electronics,352.77
P244209,Grocery,20.4
P219232,Electronics,224.8
P232473,Home,181.67
P216545,Toys,4.61
P212104,Sports,21.78
P213347,Electronics,279.0
P222150,Beauty,15.16
P217893,Electronics,312.11
P222489,Sports,55.78
P246012,Fashion,22.99
P245214,Electronics,516.09
P236767,Fashion,35.18
P242796,Sports,48.18
P216376,Sports,336.36
P211406,Grocery,3.62
P230659,Toys,29.61
P249543,Beauty,82.46
P244374,Grocery,4.49
P244404,Grocery,32.47
P200740,Home,187.49
P228459,Toys,40.37
P243803,Electronics,797.62
P243231,Home,149.67
P226533,Sports,240.34
P237677,Sports,123.15
P237987,Electronics,112.87
P215038,Fashion,10.24
P242351,Grocery,35.58
P238974,Beauty,20.81
P249061,Fashion,17.63
P226722,Fashion,33.21
P220554,Grocery,9.77
P220165,Electronics,441.86
P227940,Fashion,27.33
P209464,Toys,28.96
P201979,Grocery,9.14
P228273,Electronics,456.34
P206612,Electronics,1114.67
P226763,Home,442.4
P206022,Beauty,17.51
P238849,Electronics,136.73
P209768,Electronics,144.03
P228055,Sports,178.2
P207832,Sports,18.17
P200299,Grocery,16.06
P219426,Fashion,123.45
P247264,Grocery,4.46
P230654,Grocery,1.74
P246997,Home,307.11
P217664,Home,67.57
P225437,Toys,37.58
P204589,Fashion,19.14
P208133,Beauty,25.52
P239400,Beauty,119.84
P215459,Fashion,71.48
P219168,Grocery,7.67
P207398,Toys,30.73
P223092,Electronics,57.15
P209303,Fashion,72.12
P225632,Grocery,5.0
P242055,Fashion,11.63
P235068,Fashion,14.24
P224353,Fashion,31.84
P215265,Sports,23.08
P216897,Grocery,20.93
P236999,Electronics,169.17
P239320,Toys,39.98
P242461,Home,22.57
P219231,Home,178.56
P243951,Grocery,1.27
P242583,Electronics,76.73
P240629,Home,122.94
P235006,Grocery,7.23
P239368,Home,26.63
P202433,Beauty,20.39
P223393,Fashion,58.57
P240914,Toys,2.04
P229616,Toys,6.72
P230771,Home,184.66
P217812,Home,19.79
P215029,Home,50.11
P204306,Beauty,16.99
P213177,Fashion,33.65
P203781,Fashion,13.45
P226601,Home,15.39
P218701,Electronics,256.66
P206688,Sports,53.5
P225420,Home,102.37
P223833,Electronics,86.45
P212685,Grocery,6.18
P219671,Fashion,63.19
P235629,Fashion,22.05
P208684,Beauty,15.0
P230793,Fashion,33.08
P232651,Electronics,216.29
P206581,Home,23.7
P216127,Sports,108.63
P205032,Sports,23.4
P236777,Grocery,26.58
P221707,Beauty,19.88
P230620,Fashion,75.72
P206307,Grocery,6.93
P235896,Grocery,6.02
P206027,Electronics,196.84
P248428,Sports,124.99
P217330,Sports,161.22
P203440,Grocery,31.94
P232797,Grocery,3.15
P242431,Sports,28.69
P228336,Home,112.67
P214764,Fashion,103.07
P228432,Fashion,11.56
P232115,Home,384.8
P246416,Sports,17.29
P241700,Fashion,59.7
P210931,Grocery,29.07
P218077,Electronics,295.61
P238655,Sports,376.77
P225895,Grocery,2.68
P202821,Fashion,164.34
P231736,Electronics,73.82
P248793,Fashion,99.95
P216218,Home,116.07
P244189,Beauty,24.46
P201395,Sports,27.26
P203961,Grocery,55.74
P235382,Home,44.61
P217928,Fashion,21.2
P237993,Electronics,476.15
P245457,Grocery,9.72
P226356,Fashion,11.17
P226726,Fashion,60.85
P247428,Fashion,14.08
P207034,Electronics,178.16
P242405,Fashion,65.96
P213580,Electronics,370.91
P201204,Beauty,32.87
P242880,Grocery,15.8
P224331,Home,59.29
P203583,Home,95.66
P216256,Electronics,254.62
P244099,Electronics,93.19
P244379,Fashion,20.1
P222310,Sports,17.32
P208223,Sports,103.62
P219358,Sports,92.9
P211522,Sports,120.01
P236336,Beauty,8.36
P227501,Fashion,8.5
P244082,Home,256.84
P200201,Grocery,3.89
P207956,Fashion,88.56
P207385,Electronics,130.85
P206007,Home,269.74
P234562,Toys,12.84
P200916,Fashion,88.46
P207778,Beauty,23.15
P242644,Beauty,12.39
P247208,Sports,69.31
P206346,Toys,44.74
P240112,Electronics,549.25
P216448,Grocery,13.8
P236418,Fashion,105.3
P214715,Fashion,23.49
P239166,Sports,91.01
P225897,Home,256.9
P248708,Electronics,118.96
P236792,Electronics,89.56
P222698,Sports,75.17
P208843,Home,41.0
P245773,Sports,36.15
P231551,Grocery,5.99
P227442,Toys,29.06
P226696,Fashion,20.46
P221563,Grocery,4.88
P222982,Sports,242.96
P222863,Grocery,13.56
P204763,Electronics,132.83
P232198,Home,19.01
P220493,Toys,7.56
P205535,Home,177.62
P232519,Grocery,7.12
P229745,Electronics,177.38
P230906,Toys,5.2
P221250,Home,98.26
P211297,Toys,47.34
P238766,Beauty,7.43
P244137,Fashion,8.89
P230086,Home,20.24
P224063,Fashion,33.69
P218421,Home,456.11
P241922,Electronics,266.49
P201243,Electronics,553.89
P242829,Electronics,377.49
P234421,Electronics,758.94
P224688,Grocery,5.69
P207974,Fashion,153.8
P202304,Home,26.04
P212338,Beauty,28.14
P203814,Electronics,293.45
P224796,Home,14.17
P227219,Electronics,587.88
P237806,Toys,6.2
P213365,Grocery,2.06
P209224,Home,294.97
P205082,Electronics,641.24
P240069,Fashion,57.45
P247043,Toys,13.81
P230934,Beauty,15.91
P227759,Toys,2.08
P229526,Sports,10.99
P217859,Electronics,1000.92
P246013,Electronics,168.74
P238183,Sports,22.36
P235013,Beauty,34.67
P222073,Home,105.62
P219042,Grocery,7.82
P240253,Toys,62.42
P219667,Sports,17.06
P227731,Electronics,93.89
P234415,Grocery,4.04
P247813,Electronics,1308.36
P209356,Fashion,86.66
P240860,Electronics,190.86
P222013,Electronics,218.59
P203244,Grocery,5.68
P223571,Sports,35.09
P236793,Home,18.27
P211892,Electronics,61.13
P213877,Fashion,42.13
P222754,Fashion,75.49
P220588,Beauty,5.45
P241770,Toys,16.22
P223638,Home,350.11
P204947,Electronics,96.62
P207477,Toys,5.34
P249530,Beauty,26.54
P247488,Toys,10.48
P211556,Fashion,5.38
P211568,Grocery,9.47
P226914,Home,19.45
P208482,Fashion,67.11
P219932,Electronics,245.63
P219054,Toys,108.11
P247192,Grocery,31.46
P203339,Toys,16.69
P232582,Grocery,83.57
P238316,Grocery,17.02
P221486,Grocery,12.24
P230641,Electronics,1036.13
P246102,Home,44.83
P240711,Electronics,381.25
P236124,Sports,57.18
P228330,Home,147.36
P236741,Home,594.28
P213020,Home,53.52
P204471,Sports,13.87
P227122,Sports,10.72
P203123,Electronics,349.11
P238771,Sports,72.28
P203790,Electronics,136.66
P232036,Sports,99.48
P227129,Beauty,44.07
P222303,Fashion,18.49
P246515,Home,41.02
P216004,Electronics,331.31
P220162,Home,74.92
P241281,Fashion,23.79
P228237,Fashion,41.39
P210489,Home,117.03
P216563,Toys,7.24
P220349,Fashion,28.37
P248805,Electronics,240.83
P226609,Beauty,8.19
P241697,Electronics,705.15
P236487,Beauty,13.12
P223041,Fashion,56.36
P226009,Toys,8.39
P244602,Fashion,72.78
P219678,Beauty,5.71
P236623,Grocery,5.84
P235519,Electronics,375.95
P233492,Electronics,175.12
P242213,Sports,20.56
P242256,Fashion,207.28
P240817,Sports,42.82
P225470,Fashion,13.83
P218883,Toys,23.66
P201329,Fashion,40.76
P227050,Sports,80.92
P231407,Electronics,69.62
P212538,Fashion,9.1
P218834,Electronics,1133.02
P247303,Home,12.42
P242129,Fashion,43.23
P239825,Fashion,82.47
P242424,Fashion,9.97
P246138,Beauty,25.11
P247246,Grocery,16.2
P223577,Electronics,153.89
P232175,Fashion,43.62
P249416,Home,356.14
P248134,Fashion,17.9
P218413,Grocery,66.97
P239642,Toys,3.89
P203766,Grocery,38.08
P241355,Home,12.37
P239824,Fashion,13.7
P226056,Home,503.21
P208299,Beauty,10.58
P236331,Sports,10.7
P243866,Grocery,29.48
P207849,Home,332.99
P229604,Fashion,142.96
P215104,Beauty,28.39
P207959,Home,188.56
P203196,Fashion,183.7
P236899,Toys,46.92
P200412,Electronics,184.57
P236615,Home,11.06
P208794,Sports,30.35
P224358,Electronics,230.04
P228843,Fashion,7.13
P224046,Electronics,216.9
P217525,Home,85.38
P210245,Grocery,1.25
P217504,Sports,39.95
P231648,Home,88.61
P245435,Electronics,134.7
P226369,Electronics,55.66
P206693,Electronics,616.58
P237671,Beauty,54.55
P232823,Sports,54.76
P223142,Beauty,32.6
P213414,Grocery,1.88
P228274,Grocery,32.24
P218378,Grocery,9.44
P238038,Fashion,36.65
P214526,Fashion,95.11
P214742,Grocery,2.18
P242874,Fashion,26.95
P243561,Grocery,57.17
P234269,Fashion,32.35
P215553,Fashion,14.1
P244281,Home,243.36
P221072,Fashion,35.41
P204136,Sports,80.13
P216403,Toys,44.73
P217416,Toys,10.4
P246715,Sports,20.7
P219658,Toys,2.52
P211853,Beauty,21.64
P228369,Home,203.45
P247121,Home,42.87
P200747,Toys,3.65
P243326,Fashion,96.82
P248839,Fashion,216.0
P217351,Home,497.1
P248409,Electronics,631.04
P219182,Electronics,400.23
P235783,Beauty,44.06
P208592,Fashion,39.59
P226499,Toys,2.17
P232262,Electronics,305.31
P243280,Sports,24.64
P236092,Electronics,235.63
P218261,Electronics,291.37
P243647,Fashion,36.07
P236443,Electronics,235.19
P223345,Beauty,27.44
P216389,Sports,127.58
P238301,Home,198.69
P209713,Home,245.77
P237943,Beauty,23.92
P236646,Home,19.97
P219853,Electronics,197.47
P209013,Sports,10.37
P203093,Grocery,12.91
P211304,Home,241.07
P232521,Electronics,266.45
P226881,Grocery,17.22
P240386,Grocery,18.83
P230767,Toys,19.77
P240745,Electronics,754.57
P216011,Home,18.8
P240221,Sports,87.02
P209531,Toys,29.61
P204556,Toys,42.02
P202717,Home,368.15
P224538,Electronics,443.28
P246254,Home,140.85
P242022,Electronics,347.9
P243492,Grocery,20.53
P209800,Electronics,173.23
P223402,Fashion,65.4
P204750,Electronics,174.16
P213820,Fashion,90.27
P235422,Beauty,78.64
P249307,Electronics,615.76
P235837,Beauty,15.39
P220978,Toys,25.57
P213713,Beauty,60.34
P231207,Electronics,63.53
P206303,Fashion,11.53
P203755,Fashion,21.88
P200830,Electronics,1086.53
P246393,Beauty,4.96
P239342,Fashion,85.0
P206121,Fashion,57.14
P248294,Home,91.02
P222458,Toys,3.99
P234110,Grocery,24.17
P243124,Beauty,10.53
P243704,Home,320.22
P246017,Electronics,739.79
P249613,Toys,6.86
P223227,Grocery,2.19
P200200,Toys,5.38
P216899,Home,36.5
P205871,Sports,14.34
P221834,Electronics,210.99
P231325,Home,127.26
P229546,Toys,19.79
P222874,Beauty,11.0
P226972,Home,21.36
P203696,Electronics,477.97
P242235,Fashion,23.18
P223385,Grocery,4.74
P218013,Sports,125.33
P237257,Toys,6.5
P202016,Beauty,38.64
P241126,Beauty,43.23
P233743,Home,565.5
P240073,Toys,2.73
P220328,Toys,2.46
P245823,Toys,5.78
P222281,Fashion,78.44
P228007,Toys,3.8
P238550,Toys,18.07
P240170,Electronics,192.14
P228375,Toys,9.08
P226411,Grocery,12.23
P224558,Home,14.73
P220431,Grocery,13.36
P206951,Home,65.56
P211653,Fashion,42.04
P234935,Home,27.56
P205959,Grocery,6.39
P218017,Fashion,47.86
P213855,Grocery,8.05
P221424,Electronics,288.2
P235145,Home,21.15
P204275,Electronics,151.63
P245242,Toys,32.45
P209552,Home,124.9
P207275,Home,162.24
P215485,Home,315.51
P233540,Home,257.88
P207605,Fashion,12.34
P234067,Sports,47.4
P224757,Beauty,69.35
P244865,Grocery,13.99
P208337,Home,283.74
P237931,Fashion,144.76
P217186,Grocery,5.24
P216359,Home,44.1
P222502,Electronics,194.2
P232514,Beauty,50.04
P243218,Beauty,40.4
P202940,Toys,58.39
P223953,Sports,156.59
P244812,Electronics,120.91
P206305,Sports,109.53
P208407,Beauty,9.6
P239747,Sports,130.63
P201635,Fashion,80.99
P214279,Home,222.28
P210491,Electronics,97.92
P203109,Fashion,77.72
P212515,Sports,20.81
P222140,Home,93.59
P207445,Fashion,32.46
P242970,Toys,148.88
P202413,Fashion,43.66
P218027,Electronics,343.46
P228048,Beauty,29.72
P230372,Home,65.81
P206335,Fashion,35.49
P249795,Fashion,77.68
P227354,Toys,28.29
P243005,Electronics,444.37
P248734,Home,12.67
P204807,Sports,58.38
P214950,Fashion,18.12
P206336,Fashion,42.3
P206524,Fashion,117.29
P238490,Fashion,20.24
P241898,Beauty,15.42
P236866,Toys,3.05
P209664,Fashion,32.22
P228223,Toys,27.6
P229830,Electronics,690.87
P213602,Fashion,32.77
P210517,Home,36.17
P247385,Home,148.07
P222277,Beauty,22.18
P223725,Home,251.8
P219894,Beauty,3.46
P231178,Sports,486.36
P240565,Home,358.65
P200950,Electronics,102.68
P237204,Electronics,66.04
P235512,Toys,20.91
P248882,Sports,135.67
P201920,Toys,14.68
P206419,Sports,109.33
P209160,Sports,25.79
P231706,Fashion,84.0
P238940,Grocery,19.23
P238698,Beauty,5.17
P245740,Fashion,29.58
P247424,Fashion,35.41
P237506,Electronics,291.29
P222879,Home,52.74
P213604,Toys,14.47
P213808,Toys,5.82
P213034,Toys,6.05
P203884,Beauty,3.11
P217965,Electronics,122.17
P220236,Home,62.54
P216707,Electronics,266.44
P236467,Toys,16.3
P205181,Sports,70.43
P241321,Home,161.37
P218484,Home,16.36
P229073,Fashion,21.25
P212968,Home,152.63
P213280,Fashion,6.28
P202754,Fashion,27.93
P217856,Home,48.09
P243386,Home,168.95
P215817,Toys,2.73
P201803,Home,387.68
P208272,Grocery,5.94
P231450,Toys,6.31
P215668,Fashion,41.22
P239674,Fashion,34.48
P227117,Electronics,130.55
P221739,Sports,35.29
P244699,Fashion,62.06
P208516,Fashion,44.03
P231864,Fashion,8.73
P232515,Home,91.28
P214774,Electronics,232.47
P237680,Grocery,3.59
P214373,Electronics,878.23
P203691,Toys,34.14
P244445,Home,114.66
P235832,Beauty,7.62
P227881,Electronics,114.9
P206026,Electronics,216.96
P243496,Fashion,15.64
P214073,Electronics,334.26
P240505,Home,179.58
P207184,Sports,33.23
P201789,Beauty,11.04
P230353,Fashion,67.02
P226340,Sports,34.06
P247343,Beauty,14.86
P231065,Home,72.06
P213686,Fashion,12.78
P214351,Beauty,10.69
P229258,Electronics,77.4
P247002,Sports,304.68
P248034,Home,19.97
P226362,Sports,133.26
P200099,Sports,44.85
P203905,Toys,4.28
P215090,Fashion,99.63
P235110,Fashion,44.73
P208091,Grocery,16.78
P205024,Electronics,248.94
P246523,Home,49.71
P202289,Grocery,2.02
P211354,Home,721.63
P231386,Electronics,101.31
P228278,Home,28.35
P232987,Fashion,6.23
P229530,Electronics,222.6
P239175,Beauty,74.02
P243128,Home,238.26
P246359,Grocery,2.55
P203239,Fashion,44.81
P220201,Toys,9.55
P206857,Fashion,22.89
P200067,Fashion,81.6
P209863,Home,73.33
P223609,Sports,11.62
P202012,Electronics,107.18
P226022,Fashion,53.65
P219453,Sports,12.94
P224050,Grocery,7.44
P239080,Fashion,182.74
P237419,Sports,146.92
P200352,Electronics,1137.23
P218210,Beauty,10.94
P232192,Fashion,154.37
P228412,Beauty,19.48
P236166,Beauty,45.37
P201004,Home,61.95
P247580,Beauty,8.09
P205967,Electronics,444.44
P206428,Beauty,20.05
P218879,Electronics,306.79
P228340,Beauty,3.12
P201737,Beauty,12.24
P232323,Toys,9.69
P235864,Home,177.01
P207927,Home,61.88
P216720,Sports,88.42
P241927,Home,63.38
P213056,Toys,20.92
P210862,Sports,39.77
P240955,Electronics,768.65
P235738,Sports,112.52
P236037,Sports,46.64
P217227,Fashion,65.42
P218264,Sports,258.16
P225981,Fashion,29.48
P203480,Electronics,924.94
P241310,Home,17.57
P215860,Electronics,506.03
P203042,Toys,16.69
P220012,Electronics,257.19
P243001,Sports,25.66
P224686,Grocery,4.98
P226341,Electronics,866.18
P217585,Fashion,8.48
P246841,Electronics,103.86
P243335,Home,70.06
P229527,Fashion,60.13
P229930,Beauty,18.21
P224704,Sports,114.86
P240673,Grocery,21.92
P236371,Toys,62.42
P233057,Beauty,52.85
P238456,Home,206.58
P207393,Home,80.12
P246204,Fashion,20.12
P226420,Home,28.43
P244595,Sports,101.57
P219077,Fashion,62.57
P212985,Beauty,11.56
P212014,Fashion,55.44
P208374,Home,131.35
P249502,Sports,118.49
P222299,Electronics,285.38
P219233,Beauty,24.05
P220819,Electronics,504.36
P228782,Home,31.5
P239172,Sports,141.66
P222898,Electronics,405.17
P223824,Home,17.96
P214110,Toys,11.53
P247707,Sports,144.14
P205825,Grocery,8.07
P203488,Home,33.27
P201895,Fashion,39.03
P202908,Sports,113.31
P201411,Beauty,65.0
P205457,Toys,24.49
P211574,Home,237.74
P242903,Toys,8.05
P238216,Grocery,24.58
P227694,Sports,103.09
P208847,Sports,88.3
P222676,Beauty,10.61
P241309,Home,40.02
P214658,Grocery,11.34
P223392,Sports,228.34
P229676,Home,53.01
P216781,Beauty,75.4
P231940,Sports,75.33
P212700,Home,109.07
P220516,Fashion,15.6
P218618,Home,121.56
P210964,Fashion,10.7
P231853,Home,50.9
P201962,Grocery,8.95
P249961,Beauty,7.72
P239241,Electronics,83.07
P240251,Home,65.57
P204415,Beauty,5.02
P248616,Home,153.76
P231545,Fashion,16.02
P208705,Fashion,65.91
P229766,Home,251.17
P232119,Fashion,75.75
P221203,Toys,11.28
P216391,Electronics,189.28
P226579,Fashion,46.37
P212451,Beauty,9.98
P224516,Electronics,187.34
P245836,Sports,26.6
P231077,Home,209.44
P245976,Fashion,39.4
P219330,Fashion,27.68
P222120,Toys,25.46
P248025,Grocery,1.64
P231790,Sports,128.31
P222070,Fashion,69.97
P209294,Grocery,2.51
P245493,Beauty,74.54
P211561,Toys,3.13
P229617,Grocery,16.98
P213571,Electronics,460.78
P243783,Fashion,46.16
P200009,Electronics,680.65
P215203,Toys,11.6
P205321,Beauty,34.2
P248847,Electronics,594.08
P210219,Toys,4.94
P232811,Electronics,280.09
P210086,Beauty,6.28
P240544,Fashion,6.11
P218955,Home,38.81
P247660,Sports,83.54
P208200,Fashion,41.49
P205632,Beauty,20.3
P213700,Fashion,21.76
P234630,Fashion,41.27
P204711,Home,75.9
P230871,Fashion,134.8
P202457,Fashion,8.49
P211196,Beauty,109.59
P239467,Fashion,49.22
P213167,Sports,32.35
P207157,Grocery,22.33
P244821,Beauty,10.17
P202714,Fashion,7.0
P227217,Fashion,22.85
P240132,Sports,43.15
P231117,Fashion,68.44
P215256,Beauty,6.93
P244766,Toys,22.7
P209583,Beauty,4.55
P212271,Fashion,104.51
P202835,Grocery,27.85
P213239,Beauty,32.16
P229540,Beauty,15.53
P236973,Fashion,35.21
P246621,Electronics,156.36
P202154,Fashion,12.41
P203923,Home,79.48
P231558,Beauty,32.82
P242814,Fashion,94.81
P222468,Fashion,16.63
P240030,Fashion,7.85
P243992,Beauty,10.55
P232215,Electronics,1030.42
P201273,Toys,7.2
P226680,Fashion,17.34
P212434,Grocery,5.47
P246096,Sports,190.82
P209404,Toys,3.9
P240579,Toys,69.34
P210487,Sports,86.25
P210389,Electronics,225.19
P248133,Fashion,116.17
P231389,Fashion,64.58
P217994,Beauty,13.1
P209610,Sports,461.03
P218170,Fashion,56.89
P219866,Sports,25.69
P222930,Home,116.8
P243867,Home,71.14
P248954,Sports,16.57
P208571,Sports,167.48
P222979,Sports,114.36
P211492,Electronics,424.99
P249845,Toys,7.53
P230290,Home,28.44
P207033,Home,38.77
P224077,Sports,224.27
P227385,Electronics,216.32
P200847,Beauty,34.26
P211163,Home,227.88
P209704,Beauty,5.98
P244862,Electronics,649.64
P231849,Beauty,74.76
P205648,Grocery,6.16
P231793,Fashion,14.04
P219704,Electronics,232.66
P218841,Home,42.73
P228038,Electronics,196.26
P203450,Home,46.47
P245268,Beauty,20.66
P233186,Grocery,1.36
P209110,Sports,94.48
P223748,Fashion,89.98
P232586,Electronics,113.47
P220202,Electronics,71.06
P235399,Home,141.48
P204630,Grocery,6.01
P234597,Sports,87.07
P209855,Beauty,20.06
P248698,Toys,28.19
P203812,Grocery,7.69
P223978,Grocery,18.11
P211531,Electronics,201.03
P213236,Sports,32.24
P202759,Grocery,1.22
P243738,Electronics,1187.92
P245480,Sports,252.27
P249207,Home,137.84
P237771,Grocery,5.3
P215732,Home,82.29
P201781,Toys,12.42
P213412,Beauty,15.34
P231554,Sports,53.42
P233145,Toys,33.67
P246378,Home,33.19
P216665,Grocery,2.69
P212926,Fashion,18.21
P219303,Toys,37.3
P247802,Electronics,300.94
P212356,Toys,8.16
P239752,Beauty,8.04
P236362,Home,203.24
P247126,Sports,79.25
P239338,Fashion,28.12
P227468,Home,87.52
P230928,Beauty,13.7
P224790,Electronics,150.14
P221114,Home,62.54
P229094,Fashion,71.04
P244753,Grocery,1.34
P235638,Electronics,370.35
P242649,Home,113.51
P229969,Sports,165.32
P235880,Home,175.63
P216297,Fashion,15.59
P222816,Sports,123.97
P240205,Toys,9.54
P204534,Fashion,76.56
P206171,Fashion,52.14
P241229,Electronics,326.95
P217874,Grocery,4.67
P239157,Toys,16.96
P228429,Sports,61.31
P206641,Beauty,44.94
P223539,Grocery,15.84
P225367,Electronics,101.83
P221726,Grocery,4.38
P204677,Beauty,11.04
P205139,Fashion,79.01
P220513,Home,61.36
P211157,Toys,41.33
P212832,Sports,107.46
P247877,Sports,63.78
P246023,Grocery,8.95
P208205,Home,25.12
P205425,Fashion,22.72
P203900,Home,50.41
P211811,Toys,10.04
P238381,Fashion,8.2
P229134,Sports,21.02
P216906,Sports,138.54
P202817,Grocery,3.67
P204950,Beauty,13.14
P247101,Fashion,190.35
P224273,Toys,4.81
P207491,Fashion,74.63
P207691,Grocery,2.3
P200442,Beauty,7.54
P222778,Sports,126.52
P230879,Grocery,28.86
P226659,Home,11.61
P248788,Home,43.19
P209413,Sports,451.69
P243400,Sports,32.15
P229899,Electronics,133.59
P247147,Fashion,7.5
P226938,Toys,104.91
P245463,Home,540.7
P235021,Beauty,3.51
P229936,Fashion,22.66
P230760,Home,314.84
P234778,Home,283.56
P221019,Home,46.38
P227791,Grocery,24.72
P224192,Sports,79.73
P239765,Fashion,39.47
P229180,Home,245.59
P243520,Fashion,42.58
P243806,Grocery,6.22
P242005,Sports,269.75
P237601,Home,20.06
P200371,Home,43.26
P230193,Toys,45.28
P220986,Home,152.83
P249025,Fashion,34.61
P246174,Fashion,73.8
P221057,Electronics,179.04
P229872,Grocery,6.88
P210712,Home,41.8
P217391,Electronics,580.08
P227922,Electronics,106.67
P200667,Fashion,17.1
P216325,Beauty,15.79
P215890,Fashion,10.88
P226483,Grocery,10.71
P237136,Fashion,14.58
P235797,Beauty,41.65
P241000,Home,30.62
P229940,Grocery,30.2
P222763,Toys,7.53
P224701,Fashion,38.87
P217161,Grocery,4.08
P241795,Beauty,4.2
P239038,Electronics,683.04
P209028,Home,34.8
P237009,Fashion,25.31
P241694,Home,66.25
P246617,Home,73.04
P241259,Home,59.36
P200521,Beauty,3.5
P230824,Grocery,13.06
P213256,Fashion,16.33
P244544,Home,69.29
P226293,Beauty,5.04
P230607,Electronics,84.57
P241612,Electronics,517.06
P220543,Home,107.23
P227213,Fashion,88.35
P218663,Sports,24.32
P242582,Fashion,34.33
P228990,Fashion,12.59
P234449,Fashion,268.41
P213116,Toys,3.18
P203706,Electronics,88.7
P216147,Home,19.37
P233728,Fashion,70.29
P233611,Home,13.19
P249370,Fashion,151.94
P208895,Grocery,3.69
P213251,Sports,147.1
P244997,Home,24.43
P205109,Home,34.61
P224632,Toys,5.88
P229740,Home,149.72
P212151,Home,36.06
P206325,Home,127.1
P222691,Electronics,250.51
P210050,Beauty,17.95
P201912,Home,50.62
P207374,Electronics,641.72
P233034,Electronics,176.71
P226256,Sports,18.33
P227769,Fashion,63.87
P210198,Electronics,245.85
P229281,Grocery,2.84
P204564,Home,179.84
P236996,Electronics,192.87
P207155,Grocery,32.77
P247952,Fashion,7.16
P233085,Grocery,37.47
P200710,Electronics,79.93
P211388,Toys,2.72
P208642,Fashion,47.86
P218127,Beauty,8.4
P234091,Fashion,107.63
P211752,Toys,33.85
P204237,Home,53.73
P230169,Sports,160.38
P205675,Beauty,38.51
P239555,Electronics,375.43
P202640,Electronics,292.79
P212317,Sports,335.75
P244408,Toys,19.92
P240144,Sports,209.67
P233462,Beauty,10.61
P220637,Fashion,51.19
P210385,Home,85.94
P224667,Home,358.42
P245384,Home,40.35
P200171,Home,310.26
P249772,Sports,58.64
P232844,Beauty,3.54
P210367,Fashion,11.0
P215031,Home,227.4
P235312,Sports,645.53
P232023,Grocery,2.89
P228188,Beauty,27.87
P249139,Sports,265.12
P235625,Grocery,31.28
P234321,Beauty,14.84
P206274,Electronics,702.67
P212556,Toys,6.18
P241921,Beauty,27.5
P234395,Sports,99.61
P211523,Electronics,134.52
P219588,Fashion,51.35
P213990,Fashion,9.33
P217412,Beauty,8.7
P217031,Electronics,2586.36
P238071,Fashion,86.27
P247512,Electronics,600.98
P217286,Grocery,4.04
P211054,Sports,18.33
P202897,Fashion,54.82
P221946,Electronics,112.76
P207851,Electronics,288.88
P225001,Sports,203.68
P214585,Fashion,60.29
P239996,Electronics,59.05
P247038,Beauty,6.31
P248123,Sports,220.7
P205595,Toys,2.36
P223774,Beauty,25.21
P243691,Grocery,34.24
P209599,Electronics,92.44
P213307,Electronics,386.41
P236710,Home,68.1
P234568,Grocery,20.11
P214414,Sports,39.87
P210261,Fashion,171.3
P202377,Home,85.06
P240091,Toys,18.14
P248994,Fashion,75.64
P201271,Grocery,11.77
P245316,Grocery,28.96
P228419,Home,71.46
P219982,Grocery,2.31
P214873,Grocery,15.01
P241494,Beauty,23.48
P218534,Sports,106.93
P236892,Toys,2.96
P212117,Sports,72.18
P205602,Toys,6.76
P231674,Sports,30.44
P205486,Sports,221.26
P249698,Fashion,8.95
P220806,Beauty,30.42
P209943,Grocery,17.35
P204824,Sports,96.91
P235883,Beauty,6.67
P200218,Fashion,18.66
P232893,Toys,48.79
P246458,Sports,61.73
P245374,Fashion,33.47
P204180,Fashion,41.55
P237928,Electronics,625.6
P230058,Grocery,16.57
P201942,Fashion,91.9
P211532,Electronics,502.55
P229876,Sports,133.27
P231682,Home,62.51
P240879,Electronics,288.18
P224339,Grocery,1.42
P247592,Grocery,6.74
P246508,Electronics,103.15
P213118,Electronics,220.1
P244679,Beauty,7.74
P242277,Grocery,51.05
P208104,Electronics,206.97
P224168,Toys,4.34
P228466,Beauty,5.01
P235551,Toys,15.36
P236617,Grocery,43.62
P222697,Electronics,454.68
P212609,Home,77.3
P213483,Sports,105.35
P210523,Sports,83.33
P226989,Sports,68.89
P244729,Grocery,3.1
P206236,Toys,46.64
P240577,Grocery,13.97
P244726,Sports,182.7
P203105,Beauty,20.36
P201838,Home,169.34
P224437,Sports,74.21
P225560,Electronics,465.8
P226208,Toys,2.35
P235658,Toys,8.14
P247355,Fashion,67.9
P248491,Home,152.26
P214646,Electronics,437.52
P221061,Home,83.86
P240214,Electronics,953.14
P222873,Fashion,119.25
P203458,Electronics,70.21
P214582,Sports,116.01
P240856,Sports,15.77
P207406,Fashion,37.62
P230619,Home,80.86
P221852,Sports,68.07
P245846,Home,59.54
P248872,Beauty,53.27
P237775,Home,118.94
P242335,Electronics,170.7
P222681,Sports,69.63
P242493,Beauty,52.45
P210144,Home,79.28
P244217,Fashion,32.39
P221074,Fashion,19.84
P212349,Electronics,483.56
P223610,Electronics,133.59
P209357,Grocery,15.2
P204561,Toys,34.51
P229844,Grocery,1.29
P207614,Grocery,14.18
P202358,Grocery,31.44
P231805,Grocery,2.22
P216041,Home,26.5
P245871,Electronics,1920.33
P210267,Beauty,35.08
P245563,Grocery,2.42
P224634,Beauty,112.48
P207257,Home,52.73
P242918,Beauty,3.25
P241144,Grocery,42.13
P223989,Grocery,33.87
P242640,Sports,344.42
P247271,Sports,23.22
P216961,Beauty,53.7
P212146,Grocery,3.97
P245237,Fashion,8.48
P241030,Home,30.19
P242178,Sports,24.52
P203640,Sports,10.37
P246136,Electronics,535.79
P219114,Home,287.16
P238187,Home,123.5
P223922,Home,16.14
P248210,Grocery,1.29
P229500,Electronics,550.03
P214429,Fashion,113.49
P249418,Electronics,573.54
P236684,Sports,56.07
P213687,Grocery,15.28
P212865,Fashion,138.87
P244653,Toys,10.1
P235094,Fashion,21.59
P235569,Home,142.17
P246301,Electronics,996.26
P211022,Beauty,36.36
P215297,Fashion,19.14
P220483,Electronics,123.9
P206463,Beauty,31.23
P213632,Fashion,18.32
P217407,Electronics,644.51
P245834,Fashion,49.26
P221464,Sports,124.16
P233039,Home,613.14
P244939,Home,164.03
P249341,Beauty,3.34
P210533,Sports,136.0
P216149,Fashion,23.23
P237711,Home,189.64
P217152,Fashion,73.81
P230772,Grocery,10.9
P244735,Toys,18.46
P227307,Toys,9.4
P237566,Fashion,5.47
P247986,Grocery,27.35
P200464,Beauty,28.08
P202600,Beauty,97.97
P206126,Sports,30.47
P207151,Beauty,27.96
P211660,Sports,76.56
P200065,Home,153.87
P226301,Sports,137.06
P207193,Sports,54.46
P228540,Home,57.33
P211001,Fashion,53.3
P209078,Electronics,154.95
P223949,Beauty,9.48
P224245,Fashion,97.84
P219131,Home,242.11
P248520,Grocery,6.24
P231543,Toys,15.54
P204705,Fashion,105.25
P218272,Electronics,307.31
P231834,Grocery,38.67
P216012,Electronics,407.66
P205883,Home,96.03
P225295,Fashion,24.04
P217074,Beauty,3.68
P248937,Electronics,562.41
P231556,Fashion,70.03
P231579,Home,134.95
P225090,Fashion,61.48
P208828,Beauty,4.68
P238080,Electronics,333.36
P200626,Sports,90.99
P223933,Fashion,77.61
P220703,Electronics,192.28
P222345,Home,554.22
P208059,Toys,12.18
P239552,Electronics,83.1
P214093,Fashion,73.09
P244436,Electronics,229.72
P202543,Toys,15.36
P216118,Sports,180.53
P207353,Fashion,52.0
P213349,Electronics,408.43
P214163,Fashion,19.31
P202603,Beauty,5.85
P200991,Grocery,5.31
P226304,Fashion,93.14
P242988,Beauty,3.55
P216872,Fashion,7.57
P208179,Toys,24.85
P204152,Electronics,208.6
P249663,Sports,155.82
P227895,Home,363.65
P227180,Beauty,3.92
P200734,Sports,69.85
P204701,Grocery,19.32
P228781,Grocery,16.02
P226877,Grocery,5.74
P210022,Toys,35.03
P218243,Fashion,114.88
P223648,Home,74.54
P244135,Electronics,328.44
P243594,Electronics,560.96
P237460,Toys,3.75
P226736,Toys,10.43
P201335,Fashion,93.28
P227192,Home,67.14
P228294,Toys,7.08
P242913,Toys,17.95
P247971,Beauty,16.6
P225524,Fashion,16.06
P229912,Fashion,109.96
P247195,Electronics,67.46
P242435,Home,59.23
P225189,Electronics,117.67
P205644,Fashion,128.76
P205520,Home,292.08
P202128,Electronics,125.64
P239506,Home,50.93
P216601,Grocery,15.54
P208940,Electronics,63.28
P224776,Fashion,31.97
P231745,Electronics,256.37
P237907,Home,89.72
P231702,Home,24.48
P241911,Toys,14.0
P234649,Electronics,244.32
P218704,Home,33.58
P239718,Fashion,78.97
P209968,Toys,20.99
P215098,Grocery,1.08
P208890,Fashion,93.68
P200621,Toys,4.54
P229657,Beauty,35.79
P216843,Sports,19.93
P225660,Fashion,179.72
P224875,Electronics,800.01
P226006,Beauty,3.21
P238143,Sports,172.66
P223696,Home,20.52
P231310,Grocery,20.83
P226964,Home,235.64
P205925,Electronics,169.14
P231122,Beauty,35.55
P239199,Fashion,89.39
P233756,Grocery,20.97
P224789,Home,38.0
P216915,Electronics,243.88
P236387,Home,86.89
P210410,Home,316.67
P229209,Beauty,3.45
P213574,Fashion,42.15
P231521,Electronics,478.32
P229061,Sports,71.31
P239332,Electronics,138.38
P230805,Grocery,13.39
P235828,Fashion,218.92
P214826,Home,15.51
P230779,Fashion,38.16
P235292,Toys,19.9
P212607,Beauty,26.97
P245883,Fashion,147.32
P201100,Beauty,4.92
P208310,Sports,63.41
P238069,Fashion,23.54
P224201,Sports,39.04
P247740,Sports,43.71
P244095,Home,72.81
P200496,Toys,4.43
P230443,Sports,198.89
P205530,Home,14.57
P244092,Beauty,46.13
P240014,Toys,39.69
P246828,Beauty,37.87
P230534,Electronics,58.37
P246567,Home,229.38
P218639,Toys,22.68
P206999,Sports,222.62
P246166,Home,11.38
P239511,Home,122.29
P202692,Electronics,221.28
P206073,Home,81.28
P240998,Electronics,171.64
P223005,Grocery,2.44
P217999,Fashion,42.43
P249372,Grocery,11.55
P214160,Home,16.83
P247378,Beauty,30.44
P220155,Electronics,54.42
P240089,Fashion,41.9
P240344,Home,59.44
P232398,Electronics,485.81
P248605,Home,570.98
P212706,Electronics,409.84
P249658,Electronics,142.83
P204741,Electronics,312.42
P230323,Sports,20.36
P225444,Toys,39.34
P248330,Electronics,247.7
P228566,Grocery,6.91
P222822,Home,331.43
P249891,Grocery,20.24
P209982,Grocery,7.57
P241383,Beauty,15.31
P235823,Beauty,37.74
P218587,Fashion,35.27
P210175,Grocery,1.99
P232185,Sports,37.87
P218341,Home,306.28
P245298,Toys,19.63
P215787,Fashion,102.45
P215307,Toys,24.97
P200584,Beauty,40.69
P238946,Beauty,7.95
P236958,Beauty,3.58
P247323,Electronics,377.04
P209400,Beauty,4.0
P248164,Fashion,31.01
P211885,Beauty,8.84
P227023,Grocery,2.34
P225741,Home,351.09
P215804,Toys,12.76
P206025,Toys,15.26
P207455,Home,11.19
P201062,Electronics,69.45
P228976,Sports,65.25
P225101,Sports,113.56
P209574,Electronics,165.09
P247481,Fashion,39.04
P229661,Sports,55.81
P221784,Electronics,91.28
P238452,Sports,15.78
P210914,Electronics,235.54
P239606,Fashion,69.3
P234755,Electronics,1405.23
P236872,Beauty,11.72
P212315,Beauty,8.69
P247926,Grocery,16.63
P208877,Fashion,7.61
P212058,Grocery,10.13
P203734,Home,78.28
P223188,Home,129.05
P226626,Home,162.67
P203261,Fashion,189.32
P245097,Electronics,163.07
P201982,Home,146.69
P205255,Electronics,148.26
P210749,Toys,12.83
P230214,Beauty,7.14
P202019,Home,125.65
P240839,Grocery,4.91
P206980,Electronics,376.66
P243524,Fashion,17.09
P247982,Beauty,13.98
P225657,Beauty,22.53
P222375,Grocery,3.94
P242982,Sports,14.64
P220592,Fashion,77.71
P232203,Fashion,41.71
P234547,Home,17.14
P237305,Electronics,229.05
P217257,Fashion,37.52
P229817,Sports,92.2
P221150,Fashion,87.71
P245750,Fashion,104.2
P221988,Toys,20.81
P203881,Home,149.07
P242469,Electronics,369.49
P223829,Toys,22.29
P211109,Home,99.1
P223443,Fashion,25.97
P205649,Fashion,36.8
P227211,Electronics,83.3
P221392,Fashion,30.99
P211031,Fashion,102.7
P249363,Fashion,60.76
P213963,Home,177.09
P232003,Grocery,26.94
P237785,Fashion,57.96
P208122,Sports,57.96
P224509,Toys,5.14
P243159,Home,20.93
P204062,Sports,42.12
P240710,Home,59.77
P201493,Home,15.81
P212699,Home,441.89
P217981,Home,479.3
P247893,Sports,152.22
P231583,Grocery,11.36
P210634,Electronics,507.58
P239454,Grocery,3.2
P239829,Electronics,887.26
P241845,Grocery,12.04
P249343,Fashion,109.06
P202380,Fashion,84.14
P207762,Beauty,5.76
P227854,Grocery,19.78
P245682,Grocery,20.25
P211225,Grocery,2.87
P245628,Electronics,257.25
P235171,Sports,20.13
P238789,Toys,11.95
P212483,Fashion,17.11
P224837,Sports,23.94
P202369,Electronics,380.5
P202467,Grocery,24.08
P242894,Home,318.89
P234027,Grocery,15.92
P245736,Toys,4.54
P234887,Grocery,11.1
P217907,Beauty,20.61
P243625,Sports,84.47
P243146,Beauty,45.41
P237187,Sports,103.59
P207092,Toys,4.46
P239512,Electronics,332.73
P220120,Fashion,17.39
P249224,Home,49.18
P219271,Beauty,5.21
P246468,Toys,26.04
P225563,Electronics,555.6
P209978,Grocery,4.63
P209223,Fashion,11.46
P232737,Electronics,302.99
P209422,Sports,337.46
P223597,Sports,101.62
P203092,Fashion,105.4
P202591,Sports,51.67
P235270,Toys,32.4
P208853,Toys,19.65
P225805,Grocery,18.38
P207061,Electronics,94.39
P201673,Sports,151.61
P225664,Electronics,513.69
P206002,Fashion,82.1
P242920,Electronics,332.65
P207308,Grocery,4.04
P244405,Beauty,12.61
P233267,Electronics,394.61
P213590,Toys,31.9
P233093,Electronics,359.07
P213729,Toys,11.9
P229224,Beauty,24.06
P200887,Electronics,51.24
P236441,Home,254.6
P211232,Beauty,4.16
P240703,Toys,12.03
P233696,Fashion,97.87
P204403,Home,129.7
P207990,Beauty,35.74
P244215,Fashion,62.47
P217008,Home,127.31
P231010,Home,18.21
P246522,Fashion,7.61
P239005,Sports,195.53
P242237,Fashion,30.18
P241646,Sports,43.68
P204610,Grocery,11.77
P249684,Grocery,20.15
P231686,Grocery,37.16
P234908,Electronics,818.67
P207724,Electronics,60.08
P249725,Home,176.95
P246026,Beauty,19.8
P210695,Toys,11.81
P201398,Sports,38.56
P242514,Beauty,11.33
P213926,Toys,10.87
P245817,Fashion,51.4
P206408,Sports,30.68
P214842,Fashion,57.19
P211136,Home,321.25
P203497,Fashion,36.68
P234742,Fashion,121.07
P231408,Toys,7.87
P241826,Grocery,4.06
P229794,Grocery,28.98
P209245,Toys,21.75
P202534,Electronics,728.99
P247018,Electronics,80.4
P235985,Electronics,146.41
P218719,Sports,101.14
P223713,Beauty,5.99
P245982,Grocery,32.06
P219726,Toys,12.76
P201555,Grocery,3.85
P216659,Home,227.65
P230966,Electronics,183.14
P225923,Electronics,217.66
P203089,Sports,110.64
P234940,Sports,28.9
P223185,Sports,200.87
P243027,Electronics,93.82
P234594,Home,59.12
P221893,Beauty,4.44
P221512,Beauty,72.07
P205811,Electronics,118.22
P209862,Toys,15.15
P232804,Fashion,33.04
P244376,Electronics,216.27
P218011,Home,89.8
P222544,Home,236.86
P214425,Beauty,24.02
P233444,Home,144.05
P205072,Beauty,42.77
P200252,Home,164.04
P235632,Sports,156.15
P210208,Fashion,5.95
P218615,Electronics,706.2
P219670,Electronics,648.26
P223218,Electronics,553.4
P233160,Home,36.33
P211283,Sports,14.8
P244502,Fashion,21.82
P225006,Electronics,239.86
P239916,Sports,211.13
P225667,Home,449.18
P224677,Fashion,77.43
P247688,Electronics,101.2
P214542,Sports,212.18
P205316,Fashion,7.45
P212759,Grocery,23.72
P228190,Fashion,138.83
P222817,Fashion,26.78
P236776,Sports,206.33
P207373,Home,64.99
P248195,Electronics,296.55
P236054,Home,13.91
P210873,Electronics,622.8
P237285,Electronics,985.62
P213994,Beauty,22.11
P218164,Electronics,188.95
P206605,Beauty,5.11
P235116,Electronics,393.38
P216145,Electronics,300.42
P216120,Sports,100.53
P248604,Home,417.51
P239865,Toys,27.13
P237849,Home,260.0
P204901,Beauty,41.45
P235072,Toys,41.06
P243460,Beauty,19.32
P202485,Home,235.96
P246232,Fashion,13.22
P233416,Grocery,12.32
P230131,Fashion,102.7
P209743,Electronics,112.46
P229447,Sports,171.63
P202632,Beauty,26.34
P224287,Fashion,88.39
P227108,Grocery,37.69
P234541,Sports,144.18
P244049,Beauty,91.45
P207020,Beauty,8.89
P236395,Electronics,660.13
P218524,Electronics,660.19
P205846,Fashion,96.48
P219904,Grocery,16.83
P207125,Electronics,441.06
P208812,Grocery,8.11
P205407,Home,71.47
P231601,Beauty,14.78
P204767,Sports,282.1
P208362,Electronics,599.77
P210971,Fashion,57.54
P242376,Beauty,48.83
P214520,Fashion,9.74
P224061,Toys,25.69
P248559,Grocery,4.7
P221314,Beauty,32.97
P242991,Toys,16.27
P223995,Home,92.49
P230136,Home,13.39
P231088,Sports,130.73
P227347,Beauty,9.87
P205100,Grocery,5.61
P236564,Home,102.4
P242691,Sports,64.59
P217656,Grocery,11.02
P213628,Fashion,13.45
P206407,Home,87.44
P240198,Beauty,47.61
P244447,Fashion,129.11
P218075,Grocery,24.79
P228741,Fashion,29.27
P209449,Toys,5.26
P238814,Grocery,6.0
P238848,Electronics,187.93
P228930,Fashion,38.9
P210490,Beauty,6.35
P206684,Electronics,146.82
P234872,Grocery,14.17
P209376,Home,195.57
P233204,Home,46.8
P229888,Beauty,44.14
P229291,Toys,51.35
P226975,Beauty,20.94
P246337,Home,60.56
P228289,Grocery,48.37
P241594,Electronics,259.65
P227588,Fashion,134.56
P235443,Fashion,75.12
P235108,Grocery,4.13
P236584,Home,66.69
P235049,Toys,11.15
P205822,Grocery,1.2
P225112,Grocery,26.5
P225978,Beauty,9.74
P208996,Fashion,37.42
P214324,Beauty,24.97
P211473,Fashion,42.8
P223066,Sports,294.64
P225427,Fashion,31.61
P240865,Toys,11.68
P249707,Electronics,360.13
P205341,Beauty,25.91
P221427,Fashion,46.77
P215158,Electronics,534.85
P226440,Electronics,1544.99
P215627,Grocery,50.85
P238797,Grocery,2.74
P223202,Electronics,245.55
P214341,Home,82.26
P202094,Home,37.85
P219314,Home,189.27
P243587,Fashion,175.08
P224829,Grocery,3.18
P203520,Grocery,5.18
P232136,Sports,45.81
P218991,Electronics,239.17
P205110,Beauty,36.04
P246270,Toys,4.65
P234475,Home,25.29
P246637,Grocery,5.8
P218677,Sports,36.59
P244247,Fashion,69.42
P235252,Home,31.5
P232583,Sports,116.64
P219839,Electronics,416.08
P233645,Toys,43.15
P243664,Electronics,298.25
P237261,Toys,9.56
P244538,Grocery,43.87
P238903,Home,71.32
P224365,Beauty,45.19
P244591,Grocery,6.67
P218599,Fashion,43.82
P248817,Electronics,96.94
P222331,Fashion,100.58
P231522,Home,362.34
P229374,Sports,17.89
P217811,Electronics,122.18
P239055,Toys,15.44
P249045,Sports,41.3
P218083,Home,145.48
P246610,Beauty,48.74
P214403,Fashion,5.16
P228970,Grocery,1.93
P234591,Sports,97.31
P211135,Electronics,575.09
P224845,Grocery,12.09
P229491,Sports,73.6
P207939,Grocery,58.72
P221991,Beauty,27.2
P246045,Sports,96.23
P213789,Grocery,6.58
P219134,Beauty,12.6
P200608,Beauty,18.03
P244003,Electronics,406.35
P218047,Electronics,983.55
P203294,Electronics,290.12
P227287,Home,469.82
P234299,Fashion,24.89
P229750,Home,120.72
P211266,Home,370.13
P220886,Beauty,26.99
P209846,Sports,94.92
P212719,Fashion,61.57
P245116,Electronics,142.65
P219928,Sports,334.05
P246326,Fashion,36.44
P203818,Beauty,5.54
P208087,Grocery,82.74
P247972,Home,148.23
P236211,Fashion,51.1
P248416,Grocery,33.7
P222093,Fashion,43.38
P201047,Sports,53.95
P245042,Fashion,86.8
P219044,Sports,49.53
P207930,Toys,15.98
P215994,Home,187.57
P226838,Electronics,424.59
P248971,Toys,12.92
P239034,Toys,8.2
P225339,Beauty,13.21
P210559,Fashion,66.11
P203408,Beauty,23.24
P223878,Toys,3.03
P218068,Fashion,39.89
P246144,Home,418.44
P227309,Beauty,30.0
P232391,Fashion,160.57
P225489,Electronics,58.8
P227707,Electronics,187.28
P223596,Grocery,1.91
P223111,Toys,8.08
P234971,Home,86.84
P217135,Electronics,126.89
P234879,Beauty,26.67
P207276,Toys,18.86
P214586,Electronics,474.89
P221345,Fashion,160.02
P201571,Fashion,153.69
P239352,Sports,28.58
P209949,Toys,38.39
P237542,Toys,32.55
P212561,Toys,23.57
P229013,Fashion,62.83
P246870,Home,14.37
P222595,Electronics,331.6
P225042,Home,51.86
P207001,Toys,15.25
P231874,Grocery,45.05
P218855,Electronics,227.36
P248394,Sports,28.12
P241942,Electronics,106.48
P229225,Grocery,10.62
P240869,Home,84.91
P207879,Grocery,3.99
P240568,Grocery,19.45
P209549,Beauty,11.89
P218169,Fashion,13.97
P246966,Home,10.3
P234730,Fashion,43.12
P215136,Sports,16.99
P242148,Toys,13.82
P205965,Electronics,142.77
P202678,Home,513.28
P238075,Home,58.75
P219507,Fashion,89.6
P235568,Home,130.22
P249475,Fashion,227.26
P232081,Beauty,13.31
P243208,Fashion,49.36
P202342,Fashion,155.74
P244360,Fashion,80.79
P210167,Fashion,5.44
P248303,Fashion,7.01
P247713,Grocery,6.97
P247452,Fashion,33.48
P243389,Grocery,141.05
P236386,Sports,29.75
P235146,Fashion,55.43
P225450,Grocery,3.12
P218589,Electronics,415.25
P233907,Electronics,166.04
P203591,Toys,5.6
P221098,Electronics,138.09
P204714,Beauty,43.81
P243633,Electronics,307.4
P226121,Home,111.23
P229603,Grocery,9.93
P208457,Sports,79.64
P248525,Sports,99.11
P208293,Grocery,52.38
P223542,Fashion,45.7
P235037,Beauty,7.33
P218867,Home,13.25
P211184,Electronics,123.39
P220813,Electronics,801.88
P225482,Sports,81.24
P215660,Electronics,1063.82
P214686,Grocery,51.03
P238763,Beauty,6.41
P233337,Sports,23.12
P234313,Beauty,16.09
P200908,Fashion,56.6
P237230,Grocery,2.57
P231829,Electronics,564.29
P207039,Beauty,5.05
P239880,Beauty,33.46
P211410,Sports,21.59
P225589,Toys,32.74
P239438,Beauty,24.53
P208397,Sports,36.5
P248360,Grocery,22.79
P212237,Beauty,40.0
P200324,Electronics,85.68
P238902,Fashion,24.15
P232061,Fashion,5.5
P224360,Sports,141.07
P215829,Sports,115.97
P219498,Home,309.96
P200346,Fashion,105.13
P232790,Electronics,664.09
P220200,Fashion,128.51
P213074,Grocery,23.22
P218091,Electronics,400.91
P244042,Home,90.67
P206715,Beauty,22.61
P238821,Toys,17.07
P220199,Sports,180.95
P225322,Toys,8.08
P200514,Beauty,14.06
P205861,Beauty,105.81
P239104,Beauty,6.31
P236258,Fashion,52.1
P230691,Beauty,48.93
P224532,Beauty,50.29
P237935,Sports,39.49
P203178,Beauty,4.14
P223815,Fashion,80.58
P226138,Fashion,12.49
P222235,Toys,53.19
P221017,Fashion,7.83
P225416,Electronics,75.91
P218649,Toys,6.52
P208904,Grocery,6.31
P205260,Toys,65.71
P213657,Beauty,26.73
P229079,Electronics,448.61
P211381,Electronics,1254.6
P221283,Beauty,26.49
P201467,Toys,6.11
P221236,Beauty,46.66
P207547,Sports,69.17
P202760,Toys,5.2
P239189,Toys,7.39
P212648,Grocery,12.38
P236461,Fashion,36.95
P238097,Toys,4.69
P248739,Toys,30.9
P247124,Toys,11.98
P217112,Fashion,40.33
P216999,Grocery,11.84
P230199,Sports,137.98
P229432,Fashion,72.53
P242415,Beauty,64.0
P222715,Sports,98.48
P227124,Beauty,10.2
P223403,Grocery,15.66
P240358,Electronics,186.29
P213455,Grocery,13.5
P228187,Electronics,160.88
P247109,Electronics,673.39
P209532,Grocery,56.72
P206760,Home,18.79
P242919,Electronics,189.03
P241670,Toys,33.05
P233341,Toys,25.31
P249659,Electronics,983.01
P223119,Electronics,684.75
P202222,Home,65.47
P229363,Sports,77.71
P237435,Home,49.74
P225162,Beauty,7.26
P211357,Fashion,10.75
P245569,Fashion,21.59
P249116,Home,158.31
P234477,Fashion,32.39
P249029,Electronics,721.3
P245350,Fashion,8.97
P215590,Home,231.37
P221596,Beauty,13.2
P230763,Home,149.94
P244506,Toys,18.7
P224551,Beauty,5.06
P223936,Grocery,1.18
P228652,Fashion,14.78
P203633,Home,15.13
P226982,Toys,3.86
P217845,Home,16.58
P222298,Fashion,44.05
P246030,Sports,78.5
P208594,Electronics,802.0
P241200,Fashion,95.3
P228838,Beauty,9.65
P202670,Toys,5.47
P204360,Fashion,42.44
P235316,Toys,62.16
P218710,Toys,27.5
P234974,Electronics,175.24
P205179,Toys,25.19
P215676,Electronics,99.07
P225063,Beauty,21.95
P205475,Grocery,2.22
P209681,Home,132.68
P206965,Beauty,59.43
P233566,Sports,113.72
P227874,Electronics,853.01
P220313,Home,193.48
P245317,Beauty,57.67
P200859,Electronics,252.28
P224939,Electronics,105.89
P247102,Electronics,91.28
P214318,Toys,62.34
P240456,Fashion,43.93
P210337,Home,161.31
P211023,Home,134.58
P212870,Sports,91.84
P237790,Fashion,45.3
P240352,Electronics,258.21
P247620,Grocery,17.57
P214274,Electronics,421.08
P218158,Toys,3.27
P224398,Fashion,81.2
P215970,Electronics,136.54
P230135,Grocery,12.35
P246560,Home,43.2
P240193,Home,301.67
P211412,Beauty,14.0
P235789,Electronics,582.76
P237005,Electronics,261.57
P239162,Toys,9.65
P215293,Fashion,46.1
P247747,Fashion,210.77
P225646,Electronics,187.23
P237219,Beauty,27.12
P237395,Home,95.91
P235507,Beauty,40.49
P242977,Home,202.47
P221932,Sports,324.18
P239559,Sports,380.78
P223229,Beauty,29.03
P209108,Electronics,1115.46
P230783,Electronics,100.06
P203943,Sports,302.8
P236228,Beauty,23.82
P201492,Sports,114.44
P245821,Electronics,553.17
P226185,Grocery,6.45
P229324,Sports,26.64
P229576,Grocery,2.21
P231760,Grocery,36.47
P223134,Grocery,9.77
P221225,Grocery,45.28
P230505,Beauty,52.72
P249714,Grocery,12.53
P242450,Toys,7.76
P205561,Sports,55.65
P237422,Fashion,44.83
P207512,Fashion,10.24
P202800,Grocery,23.94
P231620,Beauty,45.38
P212764,Electronics,992.15
P243379,Toys,24.48
P201143,Fashion,21.94
P229213,Toys,21.24
P244125,Grocery,4.52
P249899,Electronics,291.05
P207094,Fashion,22.4
P216158,Fashion,53.75
P227209,Fashion,87.64
P236256,Sports,89.75
P212217,Fashion,37.39
P237887,Grocery,6.22
P213510,Home,84.5
P201808,Sports,55.51
P221864,Toys,77.52
P200409,Fashion,17.62
P217935,Toys,9.22
P201113,Home,56.86
P249213,Sports,76.08
P204592,Fashion,52.17
P224552,Fashion,8.64
P219744,Sports,47.11
P222046,Grocery,6.72
P224454,Toys,25.17
P242693,Toys,3.97
P236398,Sports,137.58
P232477,Toys,28.71
P203869,Toys,5.65
P205200,Electronics,337.05
P222054,Home,142.56
P202455,Grocery,2.79
P247430,Toys,23.17
P226612,Electronics,249.45
P203061,Grocery,45.16
P232001,Toys,56.36
P210586,Toys,16.27
P224971,Beauty,16.64
P245209,Sports,71.34
P224078,Beauty,8.01
P235656,Toys,3.35
P204006,Grocery,7.26
P217470,Electronics,790.64
P234072,Electronics,387.15
P217398,Toys,16.6
P245332,Fashion,11.57
P211997,Fashion,68.15
P230780,Fashion,5.01
P242086,Beauty,5.13
P227832,Toys,17.34
P226506,Fashion,94.78
P237888,Fashion,140.76
P249567,Fashion,8.9
P230164,Fashion,12.31
P213985,Toys,4.27
P217917,Toys,42.42
P201462,Home,41.07
P224082,Toys,11.94
P226312,Beauty,27.27
P207710,Home,132.63
P225047,Grocery,1.89
P227502,Sports,402.19
P219249,Grocery,1.3
P203197,Home,145.35
P203581,Grocery,9.42
P208692,Home,91.23
P240762,Sports,119.3
P232888,Fashion,94.7
P201775,Toys,2.14
P232656,Grocery,1.27
P200606,Fashion,20.64
P211456,Beauty,15.79
P231373,Fashion,39.83
P207560,Fashion,35.72
P229168,Grocery,22.11
P224264,Home,62.09
P233900,Fashion,41.77
P210709,Electronics,701.03
P213062,Toys,16.63
P246801,Grocery,28.46
P210388,Electronics,88.79
P247359,Toys,27.14
P228036,Fashion,17.45
P220823,Electronics,277.14
P239019,Grocery,3.84
P216978,Fashion,10.84
P228460,Electronics,245.88
P244111,Grocery,1.78
P203324,Sports,86.13
P222552,Toys,24.59
P202934,Electronics,997.34
P239531,Home,84.78
P206086,Grocery,4.91
P237101,Electronics,129.88
P226939,Sports,25.22
P249991,Beauty,3.38
P202887,Beauty,3.27
P203043,Sports,201.34
P218015,Sports,96.14
P217789,Home,13.63
P206115,Fashion,17.76
P249157,Fashion,28.26
P232717,Beauty,5.49
P241179,Fashion,29.43
P240971,Toys,69.71
P235610,Electronics,247.27
P205504,Grocery,13.52
P208649,Beauty,15.86
P226848,Electronics,172.97
P224742,Grocery,13.42
P215675,Sports,105.34
P240051,Sports,103.95
P234741,Fashion,63.63
P226520,Grocery,15.83
P207574,Electronics,118.55
P221469,Electronics,514.37
P237505,Beauty,18.05
P216623,Fashion,20.05
P235720,Home,135.85
P211630,Electronics,620.61
P217239,Sports,39.93
P227240,Toys,12.63
P200553,Toys,49.5
P242845,Fashion,57.31
P213612,Electronics,92.85
P211137,Fashion,43.35
P225804,Sports,108.74
P241154,Grocery,4.99
P240106,Fashion,54.0
P232505,Sports,92.26
P209617,Beauty,55.47
P202693,Electronics,335.34
P230971,Fashion,13.07
P213454,Grocery,16.89
P220031,Home,345.18
P240677,Beauty,45.19
P249838,Sports,127.94
P232568,Beauty,7.63
P202067,Beauty,3.41
P222291,Grocery,4.25
P228497,Toys,2.96
P249599,Beauty,27.91
P231969,Beauty,37.71
P231458,Fashion,12.08
P216677,Sports,91.26
P239812,Fashion,9.53
P203775,Electronics,331.15
P210266,Home,90.86
P247589,Sports,75.48
P209929,Home,332.69
P239600,Electronics,819.3
P232083,Fashion,17.93
P203739,Grocery,25.79
P220757,Electronics,1073.94
P233107,Fashion,73.79
P216997,Fashion,86.5
P217487,Electronics,63.81
P228353,Electronics,676.11
P208984,Beauty,11.09
P223130,Beauty,4.43
P208258,Sports,122.54
P212502,Electronics,504.19
P237279,Home,139.91
P240080,Beauty,13.56
P233338,Sports,14.77
P205356,Beauty,80.35
P216500,Toys,115.06
P210390,Toys,11.93
P229778,Grocery,2.51
P235819,Toys,2.96
P208433,Sports,18.78
P208656,Grocery,28.74
P243210,Fashion,39.39
P240575,Electronics,88.97
P240070,Electronics,621.34
P229529,Grocery,16.81
P242865,Home,67.38
P236577,Fashion,50.84
P208763,Grocery,17.88
P224117,Toys,45.49
P228195,Beauty,44.57
P215609,Sports,455.56
P219535,Toys,16.78
P204110,Fashion,16.82
P243982,Home,48.54
P233074,Grocery,24.42
P241664,Toys,44.87
P220876,Grocery,7.35
P208869,Fashion,147.87
P243872,Electronics,221.8
P212185,Beauty,52.62
P241170,Fashion,10.89
P201396,Fashion,66.32
P203460,Beauty,13.39
P245389,Home,17.51
P229020,Electronics,781.13
P243240,Grocery,10.62
P237312,Electronics,805.29
P203148,Electronics,976.41
P212272,Electronics,178.25
P200827,Fashion,48.36
P202655,Beauty,12.66
P243105,Grocery,18.01
P243638,Grocery,9.38
P209253,Home,221.3
P207525,Fashion,62.45
P213553,Home,36.49
P204222,Electronics,255.28
P225702,Home,189.91
P221888,Home,80.59
P214362,Sports,49.94
P238313,Home,77.37
P230287,Fashion,48.33
P215581,Grocery,3.84
P226194,Fashion,32.34
P209427,Grocery,15.97
P210822,Sports,287.25
P224121,Grocery,82.89
P206200,Grocery,7.34
P214761,Home,36.56
P222126,Beauty,43.37
P226123,Fashion,25.8
P246265,Sports,91.63
P222701,Electronics,251.63
P207003,Toys,6.75
P241178,Electronics,183.85
P225387,Beauty,62.74
P246666,Beauty,23.96
P239135,Home,16.23
P229554,Electronics,519.48
P227781,Fashion,76.76
P242146,Beauty,37.91
P234501,Home,136.2
P216456,Electronics,206.75
P205042,Beauty,3.52
P229214,Electronics,79.11
P211034,Beauty,82.95
P221987,Fashion,71.88
P200877,Fashion,17.57
P232414,Toys,52.1
P227241,Toys,77.04
P220677,Fashion,32.66
P232849,Grocery,26.16
P240723,Toys,4.26
P249508,Home,125.93
P242279,Fashion,84.77
P200579,Electronics,432.72
P212587,Toys,28.38
P248470,Electronics,77.58
P215928,Electronics,439.29
P243591,Grocery,38.25
P231901,Fashion,174.44
P200233,Sports,197.62
P217418,Home,429.49
P215246,Grocery,17.57
P238785,Home,293.86
P237889,Electronics,160.19
P247864,Home,38.05
P234503,Sports,66.48
P204277,Fashion,152.17
P200941,Electronics,70.27
P200349,Fashion,33.73
P227262,Electronics,431.47
P207464,Electronics,589.57
P232029,Fashion,18.1
P244587,Grocery,24.13
P228957,Electronics,142.99
P207896,Toys,13.41
P240098,Grocery,24.84
P204288,Home,131.76
P225744,Toys,16.36
P222341,Sports,14.06
P239603,Grocery,17.58
P235353,Fashion,8.8
P221091,Fashion,22.36
P219725,Fashion,10.46
P216511,Sports,182.94
P218161,Sports,97.11
P205165,Home,174.31
P224809,Grocery,54.98
P216967,Beauty,60.63
P208694,Sports,30.43
P239518,Sports,43.56
P233923,Electronics,428.63
P243551,Home,144.25
P249507,Fashion,28.26
P230333,Electronics,761.97
P230140,Grocery,8.71
P211472,Fashion,33.53
P203974,Grocery,3.82
P222563,Toys,53.67
P241589,Fashion,49.22
P210909,Home,46.96
P239592,Fashion,18.0
P226070,Electronics,208.6
P201107,Electronics,479.2
P244037,Beauty,15.81
P237754,Beauty,79.18
P236202,Fashion,19.34
P240791,Toys,2.53
P211246,Grocery,13.17
P219199,Electronics,1485.63
P218419,Fashion,5.26
P239575,Sports,94.19
P239741,Home,89.63
P200169,Home,202.58
P228407,Electronics,144.68
P226872,Fashion,18.74
P212949,Grocery,6.01
P214476,Electronics,371.55
P241591,Electronics,358.32
P241764,Home,261.36
P230899,Beauty,32.31
P223281,Sports,142.51
P203034,Sports,67.7
P213328,Grocery,11.24
P219796,Fashion,35.81
P204988,Toys,23.6
P207130,Home,41.84
P247872,Grocery,12.56
P236637,Sports,13.73
P200791,Home,40.87
P212333,Beauty,65.15
P243511,Electronics,343.93
P203356,Beauty,21.08
P204925,Beauty,18.08
P210764,Sports,25.29
P245583,Toys,16.1
P249021,Electronics,197.96
P206250,Fashion,35.3
P241575,Sports,79.99
P246021,Home,334.5
P221636,Fashion,19.59
P239771,Sports,157.8
P216142,Toys,32.08
P235069,Electronics,1270.28
P243988,Sports,54.09
P227113,Home,74.0
P214748,Toys,19.87
P230203,Electronics,646.08
P220715,Toys,14.58
P202906,Sports,37.98
P211808,Grocery,7.64
P224093,Home,46.6
P201569,Sports,94.31
P244676,Sports,336.17
P200139,Toys,18.01
P204683,Fashion,16.52
P226419,Toys,5.37
P211156,Toys,2.42
P205062,Beauty,31.89
P227745,Home,211.22
P222463,Home,20.08
P206277,Home,136.87
P230244,Grocery,4.69
P202697,Electronics,138.8
P222849,Toys,3.57
P207254,Toys,2.21
P232862,Electronics,85.51
P204291,Sports,98.72
P214991,Fashion,19.59
P213040,Electronics,97.32
P208204,Electronics,317.92
P220467,Home,281.98
P238992,Toys,3.63
P205851,Grocery,9.5
P249968,Fashion,34.06
P229445,Beauty,7.6
P227980,Toys,11.68
P224131,Home,30.07
P222734,Home,64.14
P234100,Toys,2.45
P214738,Fashion,18.2
P211438,Home,147.11
P248799,Beauty,11.5
P247429,Toys,4.95
P200755,Home,17.62
P229884,Fashion,8.94
P201796,Toys,33.53
P228132,Home,117.09
P202050,Electronics,1476.46
P224841,Electronics,746.26
P225498,Home,165.88
P243031,Electronics,517.01
P225109,Beauty,40.85
P247106,Home,249.89
P212175,Fashion,60.93
P228266,Sports,24.06
P245863,Toys,52.06
P227407,Sports,199.53
P214838,Grocery,4.38
P235688,Grocery,2.74
P221229,Home,140.42
P222615,Home,173.4
P231169,Beauty,22.93
P231158,Electronics,682.24
P234226,Beauty,16.92
P220179,Sports,66.07
P211347,Fashion,38.35
P236178,Electronics,636.68
P233330,Sports,357.4
P248145,Fashion,14.23
P230331,Electronics,294.09
P238427,Grocery,1.07
P219355,Fashion,44.15
P202716,Electronics,102.42
P232361,Home,22.86
P242632,Home,109.69
P238428,Sports,70.62
P240000,Sports,68.96
P244087,Home,124.36
P221277,Toys,23.34
P217503,Toys,67.26
P210104,Beauty,22.3
P249894,Home,493.62
P221385,Beauty,5.74
P210644,Electronics,806.32
P221687,Grocery,38.92
P248216,Fashion,137.72
P208778,Sports,44.21
P229783,Grocery,23.94
P231387,Toys,23.94
P245596,Fashion,54.95
P218622,Fashion,54.47
P249081,Toys,10.71
P225492,Electronics,50.81
P243546,Beauty,49.38
P212372,Electronics,498.06
P246414,Beauty,9.32
P235256,Grocery,2.92
P207817,Sports,28.31
P219221,Toys,15.67
P240164,Home,287.33
P218225,Fashion,43.65
P208064,Sports,68.82
P237537,Home,280.25
P213986,Home,21.13
P241689,Electronics,715.53
P200316,Sports,169.31
P232843,Sports,124.25
P221453,Fashion,10.78
P240663,Home,136.1
P206567,Toys,3.65
P207460,Fashion,59.61
P227520,Electronics,188.1
P231935,Grocery,1.39
P202663,Electronics,82.21
P229367,Electronics,490.63
P200038,Grocery,14.85
P210318,Electronics,106.04
P208920,Sports,10.38
P238954,Home,49.64
P245187,Grocery,19.55
P214257,Home,23.52
P223783,Fashion,33.88
P236902,Sports,25.36
P222678,Beauty,5.87
P215311,Home,125.47
P248949,Home,652.88
P203257,Home,126.96
P239229,Home,51.21
P246543,Home,68.3
P246511,Grocery,33.64
P211398,Electronics,123.82
P230198,Fashion,16.2
P221772,Beauty,12.89
P214772,Electronics,167.87
P210790,Beauty,46.57
P244273,Fashion,58.9
P200657,Fashion,5.77
P224431,Toys,5.07
P205963,Fashion,17.51
P246765,Home,58.63
P222619,Beauty,24.89
P204535,Toys,20.71
P214580,Fashion,42.59
P248432,Electronics,165.07
P201976,Toys,8.92
P221980,Beauty,16.72
P248582,Toys,26.46
P212953,Sports,39.69
P201516,Electronics,814.07
P246340,Grocery,3.76
P234172,Grocery,2.07
P206170,Home,250.92
P211999,Electronics,81.7
P204550,Beauty,15.09
P228418,Grocery,7.09
P200298,Sports,127.95
P236884,Toys,49.01
P216428,Electronics,89.45
P214558,Home,30.3
P230033,Toys,14.62
P219539,Electronics,367.02
P249439,Home,41.92
P220089,Grocery,10.18
P233284,Home,222.91
P202201,Home,152.04
P240870,Electronics,229.59
P236426,Toys,25.18
P206922,Grocery,9.14
P229763,Electronics,169.56
P203936,Home,86.56
P225745,Electronics,171.34
P233758,Toys,13.71
P221355,Grocery,3.98
P235477,Home,237.47
P246334,Home,69.57
P202178,Toys,7.63
P226619,Fashion,13.69
P242393,Home,16.16
P247746,Home,117.32
P207338,Grocery,2.07
P201168,Toys,45.94
P215187,Fashion,29.51
P200947,Grocery,9.99
P232928,Home,43.5
P229135,Home,115.36
P202627,Home,240.37
P216232,Sports,73.75
P218919,Toys,16.92
P219566,Electronics,111.58
P214880,Fashion,49.57
P211936,Electronics,201.03
P218411,Sports,110.75
P212198,Electronics,1569.77
P208376,Beauty,3.32
P244255,Electronics,220.11
P235172,Sports,66.01
P218923,Sports,222.86
P217116,Sports,61.22
P209813,Toys,33.29
P233345,Fashion,54.24
P241337,Grocery,9.81
P217692,Sports,35.58
P233609,Fashion,172.99
P245108,Beauty,11.87
P226278,Toys,8.06
P210827,Fashion,52.87
P219769,Toys,112.85
P217797,Toys,12.06
P200044,Fashion,115.95
P229607,Beauty,17.97
P218070,Fashion,10.69
P205236,Fashion,15.23
P226745,Fashion,18.69
P227817,Toys,77.96
P219109,Sports,35.33
P225999,Home,77.93
P204595,Home,89.35
P241033,Sports,217.36
P201560,Electronics,917.43
P226465,Sports,237.84
P229749,Toys,3.3
P225822,Toys,70.38
P216436,Beauty,41.44
P202987,Sports,190.09
P218521,Electronics,102.4
P233595,Fashion,131.51
P210275,Beauty,14.89
P224548,Electronics,508.01
P245965,Fashion,17.38
P208377,Beauty,11.5
P207402,Grocery,24.27
P235961,Fashion,49.76
P204928,Home,287.01
P209604,Home,222.26
P227764,Sports,49.83
P213777,Fashion,27.0
P240364,Home,22.83
P225591,Home,183.1
P204537,Home,79.96
P231905,Home,137.75
P246700,Fashion,65.77
P238413,Home,11.11
P204261,Electronics,65.93
P237306,Toys,14.79
P204426,Sports,284.85
P201358,Beauty,10.27
P213423,Toys,4.16
P234537,Electronics,89.47
P227337,Beauty,9.25
P246493,Toys,11.37
P217576,Beauty,23.34
P239035,Toys,16.25
P204856,Electronics,235.01
P221601,Sports,304.67
P248187,Fashion,8.51
P217426,Grocery,20.18
P241185,Fashion,15.08
P206755,Electronics,256.05
P236745,Beauty,16.17
P229712,Toys,12.2
P212023,Fashion,63.04
P234651,Toys,30.02
P208837,Sports,83.25
P237494,Beauty,39.83
P223406,Sports,123.07
P249054,Grocery,3.83
P239402,Fashion,56.36
P233172,Toys,3.99
P239786,Sports,214.55
P225095,Electronics,223.27
P234175,Beauty,9.69
P207030,Grocery,15.57
P244634,Toys,16.04
P220914,Electronics,169.93
P232739,Home,29.24
P212027,Fashion,7.15
P206206,Toys,36.7
P231677,Toys,17.18
P229290,Beauty,13.12
P236000,Toys,8.35
P248385,Electronics,488.13
P225000,Toys,10.97
P211638,Fashion,35.59
P217978,Electronics,471.2
P225586,Fashion,23.11
P209225,Sports,23.93
P216732,Fashion,10.27
P213315,Toys,13.13
P218203,Toys,3.51
P238649,Electronics,54.43
P239423,Fashion,5.77
P241890,Sports,44.58
P220392,Toys,3.51
P206043,Electronics,119.65
P236680,Electronics,160.56
P241794,Fashion,63.61
P233958,Sports,198.21
P226279,Fashion,79.71
P237332,Grocery,18.94
P241452,Grocery,16.19
P229591,Toys,9.03
P241011,Electronics,352.02
P227578,Home,36.56
P201908,Grocery,18.91
P218761,Grocery,7.03
P211586,Sports,67.33
P220720,Grocery,14.09
P205404,Electronics,716.73
P222342,Home,410.73
P201625,Home,113.17
P238186,Fashion,70.57
P206354,Beauty,31.19
P217871,Grocery,29.36
P247425,Beauty,15.62
P249862,Grocery,3.49
P218270,Grocery,1.48
P234984,Beauty,11.25
P217704,Beauty,6.99
P237599,Sports,25.08
P210818,Electronics,81.9
P241360,Home,86.59
P200750,Home,89.13
P246530,Home,273.76
P205594,Grocery,5.44
P207171,Electronics,108.37
P210210,Home,49.16
P236255,Grocery,7.07
P209005,Electronics,803.23
P230825,Electronics,450.93
P215705,Electronics,765.69
P235937,Toys,6.3
P233791,Electronics,664.68
P226614,Fashion,200.03
P248569,Sports,75.71
P216212,Toys,11.44
P218730,Sports,145.83
P200855,Sports,73.06
P209358,Electronics,479.91
P242932,Sports,61.33
P220071,Beauty,13.38
P217500,Electronics,710.15
P244328,Fashion,134.75
P244289,Sports,26.06
P212809,Electronics,427.07
P214358,Fashion,18.62
P215584,Fashion,69.64
P204960,Fashion,45.53
P236283,Beauty,15.79
P226576,Home,237.36
P226373,Electronics,57.44
P243540,Toys,43.88
P219412,Fashion,164.04
P225719,Fashion,28.87
P219532,Beauty,27.08
P207521,Fashion,38.4
P211349,Toys,35.07
P241036,Home,22.57
P229632,Beauty,47.84
P207611,Beauty,10.86
P243155,Home,310.11
P201548,Fashion,132.88
P213988,Beauty,26.98
P229193,Electronics,54.83
P214497,Electronics,78.71
P206045,Electronics,212.03
P219876,Electronics,561.65
P226819,Home,128.06
P224609,Home,45.31
P226196,Fashion,36.05
P242760,Electronics,67.74
P238184,Fashion,35.54
P238151,Electronics,143.53
P214449,Sports,20.87
P228264,Home,16.87
P243612,Electronics,79.64
P215960,Fashion,62.85
P204538,Electronics,53.97
P202139,Home,413.55
P235446,Fashion,8.51
P236562,Grocery,36.41
P224432,Toys,20.26
P237370,Fashion,18.75
P244983,Electronics,499.87
P237218,Grocery,7.1
P213846,Electronics,178.4
P213293,Fashion,48.62
P235359,Home,47.91
P227554,Home,75.78
P233122,Sports,73.72
P218626,Electronics,213.25
P237667,Fashion,18.97
P239004,Home,37.73
P233325,Beauty,25.4
P246106,Home,47.47
P203486,Toys,11.94
P222628,Home,49.01
P249850,Electronics,264.41
P203544,Home,71.47
P249643,Beauty,4.25
P222400,Electronics,145.03
P204919,Fashion,29.36
P245734,Grocery,1.79
P233759,Toys,33.38
P223368,Home,44.9
P217568,Sports,174.71
P234436,Home,54.13
P205824,Fashion,38.9
P237068,Sports,160.39
P200583,Toys,27.11
P237338,Sports,178.36
P228364,Fashion,9.73
P210325,Fashion,17.09
P248270,Fashion,30.65
P224414,Beauty,33.15
P205126,Home,24.26
P226608,Grocery,2.8
P203762,Home,153.95
P201542,Grocery,4.29
P212813,Home,105.49
P216417,Home,136.92
P202799,Toys,5.73
P244640,Electronics,91.99
P206923,Home,149.56
P206938,Fashion,5.07
P239339,Toys,7.13
P243921,Home,100.87
P207247,Home,21.41
P244117,Fashion,29.94
P203643,Fashion,18.94
P222575,Fashion,21.52
P220146,Electronics,239.52
P222371,Sports,261.7
P226707,Sports,115.85
P241566,Home,38.25
P226875,Fashion,46.77
P228492,Grocery,29.51
P245235,Beauty,16.51
P248723,Sports,303.94
P217717,Fashion,58.38
P218857,Electronics,114.21
P206143,Home,264.18
P236501,Sports,30.67
P213103,Grocery,16.17
P247728,Electronics,306.99
P224951,Toys,14.81
P201952,Sports,65.04
P236478,Electronics,207.27
P246797,Sports,45.53
P245240,Fashion,59.83
P224647,Home,196.24
P201774,Electronics,285.65
P237432,Beauty,12.56
P205059,Home,52.01
P239239,Home,73.76
P222497,Toys,19.0
P247061,Home,247.36
P241112,Toys,9.1
P241688,Fashion,50.15
P246503,Sports,15.3
P210471,Home,84.39
P209744,Home,19.26
P203663,Toys,2.22
P212463,Grocery,21.44
P216378,Toys,12.2
P223078,Electronics,597.93
P245304,Sports,19.74
P227682,Home,37.82
P225575,Grocery,9.39
P239910,Electronics,238.74
P230865,Fashion,15.62
P239076,Home,83.4
P209326,Electronics,183.74
P237510,Toys,108.11
P224527,Fashion,20.11
P216086,Grocery,3.25
P221777,Electronics,323.17
P242262,Fashion,17.42
P220466,Sports,38.55
P215390,Home,15.29
P245581,Beauty,33.79
P232945,Sports,23.13
P240506,Sports,66.84
P203243,Home,54.0
P203666,Toys,4.12
P217321,Electronics,111.96
P219411,Toys,5.38
P218404,Sports,103.35
P223586,Electronics,209.94
P214632,Electronics,697.12
P244500,Electronics,266.2
P201974,Toys,37.79
P201258,Electronics,920.38
P239820,Electronics,377.45
P219494,Beauty,20.26
P213528,Fashion,127.43
P219137,Grocery,6.52
P222178,Toys,7.55
P215008,Fashion,18.85
P233187,Home,64.21
P202871,Home,29.47
P231432,Beauty,16.8
P215202,Home,137.14
P213101,Toys,67.11
P224749,Grocery,14.82
P208004,Toys,21.05
P248926,Electronics,894.6
P220511,Grocery,49.26
P220976,Fashion,50.98
P235010,Electronics,476.6
P202488,Fashion,20.0
P217896,Electronics,277.5
P205616,Beauty,13.62
P235105,Grocery,12.83
P212591,Fashion,12.44
P240790,Grocery,35.86
P204726,Beauty,3.16
P239862,Electronics,155.38
P204133,Home,65.38
P220561,Toys,3.85
P229813,Sports,194.88
P205940,Home,69.85
P232817,Home,163.62
P206217,Electronics,449.54
P219433,Grocery,9.33
P207868,Home,349.22
P220273,Beauty,6.55
P226198,Beauty,54.69
P244357,Sports,341.65
P247787,Beauty,5.26
P226363,Home,403.98
P247459,Home,180.68
P219739,Sports,25.7
P241113,Fashion,26.83
P206261,Toys,28.3
P223792,Toys,10.68
P220650,Electronics,384.14
P241576,Fashion,60.08
P221027,Beauty,26.0
P238072,Fashion,98.1
P218309,Grocery,18.48
P206845,Fashion,39.54
P206810,Fashion,37.39
P235225,Fashion,110.9
P206882,Home,258.99
P226187,Fashion,38.72
P204241,Toys,19.02
P219493,Fashion,80.88
P210729,Electronics,331.45
P238013,Fashion,112.12
P224347,Fashion,202.7
P240378,Toys,11.62
P201998,Electronics,127.97
P246636,Toys,6.9
P248564,Home,345.27
P237808,Electronics,607.65
P227737,Electronics,70.83
P200214,Toys,12.68
P238514,Beauty,70.44
P236537,Sports,21.8
P237635,Fashion,81.4
P209323,Toys,2.44
P237040,Grocery,11.0
P208678,Grocery,11.43
P214749,Fashion,30.98
P227198,Electronics,128.9
P225360,Electronics,449.16
P218785,Grocery,4.82
P221293,Home,377.8
P227917,Electronics,128.1
P221570,Beauty,9.87
P207400,Home,153.33
P233905,Grocery,18.92
P232168,Home,313.64
P206968,Grocery,13.94
P201713,Home,28.13
P209240,Sports,136.42
P242543,Home,108.87
P236119,Grocery,2.38
P240861,Sports,24.87
P230038,Electronics,622.79
P213100,Electronics,320.94
P242794,Sports,26.89
P238983,Electronics,554.85
P248121,Sports,96.83
P209143,Fashion,14.01
P217608,Beauty,17.64
P240992,Fashion,73.45
P216480,Home,74.4
P215209,Electronics,133.24
P213201,Fashion,14.81
P247396,Toys,44.11
P227353,Sports,29.51
P216555,Grocery,2.85
P229597,Sports,68.11
P230090,Grocery,1.92
P225476,Electronics,154.02
P231272,Home,73.23
P243657,Electronics,89.75
P233726,Electronics,195.83
P231858,Fashion,206.88
P241303,Toys,26.61
P203481,Electronics,711.32
P241415,Toys,17.65
P208635,Fashion,45.02
P211107,Home,281.99
P201417,Electronics,489.55
P222240,Grocery,5.84
P230744,Electronics,1298.38
P241059,Home,136.48
P231898,Fashion,44.54
P233745,Sports,69.83
P248561,Fashion,132.08
P227374,Beauty,11.71
P221937,Electronics,114.22
P223836,Sports,119.96
P231242,Fashion,21.55
P226035,Electronics,575.5
P224993,Electronics,177.53
P225680,Fashion,245.55
P207544,Electronics,107.1
P206302,Grocery,11.02
P231346,Sports,122.71
P244248,Beauty,3.71
P242653,Beauty,32.42
P228279,Fashion,28.5
P229910,Toys,3.31
P248638,Home,18.49
P223903,Home,92.52
P235421,Toys,2.14
P234979,Fashion,58.85
P242518,Toys,3.57
P241090,Home,52.62
P243703,Beauty,4.72
P225401,Beauty,27.47
P231701,Home,190.34
P238122,Beauty,25.11
P204226,Electronics,50.99
P225272,Electronics,97.56
P241997,Beauty,52.46
P200813,Fashion,11.72
P241618,Fashion,52.52
P223065,Electronics,532.96
P202624,Sports,115.54
P205505,Home,61.09
P237111,Grocery,8.38
P236375,Grocery,6.81
P225312,Grocery,4.91
P242228,Home,280.33
P206094,Home,168.29
P212458,Toys,10.18
P221200,Electronics,431.49
P235810,Fashion,12.32
P209081,Toys,27.71
P221887,Electronics,103.12
P219336,Electronics,88.09
P227913,Fashion,53.62
P222080,Fashion,30.14
P244641,Home,58.37
P226084,Toys,13.96
P231704,Electronics,83.9
P203033,Sports,21.24
P222418,Beauty,17.39
P242727,Sports,69.35
P209324,Fashion,105.85
P232232,Home,62.8
P208003,Home,58.45
P226471,Home,172.46
P202675,Toys,11.18
P219259,Beauty,48.59
P208512,Electronics,495.26
P240062,Sports,278.25
P243858,Sports,118.88
P214563,Electronics,196.03
P217024,Fashion,44.77
P219634,Home,14.53
P220287,Electronics,1322.14
P225887,Fashion,91.41
P236104,Electronics,428.42
P217802,Beauty,30.76
P209650,Grocery,5.89
P230232,Toys,23.24
P240110,Fashion,96.38
P243527,Home,70.06
P242297,Electronics,224.96
P229185,Toys,22.01
P249268,Toys,17.64
P209612,Electronics,446.08
P219466,Home,188.5
P246477,Toys,7.66
P201631,Electronics,678.66
P201999,Toys,42.24
P215452,Fashion,33.25
P223653,Grocery,2.32
P212569,Toys,15.92
P240900,Sports,112.4
P226266,Electronics,212.43
P201777,Beauty,12.82
P230018,Toys,15.17
P208057,Home,101.94
P225890,Beauty,7.26
P242733,Grocery,23.47
P233953,Fashion,189.14
P202464,Toys,2.09
P208575,Grocery,34.35
P246825,Grocery,13.85
P229566,Grocery,25.16
P201521,Home,14.67
P217363,Beauty,60.75
P215402,Home,281.88
P203610,Electronics,93.75
P211462,Electronics,295.22
P207573,Electronics,178.34
P242444,Grocery,66.93
P217267,Toys,5.53
P227103,Home,33.68
P216507,Grocery,13.05
P233293,Grocery,7.99
P248326,Beauty,9.74
P210347,Grocery,21.09
P222795,Toys,8.31
P209568,Fashion,70.47
P236903,Beauty,12.4
P225156,Grocery,2.07
P218377,Fashion,88.31
P243760,Fashion,273.7
P246306,Fashion,35.36
P209643,Toys,22.27
P211018,Electronics,439.68
P204213,Beauty,12.43
P210044,Electronics,94.42
P222307,Fashion,12.88
P244425,Fashion,39.9
P239133,Beauty,24.82
P221376,Electronics,444.87
P222590,Grocery,8.78
P243403,Electronics,700.2
P226628,Grocery,1.93
P219093,Toys,10.87
P230617,Beauty,25.71
P236842,Home,110.38
P210250,Electronics,244.49
P232836,Grocery,16.66
P246783,Sports,84.16
P238431,Home,136.63
P241161,Beauty,82.82
P241225,Electronics,586.58
P206251,Sports,68.27
P235893,Electronics,354.06
P221430,Beauty,20.99
P231062,Home,184.18
P233058,Toys,3.24
P206464,Fashion,13.85
P229304,Electronics,143.29
P234698,Toys,22.9
P208998,Fashion,111.19
P214517,Toys,16.85
P240547,Electronics,694.72
P242866,Grocery,8.13
P247848,Toys,21.71
P222969,Beauty,44.6
P235444,Beauty,12.77
P231107,Fashion,26.29
P245631,Home,39.72
P203759,Sports,142.51
P209810,Home,224.88
P213214,Sports,35.77
P205121,Electronics,1449.95
P232472,Home,117.47
P246321,Grocery,2.01
P231087,Electronics,54.03
P234106,Fashion,41.32
P245972,Fashion,30.72
P203068,Sports,57.47
P221122,Home,62.25
P241354,Sports,75.84
P247191,Toys,14.29
P215747,Sports,16.46
P200743,Grocery,4.16
P213866,Grocery,10.27
P216315,Fashion,17.55
P240662,Fashion,27.03
P229838,Electronics,59.63
P214332,Fashion,58.94
P224793,Beauty,55.01
P236350,Sports,28.83
P215418,Sports,60.8
P240897,Fashion,26.77
P221727,Grocery,6.17
P243775,Beauty,27.12
P203903,Grocery,3.06
P212115,Home,43.63
P207962,Electronics,116.28
P212025,Toys,4.76
P229903,Electronics,346.25
P216907,Electronics,989.0
P203296,Electronics,128.82
P220863,Beauty,6.39
P240479,Fashion,42.68
P205685,Grocery,3.63
P206647,Toys,17.34
P230145,Toys,15.81
P238358,Grocery,44.9
P220767,Toys,6.42
P205430,Grocery,7.36
P203880,Fashion,13.48
P200126,Fashion,10.55
P218154,Sports,80.28
P239793,Electronics,195.98
P248048,Fashion,127.67
P202081,Grocery,28.04
P205287,Home,244.24
P238671,Fashion,33.29
P202989,Fashion,43.11
P240343,Electronics,153.42
P228173,Toys,48.04
P205721,Sports,88.84
P216723,Grocery,20.7
P217975,Beauty,56.18
P222167,Grocery,5.12
P235929,Home,44.3
P209500,Electronics,69.01
P237397,Toys,6.26
P247536,Electronics,51.13
P206901,Grocery,6.0
P210890,Home,346.28
P231316,Home,45.58
P215239,Beauty,14.22
P213513,Fashion,14.61
P226085,Home,157.93
P238086,Home,98.56
P249164,Beauty,30.71
P248248,Electronics,634.99
P226156,Toys,10.21
P219817,Sports,86.51
P204633,Fashion,38.97
P203876,Grocery,23.0
P205908,Electronics,53.35
P206427,Toys,9.3
P235508,Home,64.86
P234556,Fashion,89.95
P212915,Beauty,5.38
P238641,Toys,10.44
P203588,Electronics,68.63
P214709,Beauty,11.24
P225723,Electronics,281.92
P220293,Home,312.15
P235540,Electronics,185.18
P202749,Fashion,147.87
P232008,Fashion,80.39
P218989,Home,299.26
P234615,Fashion,7.02
P246921,Fashion,8.75
P211602,Electronics,152.9
P210466,Beauty,13.84
P210413,Fashion,195.88
P201157,Grocery,7.4
P212050,Beauty,24.93
P214478,Electronics,564.6
P229240,Home,115.48
P221797,Grocery,15.41
P217970,Electronics,349.84
P230166,Electronics,702.85
P240684,Beauty,53.94
P200031,Sports,202.56
P225947,Beauty,12.23
P208951,Fashion,16.63
P203203,Home,38.45
P245848,Electronics,403.1
P228936,Beauty,11.5
P215574,Grocery,5.8
P233049,Beauty,53.46
P204071,Fashion,40.39
P221009,Sports,167.48
P228631,Home,192.65
P222362,Beauty,18.44
P230700,Electronics,429.33
P247105,Toys,28.35
P231232,Grocery,1.67
P241775,Fashion,107.45
P217854,Toys,8.65
P203287,Electronics,1339.86
P246782,Fashion,122.42
P222090,Home,12.57
P216894,Beauty,85.22
P246853,Beauty,23.39
P244665,Grocery,4.69
P246964,Beauty,7.48
P239356,Beauty,4.54
P242184,Home,34.34
P234633,Home,49.52
P224640,Electronics,1857.48
P236217,Toys,19.14
P205765,Beauty,26.33
P215461,Beauty,22.68
P215336,Sports,59.5
P230761,Electronics,116.78
P201383,Fashion,140.06
P215458,Toys,7.92
P228736,Toys,21.92
P229992,Fashion,98.72
P238396,Home,74.97
P216825,Home,209.51
P226013,Electronics,575.46
P227763,Grocery,2.13
P229574,Toys,2.34
P247556,Home,154.6
P202367,Grocery,2.16
P204865,Grocery,3.48
P239927,Fashion,40.01
P230281,Fashion,12.18
P202829,Grocery,5.69
P235381,Toys,5.97
P239980,Beauty,10.29
P209440,Toys,13.17
P249679,Electronics,430.81
P224816,Home,21.02
P241324,Grocery,23.6
P217592,Sports,40.5
P229831,Beauty,58.31
P204120,Beauty,27.29
P210557,Fashion,30.61
P239244,Beauty,25.48
P202961,Sports,23.41
P221160,Home,112.02
P232545,Toys,22.12
P210339,Beauty,8.99
P201616,Beauty,120.89
P225549,Beauty,24.25
P206825,Toys,73.27
P218230,Home,104.63
P249140,Fashion,149.57
P232855,Home,42.27
P216308,Sports,61.14
P244808,Electronics,149.1
P225069,Home,178.44
P226810,Sports,418.31
P225117,Beauty,3.7
P215670,Beauty,25.37
P220891,Toys,15.26
P236260,Beauty,10.57
P231814,Electronics,238.78
P215218,Toys,16.66
P237633,Toys,7.12
P224153,Toys,5.01
P246952,Home,30.24
P241528,Grocery,23.83
P209513,Fashion,39.18
P240434,Grocery,18.55
P223088,Beauty,83.43
P207365,Fashion,38.69
P234535,Electronics,1138.61
P233845,Home,270.02
P220983,Grocery,1.99
P204832,Home,280.64
P208670,Toys,25.33
P227809,Grocery,1.38
P215166,Fashion,32.86
P205459,Toys,90.02
P228476,Home,80.98
P220360,Electronics,416.45
P244940,Electronics,573.33
P246382,Fashion,8.82
P226284,Grocery,11.05
P222814,Electronics,169.07
P203230,Sports,114.91
P240289,Sports,47.49
P238617,Electronics,514.98
P243462,Electronics,234.37
P238824,Beauty,8.06
P216179,Home,325.42
P221768,Home,72.74
P223132,Grocery,20.94
P248730,Fashion,20.88
P207831,Home,341.05
P249818,Beauty,51.99
P235243,Toys,67.38
P223357,Toys,19.6
P203100,Toys,19.6
P219785,Fashion,51.22
P237783,Beauty,21.43
P244859,Grocery,11.27
P247006,Sports,30.89
P223021,Grocery,11.31
P222248,Toys,2.43
P231454,Sports,33.58
P213192,Toys,33.82
P237103,Home,305.88
P240124,Electronics,206.0
P213128,Electronics,253.92
P213566,Toys,6.46
P245653,Fashion,50.46
P211475,Fashion,33.12
P217014,Electronics,874.98
P233065,Beauty,51.34
P241657,Grocery,15.8
P238084,Toys,12.45
P217889,Beauty,11.81
P245985,Sports,49.31
P208570,Grocery,21.84
P218798,Electronics,858.57
P205656,Electronics,116.42
P225346,Grocery,17.71
P212193,Fashion,30.83
P242054,Beauty,3.46
P211656,Toys,6.45
P237212,Electronics,313.32
P213429,Sports,39.59
P240315,Electronics,74.5
P217830,Home,255.58
P228764,Electronics,65.08
P202402,Fashion,20.57
P207918,Grocery,5.36
P248902,Home,129.29
P238565,Beauty,11.62
P220215,Sports,151.94
P248077,Grocery,3.06
P227735,Beauty,8.98
P231711,Grocery,48.83
P244677,Home,95.68
P236057,Toys,17.85
P239764,Toys,29.4
P204844,Sports,114.1
P241645,Fashion,63.73
P237003,Sports,66.95
P219596,Sports,68.01
P220553,Electronics,447.6
P215164,Electronics,294.22
P204839,Toys,3.9
P207655,Grocery,7.19
P247538,Electronics,97.22
P246660,Sports,249.59
P200061,Beauty,19.87
P233260,Electronics,248.45
P230664,Sports,86.87
P217523,Electronics,120.35
P221874,Toys,21.32
P235263,Toys,31.06
P220265,Home,67.23
P211736,Beauty,11.87
P249938,Fashion,47.14
P214802,Fashion,10.98
P214221,Electronics,241.45
P203849,Electronics,106.6
P246767,Electronics,327.4
P200123,Electronics,67.82
P217887,Beauty,9.49
P246811,Beauty,51.38
P215109,Home,70.74
P238429,Beauty,63.4
P206089,Home,11.27
P205833,Beauty,47.17
P249308,Electronics,125.4
P242083,Home,293.22
P221387,Toys,5.61
P205753,Beauty,19.57
P214138,Electronics,162.5
P234433,Toys,34.31
P238575,Beauty,49.13
P218495,Sports,15.19
P206983,Fashion,14.48
P244995,Home,93.21
P226770,Beauty,15.7
P238222,Fashion,36.58
P228201,Fashion,88.52
P211101,Fashion,18.34
P249033,Toys,34.09
P200343,Electronics,669.29
P212939,Sports,289.26
P201544,Sports,318.47
P215950,Fashion,10.62
P203996,Grocery,28.67
P223232,Fashion,62.8
P224614,Beauty,67.03
P230015,Home,22.61
P237150,Grocery,6.76
P240814,Home,490.58
P219807,Electronics,1104.68
P209220,Grocery,31.68
P200235,Electronics,583.69
P207993,Beauty,41.66
P217614,Beauty,13.88
P221308,Electronics,136.49
P226731,Home,164.37
P209572,Fashion,32.65
P245066,Grocery,18.84
P246718,Toys,3.34
P223993,Electronics,977.87
P212485,Fashion,167.22
P203600,Fashion,19.06
P218349,Grocery,9.64
P246264,Sports,63.98
P206532,Fashion,18.73
P245606,Home,262.24
P236346,Beauty,6.18
P235311,Fashion,20.08
P249656,Fashion,70.89
P221468,Electronics,373.46
P239075,Fashion,50.75
P213139,Beauty,17.75
P237910,Electronics,357.55
P204806,Home,109.97
P229357,Grocery,1.03
P226904,Toys,10.61
P211206,Home,56.42
P231950,Toys,20.72
P201707,Fashion,120.11
P208493,Home,57.43
P222290,Beauty,59.9
P219339,Home,205.53
P219311,Home,169.67
P248175,Sports,90.1
P235790,Sports,109.88
P215749,Sports,177.19
P224792,Electronics,506.77
P212721,Beauty,13.89
P204851,Sports,140.01
P236598,Electronics,579.08
P228232,Electronics,162.09
P238171,Grocery,17.2
P239618,Beauty,17.19
P225866,Sports,22.91
P208427,Sports,23.62
P242743,Toys,35.23
P201377,Sports,27.74
P235523,Home,11.93
P230807,Fashion,43.43
P237177,Toys,19.56
P212287,Home,83.81
P248667,Fashion,21.29
P212838,Beauty,11.1
P210522,Home,132.03
P248572,Toys,55.56
P229132,Electronics,429.05
P240425,Sports,30.94
P205478,Grocery,8.04
P207764,Home,64.03
P202112,Fashion,29.13
P238755,Grocery,3.34
P240392,Fashion,31.52
P228807,Grocery,7.06
P209201,Fashion,135.27
P230627,Fashion,65.8
P223306,Fashion,49.01
P223550,Toys,66.28
P234078,Home,342.61
P212823,Electronics,119.77
P231213,Electronics,463.0
P218527,Sports,160.37
P233181,Toys,34.78
P224571,Beauty,41.95
P217778,Grocery,14.62
P230592,Beauty,42.89
P244108,Electronics,67.22
P229181,Toys,8.12
P216523,Fashion,114.01
P241211,Grocery,20.12
P223276,Beauty,26.98
P227521,Toys,36.86
P201052,Home,119.02
P215400,Fashion,65.84
P219947,Toys,21.6
P225699,Beauty,51.55
P234111,Electronics,294.21
P203916,Sports,160.14
P209192,Sports,121.75
P235691,Fashion,32.78
P247197,Sports,35.89
P236693,Toys,109.69
P223942,Home,1181.14
P203392,Fashion,21.81
P219001,Beauty,106.2
P228696,Toys,20.89
P237123,Electronics,1294.13
P218311,Home,24.15
P227120,Home,143.57
P222642,Electronics,624.51
P204547,Fashion,5.31
P229371,Toys,12.89
P239683,Beauty,5.28
P220103,Beauty,10.36
P234450,Fashion,117.43
P216768,Electronics,173.55
P221092,Fashion,91.59
P246497,Sports,123.58
P235804,Fashion,70.11
P210458,Electronics,79.14
P216773,Home,51.71
P231096,Fashion,75.14
P249897,Sports,15.53
P222535,Fashion,110.76
P220769,Toys,13.7
P204123,Grocery,2.58
P244176,Home,24.79
P241067,Home,21.78
P245946,Electronics,232.8
P208968,Home,81.85
P210125,Sports,65.24
P222430,Fashion,8.62
P209226,Home,179.96
P217220,Home,64.18
P204702,Beauty,25.98
P200641,Beauty,6.18
P235942,Fashion,32.24
P218192,Home,33.89
P203875,Fashion,20.72
P241602,Sports,110.74
P202848,Sports,46.7
P203612,Fashion,21.48
P207062,Fashion,13.0
P242682,Grocery,27.61
P235322,Beauty,28.7
P222704,Toys,24.38
P228405,Electronics,158.63
P233278,Toys,25.96
P234924,Beauty,6.87
P202919,Grocery,5.83
P208924,Electronics,461.64
P243910,Fashion,49.14
P244920,Home,175.69
P234005,Toys,16.12
P217864,Home,419.67
P210657,Beauty,21.02
P238397,Fashion,7.98
P229873,Beauty,50.56
P219119,Home,260.55
P223670,Sports,169.08
P210951,Electronics,151.66
P215768,Toys,18.82
P200577,Fashion,87.94
P230836,Fashion,60.67
P211688,Home,118.3
P217202,Toys,107.82
P214135,Home,459.0
P234657,Grocery,1.16
P200558,Home,115.16
P226195,Electronics,213.66
P214443,Electronics,79.91
P232014,Fashion,20.09
P223215,Electronics,324.03
P205949,Home,178.23
P240411,Toys,49.43
P202902,Home,218.93
P213762,Fashion,6.22
P220724,Electronics,778.85
P205895,Beauty,10.22
P240318,Fashion,27.95
P222081,Home,23.45
P236678,Beauty,5.01
P244732,Toys,36.44
P224646,Fashion,22.33
P222368,Fashion,26.38
P202155,Home,156.24
P240724,Fashion,46.98
P229393,Toys,20.52
P248234,Fashion,34.42
P218299,Electronics,258.93
P204351,Beauty,25.53
P240236,Home,152.8
P223451,Electronics,268.76
P222179,Sports,33.57
P247665,Home,14.84
P204455,Electronics,321.84
P243100,Fashion,23.96
P246209,Grocery,1.29
P209052,Grocery,19.8
P245539,Fashion,43.66
P217816,Sports,86.24
P243337,Home,152.71
P237064,Home,273.19
P248744,Electronics,292.25
P213030,Electronics,143.6
P220577,Electronics,223.4
P230248,Toys,3.8
P215510,Home,120.54
P242251,Home,25.24
P204934,Sports,29.26
P225877,Electronics,572.01
P211831,Sports,180.72
P219471,Electronics,157.95
P238841,Home,111.66
P216839,Toys,3.93
P205853,Electronics,2025.24
P200257,Electronics,132.5
P226685,Grocery,31.28
P249633,Sports,52.32
P229671,Sports,44.71
P204730,Fashion,37.72
P222839,Beauty,39.44
P206202,Toys,6.15
P247407,Electronics,172.65
P213298,Electronics,227.61
P234379,Fashion,87.16
P229162,Beauty,6.8
P230842,Grocery,22.12
P229797,Beauty,22.9
P230490,Beauty,6.22
P236354,Fashion,7.91
P227960,Beauty,58.98
P224057,Beauty,9.73
P206080,Electronics,290.77
P212781,Grocery,38.46
P249910,Sports,105.96
P231942,Grocery,24.55
P217016,Home,165.67
P224232,Toys,15.08
P200329,Beauty,6.19
P230595,Grocery,10.04
P212245,Electronics,270.02
P243134,Fashion,6.09
P200668,Electronics,191.25
P246094,Home,17.49
P232530,Electronics,101.15
P204020,Home,119.52
P224849,Home,72.19
P225602,Electronics,136.79
P228924,Home,16.45
P226133,Electronics,843.85
P235894,Electronics,303.9
P236574,Home,131.16
P247863,Grocery,30.64
P208066,Electronics,115.47
P211509,Toys,14.66
P208261,Electronics,471.62
P227153,Electronics,175.92
P204585,Electronics,208.75
P227632,Home,154.24
P238585,Electronics,287.86
P200116,Grocery,2.01
P215616,Sports,88.23
P218197,Fashion,34.82
P229099,Sports,10.1
P208685,Grocery,4.12
P203858,Grocery,1.42
P231216,Grocery,29.59
P219067,Sports,28.46
P236498,Grocery,6.08
P239396,Home,134.18
P245650,Sports,29.45
P238211,Fashion,55.94
P234308,Sports,130.6
P230980,Beauty,9.44
P208088,Home,23.32
P249777,Toys,35.03
P245339,Toys,2.73
P206797,Sports,83.98
P204858,Fashion,70.34
P202015,Grocery,3.46
P207234,Fashion,33.58
P204748,Home,41.02
P240989,Home,69.36
P223567,Toys,2.99
P202325,Home,186.65
P205850,Fashion,243.47
P204372,Toys,77.33
P221149,Grocery,5.91
P223575,Electronics,1105.56
P234956,Home,74.49
P219165,Fashion,92.6
P212313,Electronics,560.0
P218529,Fashion,36.67
P214908,Electronics,1173.24
P206576,Sports,204.55
P243903,Toys,4.22
P230467,Home,14.71
P248606,Toys,3.58
P210256,Grocery,4.69
P240488,Electronics,311.92
P226924,Home,76.36
P244819,Beauty,15.36
P243158,Sports,353.83
P204504,Toys,4.3
P232355,Electronics,669.0
P223118,Toys,29.32
P246774,Sports,389.8
P211292,Fashion,77.43
P245689,Fashion,10.99
P228883,Grocery,21.84
P211880,Beauty,3.74
P238367,Fashion,76.12
P200071,Fashion,115.8
P232234,Beauty,15.53
P205516,Electronics,345.82
P208234,Toys,9.52
P216429,Sports,25.8
P228217,Electronics,301.55
P240160,Beauty,12.36
P240036,Grocery,5.46
P206381,Toys,11.27
P223128,Fashion,17.63
P242229,Fashion,33.58
P228559,Fashion,88.03
P228539,Beauty,9.07
P219174,Electronics,958.11
P233780,Fashion,10.22
P207530,Electronics,348.15
P210197,Electronics,1345.29
P235085,Sports,154.58
P231509,Toys,68.21
P229409,Toys,16.66
P245598,Fashion,42.33
P232596,Grocery,9.28
P244089,Electronics,231.1
P226036,Electronics,592.07
P238996,Fashion,71.44
P221505,Home,145.94
P230132,Electronics,386.6
P247554,Home,71.65
P232558,Fashion,33.36
P221528,Toys,12.57
P225547,Grocery,15.85
P246043,Home,134.5
P207824,Fashion,77.32
P205455,Sports,146.06
P248560,Toys,2.06
P201502,Home,35.84
P230501,Home,269.4
P224918,Home,43.37
P224242,Electronics,692.9
P244311,Electronics,70.26
P219244,Electronics,713.24
P205010,Electronics,413.09
P239073,Home,16.47
P222146,Toys,57.73
P234907,Sports,65.47
P243757,Toys,41.65
P228980,Beauty,67.98
P213960,Grocery,10.3
P236512,Fashion,48.06
P220005,Fashion,22.31
P248532,Beauty,21.97
P211603,Fashion,12.07
P228889,Electronics,344.87
P235628,Fashion,16.14
P200163,Home,134.84
P203462,Toys,40.46
P210287,Electronics,706.45
P206227,Electronics,128.54
P233001,Home,160.22
P234644,Home,162.85
P219754,Toys,5.54
P247951,Toys,10.02
P230866,Sports,32.83
P206339,Electronics,310.49
P245961,Electronics,63.41
P221493,Sports,182.08
P204481,Sports,95.26
P214312,Grocery,8.89
P237227,Beauty,23.53
P240801,Fashion,8.89
P239185,Electronics,207.75
P217791,Home,172.93
P237138,Fashion,19.41
P223534,Electronics,320.62
P208687,Fashion,161.32
P232282,Toys,20.85
P244558,Toys,2.61
P226782,Beauty,28.52
P218133,Grocery,22.65
P204489,Fashion,20.45
P206582,Electronics,285.68
P215738,Home,133.97
P208030,Home,56.8
P221049,Toys,13.47
P202194,Toys,3.17
P217343,Electronics,300.16
P229439,Grocery,9.29
P204842,Home,58.68
P226442,Sports,151.73
P240338,Electronics,133.29
P241464,Toys,8.02
P217103,Home,278.72
P248144,Toys,9.47
P235646,Sports,164.27
P241593,Fashion,45.66
P245337,Electronics,180.33
P215586,Fashion,23.59
P230115,Toys,14.02
P217392,Grocery,40.1
P244180,Electronics,419.67
P222617,Grocery,50.42
P244807,Grocery,1.16
P206772,Grocery,3.14
P231721,Grocery,1.31
P214647,Toys,22.5
P248445,Grocery,9.26
P206281,Beauty,28.4
P228491,Fashion,18.89
P219975,Beauty,15.66
P244536,Home,220.21
P223049,Beauty,7.52
P238129,Sports,257.81
P206570,Toys,64.5
P224988,Beauty,15.95
P239114,Home,88.26
P219197,Fashion,9.63
P225847,Beauty,51.41
P242147,Home,70.74
P204257,Grocery,18.22
P227130,Toys,49.47
P218696,Fashion,99.47
P234763,Grocery,6.06
P226733,Electronics,192.53
P246931,Beauty,35.65
P204995,Home,60.28
P218126,Electronics,670.87
P225918,Grocery,10.37
P214887,Grocery,36.38
P237585,Electronics,540.99
P218424,Grocery,15.78
P237983,Home,108.57
P237880,Beauty,19.65
P213341,Grocery,6.98
P220640,Toys,23.1
P209838,Sports,162.02
P224275,Toys,10.19
P235153,Beauty,3.26
P213449,Grocery,27.89
P211029,Sports,37.69
P247550,Electronics,239.08
P221813,Toys,5.26
P238066,Electronics,418.4
P222776,Toys,17.07
P236294,Grocery,20.68
P223026,Beauty,10.58
P212350,Toys,20.77
P226880,Fashion,6.93
P204944,Electronics,195.08
P200360,Beauty,8.88
P203464,Home,113.16
P222009,Home,22.49
P234618,Fashion,9.11
P238700,Beauty,61.29
P220289,Fashion,34.92
P200817,Fashion,77.43
P202146,Home,42.78
P224756,Fashion,16.74
P223480,Toys,2.94
P232611,Grocery,1.4
P222339,Grocery,8.24
P224234,Home,257.53
P238782,Beauty,33.5
P204958,Toys,32.11
P227450,Beauty,5.95
P214631,Toys,91.08
P246539,Beauty,8.65
P232637,Toys,68.42
P204493,Beauty,3.35
P239852,Sports,22.99
P215195,Home,21.99
P234125,Electronics,189.21
P208442,Fashion,46.64
P238179,Fashion,40.18
P217792,Sports,485.59
P247803,Electronics,301.7
P215500,Grocery,1.99
P236496,Home,209.77
P205294,Beauty,27.26
P200322,Toys,52.12
P215836,Fashion,33.84
P203384,Toys,19.54
P225381,Toys,67.88
P223812,Beauty,36.91
P213871,Beauty,8.59
P207565,Toys,36.73
P249300,Home,30.98
P230104,Sports,265.09
P231298,Electronics,62.89
P248849,Electronics,222.63
P226359,Sports,206.33
P216998,Electronics,468.56
P226400,Beauty,5.14
P241199,Beauty,18.42
P205409,Home,18.81
P229849,Sports,32.46
P216542,Grocery,3.35
P215984,Beauty,29.98
P229234,Electronics,384.02
P202900,Electronics,123.22
P240442,Toys,12.61
P208946,Beauty,26.82
P217118,Sports,219.92
P231710,Home,220.5
P234692,Beauty,8.98
P200523,Beauty,44.19
P226086,Grocery,15.38
P215535,Toys,23.89
P216298,Grocery,7.07
P222264,Toys,13.53
P213578,Fashion,84.13
P224285,Home,379.82
P246192,Home,99.18
P227476,Fashion,56.98
P240994,Beauty,5.61
P212737,Fashion,65.25
P212171,Toys,48.17
P213920,Electronics,328.58
P249460,Sports,16.0
P245320,Electronics,299.43
P216875,Fashion,17.71
P238076,Beauty,4.26
P216905,Beauty,28.09
P201914,Sports,224.13
P213862,Home,61.78
P202925,Electronics,581.09
P203290,Electronics,93.88
P243101,Sports,136.28
P219613,Grocery,2.09
P230570,Fashion,19.71
P219961,Grocery,3.25
P238377,Fashion,15.03
P202571,Home,168.05
P219036,Home,202.57
P203539,Electronics,372.05
P233289,Sports,134.97
P211026,Toys,19.75
P219450,Grocery,13.68
P232022,Grocery,33.61
P216724,Electronics,846.62
P212130,Fashion,38.28
P236021,Sports,263.35
P221065,Electronics,79.96
P249394,Beauty,54.31
P245573,Fashion,57.54
P208318,Grocery,26.13
P237621,Grocery,35.14
P249059,Home,35.02
P209623,Beauty,4.84
P230439,Sports,74.92
P228535,Fashion,88.02
P244212,Electronics,421.12
P212552,Grocery,4.79
P224267,Electronics,101.37
P239876,Beauty,73.46
P208438,Home,17.25
P230507,Fashion,33.49
P213120,Sports,141.86
P226057,Home,57.3
P231066,Beauty,5.11
P203529,Sports,36.82
P214584,Electronics,172.45
P218673,Home,40.47
P218950,Home,19.37
P215064,Toys,54.47
P221547,Electronics,620.88
P231769,Toys,61.78
P234996,Sports,150.8
P247531,Toys,18.26
P241227,Grocery,17.84
P211879,Fashion,7.11
P214935,Fashion,112.49
P228507,Beauty,19.89
P234216,Sports,21.91
P216582,Electronics,399.92
P226631,Home,109.3
P221284,Grocery,10.6
P230646,Grocery,25.91
P247974,Toys,23.37
P211284,Fashion,77.07
P213857,Sports,24.08
P219888,Fashion,15.37
P240440,Electronics,266.13
P214835,Home,59.42
P205352,Grocery,4.92
P226581,Electronics,156.13
P242290,Fashion,27.3
P240638,Fashion,37.55
P233191,Electronics,265.61
P232917,Toys,20.89
P228039,Electronics,187.07
P226089,Toys,15.77
P229742,Fashion,39.68
P249290,Home,140.68
P239833,Sports,42.05
P211917,Sports,14.73
P218254,Sports,112.42
P226571,Electronics,239.54
P243778,Beauty,163.75
P246630,Home,99.18
P237048,Electronics,237.25
P205696,Toys,4.88
P200742,Home,109.45
P236949,Grocery,5.94
P244497,Grocery,15.35
P221640,Beauty,28.04
P236473,Fashion,95.18
P245831,Home,130.78
P208288,Beauty,26.8
P217378,Home,158.22
P241042,Toys,12.15
P247150,Sports,188.26
P237977,Sports,224.17
P249664,Home,189.74
P234465,Fashion,38.69
P227136,Electronics,389.41
P218298,Toys,15.97
P204753,Sports,22.95
P212168,Home,116.53
P233565,Fashion,25.58
P224652,Electronics,565.75
P222608,Toys,8.53
P216140,Home,34.82
P214092,Fashion,5.6
P210875,Beauty,17.41
P248996,Toys,12.15
P245162,Fashion,9.52
P238690,Electronics,1220.15
P202646,Home,286.99
P219115,Toys,5.33
P229339,Grocery,1.01
P237462,Sports,80.07
P236449,Electronics,471.73
P233182,Toys,29.74
P244166,Fashion,17.96
P226118,Fashion,110.08
P225347,Toys,5.88
P239967,Grocery,43.88
P246851,Sports,127.35
P225062,Electronics,389.97
P207532,Electronics,1308.71
P223693,Home,145.49
P215234,Sports,28.04
P208321,Home,28.0
P236982,Electronics,347.28
P202374,Beauty,9.65
P203983,Toys,13.89
P245175,Fashion,105.87
P240907,Home,108.38
P209173,Beauty,8.29
P239679,Sports,208.72
P200111,Grocery,14.31
P215566,Toys,5.55
P237477,Beauty,169.82
P217793,Fashion,48.99
P238640,Electronics,310.77
P220583,Grocery,6.56
P243575,Beauty,10.12
P216182,Electronics,89.31
P204857,Electronics,275.49
P231985,Electronics,242.92
P211166,Fashion,43.12
P225423,Fashion,31.24
P233752,Beauty,34.05
P233875,Grocery,19.28
P245940,Toys,9.75
P243933,Sports,124.47
P202002,Beauty,6.85
P245359,Sports,82.08
P201421,Sports,84.8
P208980,Beauty,26.64
P248537,Toys,5.07
P244934,Fashion,27.19
P209418,Sports,31.3
P212390,Sports,32.1
P222562,Home,152.47
P227971,Grocery,5.44
P228545,Fashion,19.21
P234387,Fashion,36.57
P217675,Electronics,205.36
P219508,Fashion,88.0
P245928,Grocery,4.15
P238195,Toys,10.88
P239264,Fashion,48.31
P201687,Sports,38.52
P216091,Beauty,4.88
P212747,Beauty,27.02
P236243,Toys,74.08
P248686,Sports,132.21
P218961,Beauty,12.74
P220601,Sports,237.69
P234797,Home,108.81
P242103,Grocery,10.9
P224148,Electronics,604.26
P248426,Beauty,10.37
P211935,Electronics,222.79
P202810,Grocery,11.42
P200289,Sports,231.98
P248099,Toys,8.19
P227319,Electronics,71.37
P200609,Toys,42.14
P219675,Grocery,32.11
P248753,Home,192.65
P244851,Home,28.98
P237098,Grocery,37.34
P231033,Electronics,405.47
P213324,Grocery,29.5
P211900,Beauty,5.86
P223354,Fashion,118.94
P212340,Home,422.79
P225785,Electronics,277.62
P214687,Electronics,194.42
P239740,Fashion,24.49
P217235,Beauty,26.01
P220907,Sports,18.67
P244143,Home,22.6
P208775,Home,46.36
P229287,Beauty,34.08
P204310,Home,260.53
P228697,Home,117.95
P236581,Sports,121.36
P230657,Sports,251.99
P246284,Home,219.59
P214746,Toys,15.21
P205891,Sports,80.09
P239656,Home,63.98
P222578,Grocery,1.15
P235970,Fashion,24.81
P249494,Sports,101.56
P207745,Toys,26.62
P201423,Fashion,113.98
P247305,Beauty,22.81
P212059,Electronics,212.86
P245355,Home,164.8
P241875,Electronics,51.34
P234679,Home,159.24
P228277,Fashion,17.18
P206446,Electronics,484.64
P216881,Electronics,842.06
P211140,Home,86.16
P249942,Toys,13.06
P245160,Toys,2.46
P208201,Home,374.34
P248752,Toys,4.75
P224568,Sports,68.91
P231330,Home,130.66
P202816,Home,677.58
P228142,Fashion,59.32
P217266,Fashion,155.0
P218055,Toys,18.67
P237770,Beauty,21.73
P225313,Fashion,46.84
P218558,Electronics,603.47
P205235,Home,15.73
P214547,Toys,30.67
P224496,Toys,33.66
P246569,Toys,13.37
P231652,Home,183.62
P235592,Electronics,56.25
P223730,Home,152.21
P206544,Sports,24.58
P237368,Sports,29.46
P233688,Fashion,34.55
P246611,Beauty,16.19
P217827,Electronics,119.82
P218159,Fashion,62.69
P208220,Sports,74.99
P218676,Beauty,18.15
P203703,Electronics,230.26
P231657,Toys,10.05
P233593,Home,126.84
P246965,Electronics,52.0
P229755,Grocery,13.93
P217546,Home,226.67
P248750,Sports,58.6
P209551,Fashion,39.59
P230306,Home,193.68
P203672,Electronics,92.23
P228712,Fashion,27.4
P211171,Beauty,5.72
P247958,Electronics,146.56
P234012,Toys,17.06
P223453,Sports,20.72
P207893,Sports,43.43
P201930,Sports,83.67
P218902,Sports,25.96
P200047,Fashion,6.27
P222059,Electronics,190.14
P211238,Toys,17.23
P235132,Electronics,268.85
P228082,Electronics,652.72
P246127,Fashion,16.74
P240764,Toys,34.4
P235239,Electronics,642.1
P202434,Beauty,15.88
P204335,Home,162.63
P218689,Home,178.88
P221671,Home,20.48
P226386,Toys,43.37
P249815,Sports,49.92
P207443,Grocery,64.45
P244014,Toys,13.79
P215665,Grocery,15.43
P221233,Fashion,8.87
P236968,Fashion,40.03
P234441,Sports,382.67
P243064,Fashion,28.76
P231336,Fashion,24.86
P243584,Grocery,17.81
P235817,Fashion,7.89
P239051,Grocery,2.3
P232381,Toys,72.23
P226039,Toys,8.83
P205331,Beauty,34.41
P249551,Sports,59.1
P217458,Toys,26.85
P235341,Electronics,500.95
P235165,Electronics,648.1
P200418,Home,54.95
P217023,Toys,34.04
P237357,Toys,15.3
P216742,Toys,3.57
P218187,Toys,8.93
P209905,Electronics,304.5
P200865,Grocery,4.07
P226643,Home,64.26
P226926,Beauty,16.09
P246052,Home,67.88
P231046,Fashion,59.27
P204671,Fashion,109.29
P248883,Fashion,10.47
P241320,Beauty,19.15
P201426,Electronics,1474.58
P227392,Grocery,2.65
P246826,Sports,21.59
P233460,Beauty,28.53
P229171,Fashion,47.06
P248792,Electronics,54.25
P207612,Grocery,21.64
P231824,Home,37.98
P209433,Toys,39.68
P230868,Grocery,12.86
P244107,Grocery,15.14
P212851,Electronics,226.25
P208254,Electronics,614.15
P222099,Toys,2.18
P232598,Home,188.02
P226102,Grocery,17.73
P223918,Grocery,3.35
P209693,Electronics,1374.02
P238970,Home,158.58
P249671,Grocery,7.11
P249739,Electronics,61.96
P236265,Beauty,33.72
P229307,Electronics,394.0
P235339,Fashion,120.87
P231924,Home,190.16
P226560,Electronics,1379.86
P245241,Fashion,6.41
P241034,Electronics,127.61
P249861,Fashion,16.28
P247336,Beauty,12.43
P221014,Electronics,885.62
P234198,Electronics,423.45
P214309,Grocery,1.14
P216176,Home,284.55
P205067,Grocery,3.84
P232143,Electronics,169.35
P220517,Toys,10.66
P228514,Grocery,7.61
P219740,Electronics,172.74
P224720,Home,50.27
P212249,Beauty,75.13
P223187,Sports,43.62
P242790,Grocery,2.26
P211901,Electronics,1319.2
P242271,Electronics,52.35
P246568,Sports,116.87
P205752,Sports,61.88
P238990,Toys,8.13
P244891,Fashion,66.57
P220630,Beauty,18.99
P210995,Sports,13.85
P228772,Fashion,32.19
P241739,Grocery,28.88
P228836,Grocery,45.85
P221761,Beauty,8.14
P227066,Grocery,12.04
P234884,Grocery,42.55
P249711,Fashion,41.82
P205441,Electronics,97.56
P247024,Toys,13.64
P225961,Grocery,15.0
P210146,Home,90.93
P233357,Electronics,1119.75
P233266,Beauty,24.52
P216313,Home,446.24
P240672,Electronics,172.67
P227398,Grocery,1.28
P238724,Toys,6.14
P220867,Sports,149.14
P234359,Electronics,300.66
P204407,Home,42.17
P247091,Sports,11.13
P226291,Fashion,80.5
P249354,Fashion,73.01
P241069,Fashion,48.54
P212369,Sports,93.75
P230291,Beauty,15.82
P200138,Toys,60.72
P209637,Toys,42.21
P234377,Toys,9.72
P214533,Sports,63.69
P246339,Toys,5.14
P249350,Electronics,365.16
P225736,Electronics,204.41
P217753,Fashion,5.25
P230706,Toys,70.57
P203571,Grocery,2.51
P233256,Grocery,11.86
P236308,Fashion,91.55
P247419,Toys,16.26
P211059,Fashion,209.51
P230624,Grocery,34.39
P209056,Toys,7.87
P211220,Electronics,405.41
P211290,Toys,4.99
P220018,Beauty,43.64
P249807,Toys,19.62
P216619,Home,195.16
P216031,Electronics,1555.37
P217766,Sports,68.37
P209006,Electronics,157.26
P243926,Sports,108.92
P226265,Beauty,11.55
P215908,Toys,8.5
P205629,Fashion,16.9
P218049,Sports,20.54
P203986,Fashion,53.15
P221720,Sports,43.61
P220472,Grocery,7.91
P200610,Grocery,42.96
P225911,Grocery,7.63
P249493,Fashion,23.35
P213222,Electronics,138.75
P221067,Electronics,746.99
P236599,Home,196.15
P202379,Toys,2.46
P212394,Fashion,23.29
P214417,Sports,128.31
P227849,Sports,52.86
P235207,Beauty,71.46
P232752,Beauty,31.59
P244499,Toys,18.9
P224241,Electronics,160.98
P224443,Electronics,869.51
P236533,Sports,74.52
P224296,Electronics,493.83
P208845,Home,118.11
P217557,Beauty,18.79
P201667,Home,331.1
P231034,Fashion,6.68
P214143,Toys,5.18
P241599,Electronics,897.12
P225057,Sports,17.67
P227879,Grocery,32.52
P219177,Beauty,37.39
P209299,Fashion,75.39
P206185,Toys,6.95
P229667,Grocery,15.09
P242678,Beauty,59.83
P249173,Fashion,7.74
P246486,Home,795.49
P202123,Fashion,148.14
P217894,Fashion,8.67
P236620,Sports,90.22
P236190,Beauty,28.84
P208431,Sports,63.52
P235775,Beauty,19.77
P232338,Grocery,5.2
P226580,Grocery,2.13
P229565,Sports,224.05
P207598,Home,147.12
P237529,Beauty,12.76
P232453,Grocery,5.41
P242646,Home,49.46
P240691,Sports,232.31
P231444,Toys,4.35
P247792,Home,45.18
P234911,Sports,95.21
P217986,Home,36.42
P235719,Sports,34.42
P201310,Grocery,8.68
P206246,Toys,9.03
P219679,Fashion,40.25
P212379,Electronics,76.98
P248938,Home,110.3
P210974,Fashion,33.21
P208113,Home,164.17
P227580,Electronics,465.74
P247206,Fashion,5.8
P211805,Grocery,2.53
P233713,Electronics,73.96
P228216,Fashion,51.76
P241661,Fashion,84.81
P229774,Electronics,574.55
P211294,Grocery,28.29
P210059,Electronics,562.8
P245085,Home,129.37
P212971,Beauty,28.57
P200389,Fashion,28.66
P230995,Sports,370.23
P219731,Fashion,79.57
P200011,Beauty,3.82
P209708,Electronics,473.84
P218004,Toys,2.6
P224836,Home,60.04
P212473,Beauty,9.85
P223362,Electronics,67.69
P220500,Electronics,239.83
P203866,Sports,253.34
P215986,Electronics,260.32
P228677,Beauty,20.58
P208450,Toys,2.43
P215349,Toys,28.38
P243751,Fashion,12.82
P235334,Home,34.45
P214940,Beauty,6.98
P203582,Toys,17.43
P201331,Home,166.81
P226132,Electronics,702.87
P200479,Home,118.27
P203046,Home,34.13
P201488,Fashion,247.53
P213720,Electronics,1992.86
P248177,Sports,168.48
P218476,Beauty,11.26
P230492,Beauty,5.28
P228946,Grocery,11.24
P226510,Home,152.28
P241103,Beauty,31.79
P242846,Beauty,7.11
P227170,Beauty,81.19
P208975,Grocery,46.01
P204273,Sports,146.34
P227405,Electronics,69.83
P213660,Electronics,117.22
P238145,Electronics,175.2
P229163,Fashion,28.25
P242687,Grocery,30.87
P205727,Electronics,145.35
P213288,Grocery,2.04
P248873,Electronics,1722.49
P224755,Home,103.5
P219780,Fashion,41.89
P246548,Home,216.92
P207122,Beauty,22.61
P201294,Toys,4.46
P248070,Sports,255.93
P240555,Sports,63.67
P202116,Toys,4.5
P210547,Beauty,21.22
P212710,Beauty,10.96
P202561,Sports,64.81
P227692,Electronics,83.88
P240168,Grocery,8.6
P231086,Beauty,9.25
P230555,Electronics,56.54
P235310,Toys,3.49
P239488,Beauty,6.03
P239806,Toys,43.8
P221979,Fashion,80.66
P226738,Sports,15.84
P243635,Electronics,75.85
P248748,Toys,52.46
P206542,Home,272.95
P249202,Sports,127.62
P215765,Sports,16.32
P205801,Fashion,37.46
P220869,Grocery,10.38
P207337,Home,124.37
P224535,Home,126.35
P232285,Electronics,216.0
P242980,Electronics,109.08
P220114,Electronics,222.81
P213998,Grocery,8.98
P230279,Grocery,21.65
P241834,Fashion,47.08
P232981,Toys,10.25
P229789,Toys,15.52
P212300,Electronics,157.25
P218202,Electronics,244.82
P203494,Toys,7.8
P240312,Sports,204.83
P244683,Home,13.23
P206929,Fashion,47.35
P228603,Toys,15.63
P204937,Electronics,414.18
P233431,Sports,85.05
P239084,Fashion,125.16
P200236,Beauty,66.02
P211476,Electronics,503.74
P239318,Electronics,223.86
P218339,Fashion,7.61
P222539,Grocery,13.26
P227988,Electronics,334.14
P223199,Electronics,193.64
P216092,Toys,25.34
P235654,Toys,16.8
P213991,Fashion,20.7
P206874,Electronics,51.05
P229253,Fashion,71.81
P219203,Electronics,70.08
P242046,Beauty,18.89
P207138,Grocery,9.15
P234761,Beauty,31.27
P206193,Fashion,55.88
P216157,Beauty,50.86
P219983,Fashion,21.82
P247027,Beauty,4.52
P204459,Fashion,34.21
P205087,Toys,55.81
P214898,Fashion,14.69
P214758,Toys,9.8
P247238,Home,270.27
P215121,Electronics,494.42
P217666,Beauty,12.94
P231999,Electronics,768.61
P247851,Electronics,144.52
P248915,Toys,18.68
P234888,Electronics,1215.55
P244105,Electronics,85.62
P205306,Sports,82.58
P228300,Toys,11.34
P238646,Electronics,476.69
P232481,Home,39.2
P214914,Toys,21.07
P231175,Fashion,35.63
P220246,Grocery,27.05
P249280,Electronics,167.56
P210628,Fashion,103.34
P243793,Electronics,288.17
P239900,Beauty,6.75
P221026,Grocery,9.48
P245464,Sports,47.06
P219607,Electronics,220.83
P219860,Beauty,42.36
P205097,Home,44.87
P227114,Fashion,49.29
P213473,Sports,64.6
P242395,Electronics,1225.03
P222106,Toys,10.89
P210609,Fashion,87.53
P204746,Fashion,29.42
P230384,Sports,34.12
P216459,Toys,39.74
P236379,Fashion,44.99
P208001,Sports,60.37
P210184,Sports,94.28
P244338,Sports,17.87
P206119,Home,148.59
P207843,Fashion,11.93
P226805,Electronics,167.24
P239082,Grocery,4.32
P238532,Sports,168.68
P236926,Beauty,70.71
P204146,Electronics,457.03
P230762,Home,72.18
P243970,Electronics,413.53
P249821,Beauty,39.9
P207658,Home,95.63
P225191,Home,12.06
P237426,Home,376.93
P222014,Toys,23.46
P205355,Fashion,65.56
P240780,Grocery,26.7
P220835,Grocery,3.7
P235432,Home,431.08
P237630,Fashion,52.1
P224879,Beauty,12.9
P231860,Home,13.42
P226622,Electronics,569.09
P249271,Sports,60.54
P244525,Toys,9.18
P216255,Beauty,19.31
P201968,Fashion,37.86
P235299,Electronics,1716.4
P208955,Grocery,8.1
P231084,Fashion,61.29
P200901,Sports,48.73
P226094,Sports,20.74
P238733,Home,22.32
P236024,Home,196.8
P230999,Grocery,3.89
P244946,Home,347.76
P234897,Grocery,29.0
P236779,Fashion,6.3
P232918,Beauty,17.61
P230342,Electronics,185.42
P233098,Toys,4.79
P227686,Home,351.85
P210587,Beauty,20.94
P234812,Fashion,7.67
P222938,Electronics,553.17
P207848,Toys,32.81
P222029,Electronics,1232.62
P247346,Sports,16.99
P216190,Fashion,11.62
P249113,Electronics,371.59
P232026,Electronics,416.39
P243630,Grocery,8.86
P217959,Sports,18.13
P205754,Fashion,135.72
P202213,Sports,59.18
P248279,Electronics,280.55
P205544,Toys,20.09
P239426,Electronics,67.68
P227533,Home,82.27
P211648,Electronics,794.58
P238747,Sports,49.61
P213539,Toys,2.19
P210357,Fashion,40.42
P225585,Electronics,589.77
P215594,Home,464.69
P238055,Toys,24.33
P241655,Electronics,105.45
P204617,Grocery,6.43
P206796,Fashion,106.73
P239801,Toys,6.49
P206747,Beauty,16.93
P207936,Toys,80.05
P232293,Fashion,16.83
P217142,Grocery,24.57
P249593,Beauty,6.52
P212696,Sports,160.67
P248056,Beauty,9.74
P228149,Fashion,36.06
P201873,Toys,14.88
P207958,Electronics,1428.92
P207368,Sports,54.78
P207489,Grocery,5.42
P208346,Electronics,746.5
P238374,Home,21.25
P245053,Fashion,45.26
P220286,Toys,38.9
P243235,Sports,135.17
P239428,Electronics,266.01
P218796,Electronics,348.09
P249175,Sports,343.39
P228181,Electronics,340.72
P233228,Beauty,41.72
P246248,Home,23.78
P202117,Sports,14.02
P232839,Electronics,570.05
P206351,Fashion,38.26
P200706,Electronics,337.67
P218312,Toys,2.4
P225753,Fashion,16.04
P229722,Electronics,622.24
P221455,Electronics,61.14
P203311,Grocery,5.75
P247201,Grocery,24.04
P241196,Home,12.4
P248974,Toys,52.36
P226761,Toys,19.42
P212917,Toys,28.8
P241577,Electronics,247.68
P217955,Sports,130.73
P218821,Beauty,29.44
P223915,Home,84.19
P238620,Grocery,36.11
P209170,Toys,31.19
P208706,Home,188.54
P217193,Sports,130.51
P216852,Grocery,2.08
P219766,Toys,10.27
P232881,Home,265.9
P247645,Toys,23.92
P221867,Home,204.39
P218000,Fashion,7.71
P236085,Home,357.33
P223735,Electronics,126.43
P223964,Fashion,82.82
P205733,Grocery,11.46
P227246,Toys,10.46
P221197,Home,199.86
P235305,Electronics,147.35
P247318,Sports,52.7
P240789,Sports,136.69
P218728,Toys,6.75
P214299,Beauty,12.49
P221448,Electronics,749.14
P222214,Fashion,19.06
P211300,Grocery,14.43
P223752,Sports,42.99
P228133,Electronics,602.6
P212742,Toys,23.84
P216059,Electronics,645.52
P210994,Sports,73.75
P222005,Fashion,78.24
P200635,Beauty,13.47
P244845,Beauty,22.58
P249326,Fashion,120.04
P208759,Fashion,85.29
P245378,Fashion,80.05
P238924,Home,488.86
P247153,Fashion,149.75
P231672,Home,126.3
P248097,Fashion,25.27
P224091,Fashion,41.34
P207009,Beauty,5.7
P202143,Toys,25.88
P223632,Beauty,4.7
P220486,Beauty,80.66
P212370,Grocery,9.06
P213847,Beauty,25.61
P231624,Electronics,128.14
P204622,Home,153.45
P238000,Electronics,587.79
P225337,Sports,39.01
P201680,Fashion,126.22
P247122,Fashion,35.99
P225479,Electronics,56.72
P249285,Home,93.32
P217509,Grocery,4.76
P246228,Fashion,35.15
P235617,Fashion,76.57
P227787,Fashion,15.72
P203366,Toys,9.47
P213061,Fashion,48.08
P215952,Toys,18.39
P218975,Home,113.88
P204283,Sports,309.15
P211740,Sports,20.04
P205128,Electronics,252.2
P209371,Toys,35.67
P221309,Grocery,4.16
P208628,Toys,40.58
P222718,Fashion,26.22
P238674,Home,127.14
P231295,Home,11.06
P241753,Home,16.38
P228844,Toys,4.37
P201954,Electronics,855.53
P208806,Electronics,227.37
P221420,Sports,14.3
P212363,Sports,11.0
P210066,Grocery,2.8
P247518,Toys,8.2
P231081,Sports,69.77
P217253,Home,134.19
P211662,Toys,69.23
P214125,Electronics,303.56
P219503,Toys,43.09
P215271,Home,16.49
P200376,Fashion,36.35
P243283,Sports,243.16
P218325,Electronics,375.65
P215285,Beauty,68.87
P200204,Home,153.33
P225320,Toys,6.6
P211328,Beauty,23.03
P220804,Home,21.46
P218809,Grocery,4.56
P227440,Fashion,62.24
P203065,Grocery,2.09
P234495,Electronics,116.42
P231154,Electronics,172.99
P215737,Toys,2.35
P238832,Toys,55.92
P236582,Toys,11.17
P201703,Beauty,26.78
P207621,Beauty,16.09
P213544,Beauty,8.88
P249843,Fashion,221.82
P238834,Home,15.56
P212291,Beauty,4.27
P241216,Toys,40.38
P233601,Toys,5.81
P248367,Electronics,318.04
P205794,Grocery,15.28
P231180,Electronics,169.95
P209353,Fashion,40.49
P246403,Fashion,146.75
P218410,Sports,24.77
P209829,Sports,119.28
P236316,Home,79.51
P248934,Toys,8.76
P213046,Sports,116.86
P222748,Electronics,810.11
P201183,Fashion,26.1
P244604,Beauty,21.36
P233856,Home,86.43
P231478,Home,21.15
P205387,Home,38.14
P247176,Home,120.03
P233099,Fashion,69.13
P242171,Sports,13.68
P212280,Fashion,28.44
P246187,Electronics,699.98
P206385,Electronics,912.86
P233270,Toys,42.48
P242039,Toys,7.47
P240084,Home,190.93
P225910,Electronics,468.99
P243033,Fashion,38.95
P231600,Sports,48.15
P224598,Toys,2.73
P226425,Beauty,54.15
P210355,Sports,688.71
P218738,Beauty,59.58
P214566,Fashion,5.8
P243499,Sports,155.27
P223958,Beauty,31.73
P221655,Fashion,46.42
P221828,Beauty,10.38
P247960,Electronics,327.4
P238835,Electronics,161.68
P249990,Toys,8.47
P240959,Sports,48.96
P245973,Sports,32.04
P237803,Home,363.04
P211044,Home,89.79
P209584,Home,121.67
P201959,Toys,2.0
P200275,Fashion,10.42
P221008,Home,243.92
P234609,Electronics,125.28
P213546,Fashion,55.71
P247687,Electronics,285.63
P249639,Grocery,3.48
P240033,Fashion,27.63
P211989,Electronics,139.67
P248795,Beauty,7.69
P238560,Sports,145.34
P233231,Home,128.54
P210128,Fashion,12.33
P228707,Electronics,193.84
P228646,Fashion,129.2
P233686,Fashion,35.3
P238855,Sports,213.81
P230584,Home,20.22
P231368,Fashion,62.06
P209014,Beauty,7.66
P203391,Toys,9.45
P231988,Electronics,382.58
P241699,Fashion,96.81
P213045,Toys,8.43
P244026,Electronics,312.47
P240024,Electronics,339.47
P203843,Sports,48.06
P206129,Fashion,39.5
P203210,Grocery,2.68
P209969,Fashion,33.64
P210626,Electronics,1001.34
P220937,Sports,301.08
P243429,Fashion,10.84
P231258,Beauty,14.05
P207305,Electronics,111.02
P221940,Sports,75.76
P232922,Toys,25.48
P244146,Sports,56.89
P217498,Fashion,76.38
P200699,Beauty,74.26
P207109,Fashion,97.59
P208787,Toys,30.03
P210135,Sports,17.69
P240242,Beauty,24.94
P200661,Toys,2.56
P246397,Home,20.49
P207381,Beauty,4.74
P221958,Home,140.03
P209614,Electronics,100.1
P249647,Home,111.57
P236993,Fashion,57.4
P213470,Beauty,63.39
P215650,Electronics,1045.0
P222318,Toys,6.92
P213854,Electronics,150.48
P202136,Sports,248.51
P205063,Fashion,49.24
P225081,Beauty,3.79
P235898,Electronics,107.34
P215455,Grocery,28.16
P218238,Fashion,80.09
P238032,Toys,64.08
P218044,Fashion,40.92
P240316,Sports,20.84
P215712,Sports,33.23
P204979,Fashion,21.72
P237814,Sports,295.41
P233486,Beauty,128.21
P241461,Beauty,15.34
P216641,Electronics,389.61
P218981,Fashion,152.87
P248573,Beauty,9.15
P223182,Sports,34.63
P221001,Electronics,693.47
P219820,Sports,17.5
P201704,Grocery,18.05
P247379,Toys,9.28
P204064,Grocery,5.77
P237994,Home,65.58
P247308,Electronics,689.32
P204214,Fashion,36.87
P225061,Beauty,6.94
P237895,Electronics,69.07
P242026,Toys,28.52
P248845,Electronics,170.63
P248916,Toys,39.13
P239305,Sports,91.01
P228205,Electronics,119.44
P240399,Fashion,5.28
P227947,Home,38.69
P245275,Grocery,6.43
P222680,Home,67.65
P231438,Beauty,8.09
P221246,Toys,32.68
P203341,Fashion,50.28
P247921,Electronics,190.89
P210940,Toys,42.88
P235330,Home,114.07
P215596,Fashion,81.41
P218051,Fashion,70.1
P206413,Electronics,132.64
P205734,Toys,26.2
P230786,Electronics,389.02
P217963,Fashion,37.34
P223999,Electronics,99.93
P236888,Toys,3.78
P235280,Electronics,238.74
P229045,Sports,80.05
P223231,Home,201.57
P229443,Sports,220.33
P244917,Fashion,44.98
P234000,Beauty,3.57
P244332,Toys,14.07
P230296,Beauty,7.31
P241913,Grocery,12.24
P242498,Sports,122.29
P226485,Toys,15.26
P205653,Fashion,67.05
P237926,Grocery,2.6
P225194,Grocery,25.4
P243748,Fashion,99.95
P245638,Electronics,83.98
P214747,Sports,207.2
P237071,Beauty,5.48
P241364,Sports,60.57
P227011,Sports,80.53
P204962,Electronics,161.51
P200857,Home,25.66
P228305,Grocery,17.42
P239539,Fashion,14.67
P202420,Grocery,53.12
P203133,Beauty,3.85
P233553,Fashion,24.03
P247054,Electronics,59.72
P216135,Home,293.94
P203690,Home,79.66
P247934,Grocery,14.81
P201562,Toys,13.22
P218561,Fashion,84.26
P200263,Toys,23.11
P236510,Sports,27.69
P206646,Grocery,8.82
P231903,Toys,10.23
P211148,Fashion,20.7
P248981,Toys,9.28
P226137,Fashion,19.44
P237968,Grocery,2.55
P218389,Home,99.77
P232897,Electronics,87.56
P241897,Fashion,10.27
P220102,Home,30.03
P217198,Beauty,31.86
P205849,Home,111.18
P213807,Fashion,90.12
P210229,Home,104.62
P246062,Beauty,29.36
P233470,Sports,10.42
P214368,Home,72.65
P205499,Sports,171.92
P229317,Home,48.9
P211178,Electronics,1096.44
P203939,Electronics,524.56
P203674,Fashion,26.14
P241402,Electronics,300.33
P245413,Toys,9.67
P226406,Fashion,43.75
P248337,Grocery,1.26
P212034,Fashion,42.31
P229477,Home,221.76
P200815,Fashion,165.01
P235560,Beauty,28.89
P222249,Grocery,3.58
P238986,Grocery,34.32
P239676,Beauty,52.67
P229496,Fashion,55.89
P212254,Sports,131.23
P211957,Grocery,9.47
P207852,Toys,9.71
P201264,Electronics,751.45
P223203,Fashion,58.9
P248362,Sports,83.67
P210364,Home,85.53
P218688,Fashion,32.58
P227739,Beauty,17.38
P248834,Electronics,999.77
P238304,Grocery,7.45
P225814,Sports,198.02
P216057,Fashion,90.83
P214973,Home,124.85
P249918,Fashion,15.53
P249724,Electronics,179.45
P246480,Toys,8.27
P238088,Grocery,2.38
P243292,Toys,2.7
P249902,Toys,14.67
P219195,Beauty,13.85
P223738,Fashion,77.52
P219938,Beauty,11.07
P202418,Home,20.25
P237908,Beauty,8.44
P235618,Electronics,329.84
P203379,Fashion,43.02
P230765,Beauty,36.87
P200193,Beauty,8.35
P226153,Electronics,95.34
P242440,Electronics,184.71
P211279,Beauty,3.31
P207983,Beauty,85.88
P222137,Sports,17.06
P212057,Home,38.57
P221281,Toys,138.35
P239737,Home,17.53
P206534,Electronics,217.87
P240888,Electronics,161.78
P238558,Sports,64.45
P249134,Fashion,27.55
P211258,Electronics,306.68
P244106,Fashion,24.53
P211809,Beauty,12.17
P203067,Toys,11.98
P234212,Home,153.1
P223165,Grocery,2.81
P222444,Electronics,117.08
P213011,Beauty,28.04
P222294,Beauty,30.44
P212736,Sports,139.5
P242662,Electronics,355.53
P216578,Grocery,4.96
P213996,Electronics,71.15
P227205,Fashion,34.08
P230556,Home,268.42
P224964,Electronics,246.56
P213746,Fashion,31.56
P234520,Grocery,18.62
P247903,Toys,3.05
P235600,Fashion,7.02
P230361,Beauty,26.12
P245589,Home,46.36
P208488,Home,112.38
P216714,Home,34.81
P212041,Sports,159.63
P213142,Home,35.44
P209270,Sports,22.77
P213029,Beauty,12.14
P238881,Home,184.26
P243645,Sports,40.8
P234353,Electronics,501.5
P229062,Beauty,14.93
P246476,Electronics,504.27
P217886,Electronics,71.64
P217129,Beauty,22.7
P201508,Electronics,100.78
P201770,Beauty,49.63
P211971,Fashion,46.37
P240519,Fashion,90.64
P223361,Toys,12.23
P200465,Sports,129.52
P218453,Toys,9.02
P225808,Toys,19.8
P213874,Fashion,52.84
P204042,Beauty,37.07
P220523,Sports,173.02
P204202,Home,221.65
P245205,Grocery,2.17
P207773,Fashion,136.23
P217671,Electronics,276.48
P240271,Fashion,37.46
P232629,Toys,3.83
P228999,Fashion,192.21
P233629,Sports,254.47
P230108,Sports,224.61
P217488,Grocery,26.51
P238142,Fashion,11.59
P217127,Beauty,62.2
P218794,Home,263.95
P228368,Electronics,337.53
P246536,Electronics,402.86
P201833,Home,19.1
P233653,Beauty,57.3
P203604,Electronics,581.45
P228932,Fashion,15.84
P219605,Beauty,96.8
P241111,Grocery,4.1
P201596,Fashion,27.8
P230733,Electronics,1435.4
P209757,Beauty,13.92
P209142,Beauty,61.43
P225917,Fashion,37.76
P204333,Toys,27.8
P233306,Toys,2.2
P235624,Fashion,200.49
P238321,Home,72.69
P215657,Home,34.55
P228967,Beauty,19.02
P204707,Beauty,103.02
P237258,Home,100.26
P224766,Sports,54.44
P205993,Fashion,19.39
P232164,Electronics,522.14
P204102,Beauty,11.17
P201104,Grocery,7.11
P235580,Home,420.43
P238899,Electronics,136.4
P240599,Sports,15.43
P217185,Sports,38.93
P248765,Home,77.17
P210313,Fashion,39.77
P202792,Electronics,92.98
P202723,Fashion,157.35
P221960,Home,64.06
P202022,Electronics,85.37
P227089,Toys,7.69
P207028,Sports,40.09
P244798,Electronics,100.45
P222346,Home,83.66
P202775,Sports,390.59
P203639,Fashion,8.29
P200850,Beauty,11.2
P249591,Electronics,176.75
P207800,Toys,10.13
P243955,Fashion,79.14
P219292,Beauty,8.71
P230249,Beauty,38.86
P221577,Toys,3.22
P244639,Beauty,6.01
P218199,Electronics,191.89
P235044,Home,61.11
P201450,Fashion,20.5
P237674,Beauty,73.85
P217506,Fashion,61.61
P207284,Beauty,3.55
P244738,Home,134.84
P221736,Fashion,6.98
P210613,Beauty,14.61
P215934,Electronics,83.87
P228907,Electronics,495.24
P239101,Fashion,68.88
P228348,Toys,20.94
P216674,Sports,14.93
P223892,Beauty,45.75
P205593,Home,24.19
P247242,Home,573.96
P222022,Electronics,229.5
P219422,Toys,21.71
P232294,Sports,93.72
P216692,Electronics,544.08
P200461,Electronics,464.82
P245690,Home,16.83
P248512,Toys,7.62
P204732,Fashion,10.45
P217029,Sports,199.7
P222398,Electronics,393.16
P209588,Toys,2.67
P245245,Beauty,34.47
P228450,Electronics,183.59
P232639,Electronics,304.78
P245134,Toys,19.05
P209762,Electronics,107.56
P218289,Beauty,16.62
P208040,Fashion,51.92
P237666,Toys,20.78
P243015,Beauty,17.4
P218868,Grocery,10.81
P222815,Toys,36.63
P248948,Beauty,23.33
P227586,Grocery,10.55
P228478,Fashion,175.52
P222385,Sports,55.11
P228897,Electronics,63.59
P230028,Grocery,4.88
P229216,Sports,447.07
P228057,Toys,7.2
P236146,Home,156.95
P244568,Sports,80.52
P209243,Toys,10.22
P229280,Electronics,107.62
P229384,Toys,3.01
P227015,Fashion,8.57
P207524,Toys,3.3
P214350,Fashion,136.59
P239216,Grocery,11.68
P206766,Electronics,138.56
P241479,Home,105.13
P208578,Electronics,81.89
P207667,Sports,98.89
P220570,Home,133.59
P211768,Home,62.02
P227645,Grocery,18.69
P232407,Home,169.47
P244619,Sports,409.9
P246238,Fashion,10.85
P245759,Electronics,300.75
P204826,Beauty,4.34
P240308,Fashion,20.86
P238928,Home,218.11
P203973,Fashion,7.44
P227118,Home,234.24
P226218,Toys,6.01
P222971,Electronics,461.49
P231498,Home,41.17
P219617,Sports,37.23
P217770,Electronics,393.43
P207543,Beauty,10.71
P246069,Fashion,12.64
P244949,Beauty,4.01
P219343,Home,18.59
P217924,Electronics,208.54
P246315,Grocery,5.12
P232066,Electronics,382.03
P222047,Grocery,17.95
P206320,Home,335.98
P214700,Home,112.63
P228993,Sports,53.28
P207503,Grocery,40.55
P211489,Home,811.54
P212859,Toys,7.46
P211015,Electronics,270.83
P238447,Electronics,152.34
P225562,Toys,25.78
P225848,Electronics,484.54
P201779,Electronics,386.05
P244890,Sports,270.69
P248548,Electronics,337.06
P212536,Fashion,69.31
P211351,Electronics,68.99
P241983,Electronics,446.98
P214581,Toys,131.44
P248030,Grocery,7.57
P222542,Fashion,27.0
P220223,Grocery,3.0
P249977,Toys,11.9
P225067,Toys,57.05
P210051,Grocery,19.92
P243299,Toys,7.43
P232570,Fashion,9.78
P241907,Electronics,408.2
P226151,Grocery,18.66
P200682,Beauty,32.07
P221131,Fashion,29.15
P232868,Home,411.54
P213485,Sports,17.71
P210683,Fashion,158.7
P220156,Fashion,62.21
P233304,Sports,254.57
P249752,Beauty,58.49
P208510,Fashion,11.31
P215645,Sports,109.19
P223900,Home,98.94
P242822,Electronics,1058.93
P234295,Toys,29.64
P248417,Grocery,17.91
P241346,Electronics,79.62
P237963,Beauty,64.0
P201869,Toys,42.43
P242971,Grocery,1.01
P227497,Sports,169.98
P216663,Toys,2.67
P200770,Toys,18.32
P201559,Toys,39.89
P227073,Fashion,63.93
P228123,Electronics,734.26
P232876,Home,159.95
P209147,Sports,81.03
P207078,Beauty,33.96
P200317,Home,330.2
P233108,Toys,24.59
P246396,Electronics,456.73
P218458,Electronics,283.37
P245456,Beauty,33.66
P222062,Electronics,255.58
P245423,Home,164.9
P243350,Toys,34.14
P212180,Home,463.43
P245959,Beauty,51.3
P244153,Fashion,14.56
P212128,Sports,121.87
P245649,Toys,2.96
P201565,Electronics,139.02
P236472,Home,24.58
P226976,Fashion,59.9
P236969,Home,505.59
P245473,Home,57.93
P212929,Home,10.41
P210444,Fashion,58.46
P203453,Electronics,199.69
P248424,Electronics,225.65
P247292,Home,117.51
P214788,Fashion,14.67
P201046,Toys,51.04
P216432,Grocery,6.73
P224743,Electronics,2259.66
P234621,Electronics,305.1
P244814,Beauty,10.72
P220125,Home,193.57
P234836,Electronics,155.92
P246184,Fashion,6.23
P205823,Toys,23.06
P236020,Fashion,12.93
P233119,Fashion,19.57
P235040,Home,197.86
P220421,Electronics,284.33
P217241,Fashion,18.98
P209068,Home,748.72
P226834,Grocery,3.52
P243911,Grocery,2.39
P239029,Toys,2.46
P221335,Fashion,33.76
P226832,Grocery,6.69
P201432,Toys,40.99
P200480,Electronics,345.4
P202970,Toys,38.44
P249480,Toys,7.07
P208608,Home,76.23
P207250,Beauty,3.73
P234820,Toys,8.26
P210542,Toys,2.92
P207703,Sports,73.28
P226232,Grocery,14.49
P234219,Toys,4.09
P211203,Grocery,13.35
P240686,Fashion,28.23
P229922,Home,536.97
P213965,Home,210.53
P203728,Electronics,348.25
P224391,Toys,20.48
P241449,Electronics,1260.18
P232100,Electronics,142.28
P211120,Fashion,35.46
P244123,Toys,4.11
P238920,Fashion,89.7
P225722,Fashion,22.84
P223463,Toys,19.33
P214786,Beauty,19.23
P224253,Grocery,6.0
P239702,Toys,8.54
P208899,Electronics,279.84
P214714,Sports,59.76
P215861,Fashion,68.7
P220502,Fashion,14.39
P228424,Electronics,67.37
P203316,Grocery,49.07
P213059,Sports,85.43
P236257,Electronics,309.97
P220710,Fashion,35.93
P242360,Home,16.74
P204994,Home,30.26
P201497,Grocery,4.5
P209442,Home,144.54
P202410,Toys,23.68
P244510,Fashion,22.3
P226154,Electronics,82.12
P239695,Sports,134.91
P230252,Home,322.3
P246877,Grocery,6.12
P237225,Electronics,63.17
P232351,Home,202.01
P227195,Toys,4.45
P209186,Home,22.19
P225120,Fashion,14.11
P205074,Beauty,24.16
P224666,Beauty,47.37
P220717,Sports,65.24
P219352,Fashion,52.63
P202659,Fashion,78.42
P200633,Beauty,15.55
P215716,Home,80.77
P235996,Home,10.86
P217632,Toys,34.19
P217366,Beauty,23.59
P235278,Fashion,28.14
P233757,Sports,37.28
P231150,Grocery,15.92
P209622,Sports,190.02
P218019,Fashion,39.42
P231364,Beauty,54.2
P237986,Fashion,7.79
P216561,Home,42.88
P205251,Home,10.24
P246278,Grocery,3.61
P233487,Electronics,750.33
P223419,Grocery,14.17
P214597,Electronics,242.63
P235557,Electronics,643.34
P225229,Grocery,3.85
P222645,Home,18.89
P244516,Home,239.37
P215306,Fashion,16.72
P227968,Electronics,431.51
P225065,Sports,119.77
P225920,Beauty,16.48
P239668,Electronics,905.23
P215072,Home,110.4
P236359,Home,338.68
P204119,Fashion,93.55
P208944,Toys,4.05
P203048,Fashion,48.82
P216000,Grocery,14.65
P233782,Sports,105.25
P245654,Home,705.81
P209960,Electronics,179.21
P221280,Toys,2.9
P223437,Home,79.75
P225534,Toys,14.28
P244221,Fashion,53.95
P206181,Sports,117.16
P212208,Fashion,28.29
P232009,Beauty,36.64
P213035,Home,37.56
P205876,Toys,29.42
P213780,Fashion,20.53
P226636,Home,165.17
P230978,Home,137.42
P237843,Home,153.47
P226901,Electronics,248.48
P211329,Home,555.34
P218007,Grocery,14.12
P228025,Grocery,11.43
P238404,Electronics,302.6
P210895,Electronics,1773.77
P235598,Sports,69.42
P241458,Electronics,169.15
P214540,Electronics,231.51
P235857,Electronics,123.19
P200613,Home,79.05
P243828,Home,130.12
P216202,Grocery,20.52
P220083,Beauty,15.96
P249313,Sports,190.61
P210013,Fashion,11.84
P227341,Electronics,211.27
P236170,Grocery,8.06
P210819,Electronics,164.35
P236761,Toys,4.57
P245954,Sports,144.48
P229173,Fashion,117.63
P226920,Grocery,3.8
P205996,Fashion,23.25
P229801,Sports,18.67
P233387,Fashion,92.28
P221258,Sports,388.43
P213066,Grocery,20.49
P228837,Beauty,17.12
P221757,Electronics,189.39
P219219,Fashion,20.88
P241087,Fashion,17.9
P204171,Toys,14.52
P204982,Electronics,287.17
P239693,Beauty,13.54
P224329,Sports,47.36
P218957,Sports,44.83
P201156,Toys,14.06
P238421,Grocery,7.79
P241203,Beauty,44.73
P217151,Fashion,121.63
P208606,Beauty,32.54
P200861,Toys,12.45
P221298,Electronics,183.76
P249361,Home,94.87
P238998,Home,103.2
P222667,Home,255.72
P216228,Sports,85.91
P234418,Home,32.31
P248820,Fashion,18.83
P235726,Home,101.35
P205990,Fashion,118.24
P218350,Fashion,22.87
P203286,Sports,37.0
P218526,Grocery,21.09
P233724,Grocery,4.2
P200217,Sports,272.27
P235183,Grocery,2.56
P244305,Home,73.86
P234235,Beauty,52.44
P245742,Fashion,11.39
P219256,Electronics,187.27
P216416,Fashion,64.41
P219871,Sports,53.33
P223171,Toys,66.93
P221266,Fashion,51.74
P203078,Grocery,13.58
P239406,Toys,33.69
P229410,Electronics,193.45
P212118,Home,81.32
P212210,Beauty,35.32
P237062,Fashion,89.48
P233482,Grocery,17.5
P214770,Beauty,25.0
P236748,Electronics,319.97
P237151,Sports,111.48
P244689,Home,11.07
P239630,Home,88.21
P218998,Toys,2.8
P200810,Electronics,267.8
P210647,Home,31.2
P234798,Toys,2.18
P206033,Electronics,446.25
P215245,Toys,11.61
P234740,Sports,372.45
P240722,Toys,5.22
P200824,Home,98.22
P218616,Grocery,3.87
P205680,Electronics,353.12
P232789,Beauty,32.17
P214812,Grocery,14.25
P237329,Grocery,16.55
P203305,Fashion,25.41
P240538,Sports,106.2
P231394,Grocery,2.79
P209733,Home,496.07
P226559,Home,183.61
P208314,Fashion,163.84
P241393,Electronics,1546.26
P204165,Electronics,330.73
P240805,Beauty,8.6
P231037,Beauty,28.6
P215505,Electronics,401.51
P222388,Electronics,826.55
P236576,Electronics,561.46
P249378,Grocery,1.28
P246461,Beauty,7.07
P247094,Home,277.37
P214515,Home,189.01
P233303,Sports,25.74
P233890,Home,127.05
P239857,Toys,19.42
P221597,Fashion,78.32
P214103,Home,231.05
P236302,Grocery,15.76
P231004,Sports,118.04
P248149,Home,31.55
P214337,Home,161.92
P230668,Electronics,257.03
P207218,Electronics,451.01
P213794,Electronics,135.1
P242931,Electronics,254.76
P205397,Beauty,4.61
P245031,Sports,90.41
P234772,Sports,79.04
P240718,Grocery,1.29
P222425,Home,33.33
P239119,Grocery,31.57
P233575,Beauty,41.11
P248828,Home,26.82
P207311,Electronics,253.47
P234042,Grocery,11.28
P245431,Fashion,76.06
P235531,Electronics,525.44
P206628,Home,42.98
P227573,Toys,24.82
P247479,Toys,25.74
P225928,Toys,48.3
P234239,Toys,83.37
P203163,Electronics,234.25
P221755,Sports,242.16
P249069,Grocery,23.07
P241571,Sports,10.02
P225638,Fashion,42.12
P241395,Grocery,1.1
P210601,Sports,210.2
P202609,Sports,196.96
P234557,Fashion,78.16
P246787,Grocery,9.77
P242010,Fashion,39.35
P205708,Toys,19.92
P228414,Grocery,14.58
P213356,Fashion,28.25
P246009,Electronics,872.09
P235294,Sports,110.8
P231582,Beauty,48.43
P221135,Toys,5.03
P212072,Beauty,15.29
P237574,Electronics,156.68
P215507,Electronics,187.56
P232315,Electronics,310.75
P247922,Grocery,19.41
P235953,Sports,182.13
P217461,Toys,2.7
P244219,Electronics,107.59
P242735,Grocery,1.8
P231311,Fashion,27.41
P213501,Fashion,94.91
P234658,Home,29.85
P201626,Toys,4.5
P211810,Beauty,22.29
P239414,Electronics,167.83
P228860,Home,233.13
P229541,Sports,119.02
P204773,Beauty,12.0
P237812,Grocery,9.91
P245977,Beauty,19.85
P242075,Beauty,4.69
P210100,Fashion,27.78
P229103,Sports,225.73
P212230,Sports,175.01
P211807,Sports,117.82
P234951,Grocery,16.3
P200153,Fashion,11.8
P201119,Sports,97.64
P218539,Fashion,65.32
P237933,Fashion,55.72
P201209,Home,48.57
P233874,Beauty,23.13
P214985,Beauty,3.6
P227372,Toys,13.8
P212565,Sports,114.74
P227235,Beauty,22.39
P201037,Electronics,784.04
P203333,Electronics,404.32
P216797,Toys,7.67
P243501,Beauty,18.44
P234707,Grocery,5.39
P217039,Sports,137.49
P215555,Grocery,16.12
P207457,Electronics,101.73
P231488,Beauty,7.07
P218863,Electronics,222.11
P222305,Fashion,9.51
P231675,Grocery,31.01
P236374,Sports,71.72
P205203,Sports,18.52
P230068,Fashion,12.31
P231767,Grocery,10.81
P236826,Toys,25.64
P240783,Sports,205.11
P233876,Fashion,22.24
P221507,Grocery,10.39
P203185,Toys,5.21
P235692,Fashion,6.74
P222423,Fashion,33.02
P227470,Fashion,46.9
P213909,Home,48.39
P217006,Home,149.96
P218721,Beauty,3.79
P210122,Fashion,11.98
P246584,Fashion,16.57
P207289,Beauty,13.22
P210436,Fashion,52.3
P228979,Beauty,42.74
P236440,Sports,143.28
P202445,Electronics,424.39
P208976,Beauty,28.25
P214971,Toys,8.19
P200449,Beauty,6.0
P215107,Fashion,8.13
P244268,Grocery,11.95
P209715,Grocery,24.0
P203692,Beauty,33.68
P203049,Home,67.79
P227897,Grocery,8.22
P227882,Electronics,596.16
P248378,Sports,124.75
P224636,Fashion,8.8
P247171,Beauty,5.07
P232451,Grocery,7.43
P219990,Grocery,6.19
P206669,Home,56.75
P209867,Fashion,25.96
P242737,Fashion,25.14
P232482,Beauty,54.83
P219550,Fashion,40.07
P243010,Fashion,23.09
P233463,Grocery,19.82
P207865,Electronics,100.47
P244628,Home,163.74
P246057,Electronics,71.93
P231786,Grocery,13.1
P229792,Fashion,23.34
P211442,Sports,140.95
P243874,Grocery,3.94
P246151,Electronics,382.91
P210456,Electronics,499.04
P243840,Toys,4.49
P211899,Sports,179.55
P232244,Beauty,23.61
P248989,Toys,30.86
P223584,Toys,3.46
P206244,Grocery,24.75
P248460,Home,43.21
P216760,Sports,155.83
P208045,Beauty,19.05
P223961,Electronics,133.99
P218711,Grocery,9.36
P226078,Home,70.9
P229520,Beauty,9.76
P225328,Home,187.38
P224825,Toys,2.08
P248017,Home,24.81
P207272,Beauty,158.71
P235588,Electronics,390.04
P225465,Beauty,20.2
P230642,Home,164.1
P249027,Beauty,56.02
P219127,Electronics,1017.63
P204576,Grocery,3.1
P207183,Toys,6.94
P210814,Home,16.83
P226352,Beauty,9.57
P248406,Beauty,27.98
P211596,Grocery,4.22
P215544,Toys,39.59
P224139,Fashion,125.95
P224574,Fashion,39.77
P230689,Sports,104.95
P201487,Fashion,127.65
P208540,Home,100.86
P224989,Toys,41.64
P215955,Fashion,10.0
P227029,Electronics,193.08
P240105,Home,57.65
P246369,Beauty,42.12
P207102,Electronics,166.35
P201009,Electronics,204.95
P220766,Electronics,79.14
P208973,Fashion,11.12
P203079,Beauty,52.82
P202186,Fashion,5.22
P244279,Toys,3.46
P246620,Toys,6.84
P209398,Grocery,10.08
P204518,Sports,139.2
P249456,Electronics,450.44
P236222,Electronics,307.12
P206082,Grocery,13.73
P238117,Home,356.02
P233618,Sports,310.52
P222111,Home,186.03
P225070,Toys,25.2
P219939,Sports,151.46
P248819,Electronics,413.32
P207540,Sports,11.01
P219533,Fashion,285.68
P248479,Grocery,8.94
P229877,Electronics,260.64
P229278,Sports,38.85
P231991,Toys,37.75
P205257,Grocery,16.75
P249072,Home,411.97
P249465,Electronics,488.44
P237083,Electronics,232.39
P238291,Toys,17.99
P209910,Sports,99.05
P228202,Grocery,4.85
P231656,Home,49.98
P224111,Home,124.26
P235182,Electronics,76.81
P238574,Sports,407.12
P201759,Toys,53.98
P228628,Sports,27.4
P217507,Fashion,117.84
P205831,Electronics,74.34
P201234,Fashion,42.09
P249826,Electronics,161.26
P229798,Grocery,36.39
P228370,Sports,107.48
P228654,Fashion,61.19
P210251,Fashion,107.91
P204029,Fashion,65.41
P202860,Fashion,47.38
P203513,Toys,25.35
P235987,Fashion,110.22
P241138,Sports,163.41
P205472,Grocery,19.61
P239476,Fashion,21.52
P213728,Toys,2.29
P224214,Fashion,9.1
P246649,Fashion,73.65
P231044,Toys,53.65
P225532,Grocery,41.3
P202473,Sports,70.9
P233853,Fashion,59.67
P204662,Grocery,5.39
P240496,Grocery,7.82
P225677,Electronics,457.67
P245942,Sports,352.84
P229752,Beauty,20.98
P237239,Toys,39.88
P222903,Electronics,103.42
P242658,Beauty,26.47
P223289,Beauty,63.09
P232052,Sports,156.54
P234901,Electronics,324.97
P246574,Sports,197.99
P203931,Toys,8.51
P241584,Grocery,8.86
P239894,Grocery,1.57
P226176,Sports,330.52
P247540,Fashion,10.34
P245305,Toys,26.2
P244827,Beauty,77.78
P213395,Fashion,56.12
P229161,Grocery,11.42
P243930,Sports,119.48
P200798,Fashion,72.37
P246559,Sports,99.47
P230666,Fashion,6.05
P207449,Sports,15.46
P245190,Beauty,3.39
P230163,Toys,30.63
P231080,Beauty,3.67
P248242,Fashion,50.87
P232953,Sports,73.35
P225053,Sports,54.82
P239799,Fashion,26.61
P212288,Fashion,101.5
P227591,Fashion,133.1
P239452,Electronics,137.38
P228391,Toys,15.15
P209877,Sports,319.43
P225567,Grocery,14.41
P232503,Home,231.84
P222946,Fashion,49.95
P224770,Fashion,44.94
P240828,Home,136.24
P200078,Fashion,55.99
P235989,Beauty,22.31
P208977,Sports,33.56
P232593,Beauty,57.57
P225022,Electronics,225.67
P204218,Home,33.82
P205729,Electronics,70.39
P209773,Toys,36.65
P249510,Electronics,77.1
P201765,Electronics,304.23
P214067,Fashion,122.46
P214539,Toys,11.15
P240593,Beauty,25.17
P245022,Toys,24.11
P228135,Electronics,107.77
P233051,Sports,193.99
P231246,Grocery,11.96
P216767,Fashion,81.22
P215367,Sports,28.02
P200623,Beauty,54.02
P233312,Electronics,1079.45
P207586,Sports,60.66
P218927,Fashion,22.77
P244955,Grocery,8.77
P218131,Electronics,365.05
P215020,Home,265.33
P209235,Fashion,32.36
P232634,Electronics,440.21
P227884,Electronics,179.47
P224798,Fashion,103.47
P204531,Toys,4.48
P235467,Fashion,42.21
P200566,Electronics,919.53
P232605,Electronics,59.82
P235503,Beauty,21.66
P217108,Home,329.66
P225883,Grocery,4.58
P242914,Electronics,519.37
P245754,Electronics,72.14
P246798,Home,61.85
P248786,Beauty,30.22
P238382,Fashion,51.72
P223473,Sports,112.56
P232921,Beauty,23.08
P239227,Home,35.44
P220450,Fashion,7.06
P240435,Beauty,94.58
P207357,Home,58.11
P213971,Beauty,36.79
P212880,Home,836.33
P229122,Fashion,16.38
P220062,Home,111.14
P212415,Beauty,21.52
P203705,Fashion,101.5
P236126,Beauty,3.04
P209044,Sports,40.53
P222717,Home,230.51
P238371,Grocery,12.54
P204474,Electronics,313.63
P208647,Fashion,132.37
P239943,Toys,59.77
P214669,Sports,60.19
P232997,Fashion,89.94
P223191,Sports,26.02
P232723,Toys,11.46
P215304,Grocery,42.02
P217143,Home,156.77
P242750,Home,93.9
P224900,Toys,16.63
P220048,Fashion,81.92
P207350,Electronics,316.25
P229510,Beauty,92.19
P225748,Home,103.23
P241731,Toys,39.73
P200927,Beauty,31.29
P248950,Beauty,74.59
P211100,Toys,84.16
P213243,Toys,22.18
P230778,Electronics,316.66
P241565,Grocery,4.84
P212098,Toys,8.34
P247186,Sports,38.78
P246558,Beauty,26.42
P231244,Toys,28.17
P200413,Fashion,12.81
P229386,Toys,42.91
P222312,Grocery,14.66
P218398,Grocery,33.93
P242447,Electronics,908.37
P208718,Fashion,32.35
P200000,Sports,133.15
P217455,Home,97.64
P215542,Electronics,80.11
P211770,Sports,127.73
P203577,Sports,33.5
P247675,Home,37.66
P214322,Home,540.05
P208528,Fashion,96.6
P207970,Electronics,73.02
P209911,Electronics,254.41
P207212,Beauty,20.72
P248625,Home,173.79
P216146,Fashion,124.81
P202993,Home,154.54
P200246,Beauty,21.05
P239745,Sports,426.12
P224987,Grocery,69.61
P213656,Toys,11.11
P228906,Grocery,15.67
P202689,Sports,34.98
P239653,Beauty,14.09
P214232,Fashion,17.45
P223524,Electronics,79.25
P216693,Home,24.52
P224464,Electronics,213.95
P202748,Home,293.8
P243485,Fashion,15.05
P201600,Grocery,13.42
P243059,Electronics,886.63
P249697,Beauty,5.46
P203823,Electronics,86.04
P243648,Fashion,11.6
P229027,Fashion,26.75
P237698,Grocery,15.66
P245932,Beauty,26.58
P215066,Toys,13.63
P218020,Beauty,13.65
P201790,Grocery,10.44
P203144,Toys,11.41
P241893,Electronics,1215.05
P242411,Electronics,827.34
P220932,Fashion,5.57
P238006,Grocery,13.23
P239604,Toys,42.15
P213196,Beauty,7.49
P200939,Fashion,87.36
P207090,Electronics,73.91
P204362,Beauty,6.78
P247834,Grocery,51.85
P224319,Beauty,23.81
P225786,Home,108.98
P219682,Electronics,145.71
P249212,Toys,6.68
P206275,Home,182.43
P204817,Home,101.73
P238599,Toys,2.73
P215027,Home,80.89
P230335,Fashion,58.85
P207429,Home,78.19
P218551,Electronics,237.61
P211332,Beauty,21.52
P242245,Toys,10.51
P215077,Beauty,6.6
P217852,Fashion,122.04
P206600,Grocery,46.88
P244397,Grocery,33.31
P241808,Toys,22.84
P220894,Sports,393.76
P232766,Home,16.95
P234221,Fashion,21.75
P208084,Fashion,72.24
P244400,Home,91.17
P237327,Home,11.98
P244881,Home,19.35
P215964,Beauty,33.15
P206085,Home,40.79
P244164,Fashion,84.06
P247157,Beauty,12.76
P217397,Toys,4.78
P240047,Beauty,29.55
P203349,Home,52.54
P247879,Beauty,38.6
P238844,Electronics,877.22
P212157,Home,90.23
P237955,Beauty,16.22
P213885,Toys,11.04
P242386,Beauty,104.0
P207018,Grocery,13.34
P213591,Sports,68.69
P208655,Electronics,745.03
P239659,Toys,5.37
P218655,Sports,13.43
P223497,Home,53.91
P228345,Fashion,29.98
P208785,Electronics,180.12
P211952,Toys,25.9
P234237,Sports,171.79
P230964,Beauty,39.37
P234074,Grocery,14.32
P205332,Grocery,11.12
P226263,Home,91.27
P220367,Toys,7.57
P211918,Sports,11.89
P242008,Electronics,440.22
P218119,Electronics,569.33
P219743,Sports,125.03
P208876,Fashion,65.64
P206327,Electronics,697.22
P247354,Home,169.44
P239709,Sports,61.96
P228006,Grocery,9.19
P233072,Beauty,11.52
P246544,Fashion,30.65
P212417,Home,236.96
P232954,Sports,59.28
P232239,Home,515.76
P239581,Electronics,55.46
P226858,Sports,124.93
P231845,Toys,8.15
P217866,Grocery,9.92
P246311,Electronics,109.11
P242837,Grocery,3.41
P212652,Beauty,12.37
P249088,Sports,124.37
P212755,Grocery,1.82
P242608,Fashion,42.26
P230667,Home,73.94
P247929,Beauty,16.83
P243868,Fashion,13.64
P226807,Grocery,9.83
P215253,Fashion,25.34
P226604,Electronics,71.6
P216655,Fashion,59.5
P210859,Home,331.25
P211663,Electronics,56.74
P240332,Toys,84.07
P201827,Electronics,320.86
P210027,Beauty,63.68
P224333,Toys,25.44
P245916,Sports,70.3
P224256,Grocery,1.3
P248339,Grocery,4.21
P244896,Electronics,55.48
P230517,Beauty,11.91
P236477,Toys,62.41
P216016,Electronics,518.88
P201558,Sports,65.93
P210453,Fashion,20.28
P213835,Sports,72.0
P204693,Beauty,48.7
P248401,Home,54.7
P225190,Electronics,230.91
P221646,Toys,31.37
P245478,Electronics,510.11
P226957,Toys,19.66
P216324,Electronics,476.86
P223684,Home,287.07
P222343,Electronics,331.16
P206198,Beauty,49.59
P249107,Grocery,3.89
P246201,Sports,64.09
P227484,Home,134.67
P227880,Beauty,18.27
P246638,Fashion,6.95
P201899,Fashion,26.69
P215138,Home,12.9
P234802,Fashion,20.59
P213983,Toys,28.81
P229223,Toys,80.82
P249877,Beauty,67.38
P236271,Home,59.07
P244487,Electronics,175.81
P248631,Electronics,771.3
P208031,Grocery,2.08
P228661,Sports,22.34
P211601,Grocery,27.96
P210675,Electronics,54.73
P239307,Toys,35.06
P228099,Fashion,45.72
P229455,Sports,261.95
P229022,Beauty,12.56
P227441,Sports,129.6
P237739,Electronics,127.21
P234722,Sports,94.67
P241073,Beauty,89.69
P206161,Grocery,1.49
P231929,Electronics,672.11
P238229,Toys,13.88
P209677,Toys,18.45
P207980,Sports,69.93
P237006,Sports,439.51
P231374,Beauty,52.54
P246892,Home,41.61
P211875,Fashion,59.57
P222980,Sports,73.43
P218882,Fashion,27.03
P200595,Electronics,248.85
P217323,Beauty,25.18
P221798,Home,220.82
P246146,Home,54.87
P235784,Electronics,312.25
P235637,Home,213.62
P245715,Home,131.6
P225371,Fashion,34.82
P248959,Toys,42.89
P236898,Electronics,105.85
P230588,Home,91.62
P227115,Electronics,358.71
P204353,Fashion,7.13
P204365,Fashion,5.4
P247970,Fashion,55.81
P219502,Electronics,612.34
P223133,Grocery,6.84
P218125,Home,289.29
P202458,Toys,3.74
P207063,Toys,2.08
P211024,Sports,155.7
P247035,Home,25.97
P236214,Home,71.14
P229145,Toys,13.36
P212399,Electronics,121.0
P205085,Grocery,27.27
P223820,Home,99.6
P240521,Toys,7.9
P229780,Beauty,21.72
P244788,Toys,34.17
P222755,Grocery,18.66
P234185,Sports,59.53
P238926,Sports,54.78
P230900,Fashion,9.77
P211771,Toys,11.63
P202385,Grocery,1.39
P200925,Fashion,40.87
P238989,Electronics,987.5
P226997,Grocery,16.8
P229488,Electronics,431.17
P244216,Sports,99.3
P237310,Home,43.1
P227728,Electronics,649.11
P225809,Electronics,66.67
P202596,Home,122.22
P207221,Toys,56.33
P225429,Sports,20.72
P220358,Toys,22.26
P214933,Fashion,80.58
P246654,Fashion,26.84
P234238,Fashion,128.99
P248319,Electronics,310.19
P210653,Electronics,105.47
P209848,Home,126.3
P237409,Toys,2.55
P207176,Sports,54.75
P208379,Grocery,1.59
P245663,Beauty,31.01
P206788,Beauty,7.96
P246682,Sports,94.74
P201340,Beauty,7.54
P241638,Home,53.0
P241809,Electronics,76.84
P234775,Grocery,18.8
P248411,Fashion,11.73
P232088,Fashion,149.21
P245782,Electronics,646.34
P227360,Grocery,46.86
P246661,Beauty,82.5
P206333,Sports,42.4
P240407,Home,130.24
P202569,Beauty,6.61
P227606,Sports,43.7
P211578,Sports,88.07
P248880,Fashion,41.44
P230202,Toys,24.39
P214427,Toys,8.91
P224381,Grocery,18.68
P218469,Grocery,1.29
P219095,Beauty,48.94
P239615,Home,53.54
P205802,Toys,28.84
P249295,Home,148.33
P211841,Electronics,1617.18
P215169,Electronics,169.42
P242029,Home,31.17
P246651,Electronics,716.51
P234953,Toys,17.83
P218921,Grocery,2.42
P247505,Toys,19.9
P231443,Beauty,12.0
P215016,Grocery,1.25
P229012,Home,175.45
P218549,Electronics,116.1
P234528,Toys,45.97
P221251,Toys,20.22
P237860,Fashion,116.64
P206580,Home,803.57
P217015,Toys,5.67
P248201,Toys,19.28
P212383,Electronics,208.96
P215536,Fashion,54.19
P225344,Electronics,1144.9
P248045,Electronics,80.84
P232573,Toys,8.15
P224780,Electronics,84.84
P227088,Grocery,17.39
P237058,Fashion,71.43
P230989,Sports,53.68
P214064,Grocery,7.33
P239474,Home,175.5
P231195,Sports,63.53
P245620,Beauty,13.51
P223992,Home,217.25
P233288,Beauty,9.38
P235509,Electronics,468.48
P213481,Sports,84.14
P236300,Fashion,12.29
P230532,Toys,4.59
P233418,Toys,9.76
P202158,Electronics,226.23
P219035,Electronics,537.88
P243227,Sports,70.78
P246692,Electronics,119.82
P240230,Electronics,128.43
P216502,Electronics,111.77
P205518,Beauty,3.31
P210341,Sports,15.6
P223613,Home,130.93
P200959,Fashion,245.88
P249717,Toys,24.26
P205936,Electronics,440.49
P228678,Beauty,5.3
P213155,Sports,215.54
P223042,Beauty,12.45
P218763,Beauty,12.18
P211642,Sports,71.63
P241404,Toys,26.19
P219923,Home,55.92
P209227,Beauty,6.21
P248231,Sports,260.32
P234054,Home,326.54
P210412,Home,75.44
P231040,Beauty,17.86
P220411,Fashion,7.54
P248842,Sports,62.0
P227530,Fashion,86.45
P213024,Fashion,29.9
P229088,Home,18.68
P249415,Toys,10.54
P222828,Electronics,596.76
P223777,Fashion,24.44
P236967,Toys,8.23
P208412,Home,310.66
P249485,Sports,44.26
P242284,Fashion,18.51
P233203,Sports,98.53
P223261,Grocery,36.95
P200042,Fashion,76.85
P217349,Fashion,61.63
P200215,Beauty,36.29
P202705,Electronics,429.59
P216062,Toys,32.97
P241732,Home,40.61
P229704,Electronics,478.95
P231233,Toys,12.79
P208249,Fashion,84.44
P229656,Home,168.87
P230207,Grocery,7.61
P204743,Sports,30.55
P218227,Sports,81.3
P232068,Grocery,13.16
P213521,Sports,201.57
P207292,Sports,28.12
P207629,Fashion,126.46
P215791,Grocery,10.08
P242080,Sports,129.27
P232246,Beauty,28.89
P215450,Toys,10.24
P239616,Beauty,52.47
P210983,Grocery,1.66
P210230,Fashion,54.67
P230886,Electronics,223.2
P231994,Electronics,430.76
P211710,Grocery,9.06
P244477,Sports,141.19
P231881,Grocery,24.94
P247529,Home,18.83
P204437,Toys,10.18
P244010,Sports,13.92
P203920,Electronics,271.92
P201127,Grocery,6.63
P209182,Beauty,18.83
P237495,Fashion,125.44
P242385,Toys,53.37
P205509,Home,141.57
P226033,Electronics,118.33
P223658,Grocery,13.03
P230487,Home,171.9
P204867,Grocery,10.32
P209063,Grocery,20.43
P230111,Beauty,67.04
P247455,Toys,38.69
P234174,Grocery,26.69
P226937,Home,314.27
P244554,Sports,59.21
P208182,Sports,103.69
P232736,Toys,13.06
P211623,Fashion,19.01
P240256,Beauty,20.66
P201871,Toys,10.26
P217473,Home,11.69
P229808,Toys,6.07
P247004,Beauty,12.31
P227708,Home,217.47
P237307,Electronics,180.03
P232057,Home,448.29
P203315,Sports,61.37
P201393,Home,43.77
P227668,Beauty,5.74
P217104,Electronics,371.81
P204326,Grocery,21.17
P203597,Fashion,9.15
P237727,Toys,6.92
P224020,Grocery,37.35
P221248,Beauty,33.77
P215143,Beauty,96.77
P223057,Beauty,35.85
P208481,Home,36.32
P246297,Sports,178.18
P206243,Electronics,264.02
P215744,Fashion,148.8
P200375,Toys,7.92
P221261,Fashion,56.99
P222548,Fashion,128.31
P246615,Grocery,13.09
P226776,Fashion,51.14
P245356,Beauty,49.2
P214474,Fashion,29.92
P247127,Sports,83.84
P238923,Fashion,39.17
P222662,Sports,149.91
P204892,Beauty,5.73
P235995,Toys,36.03
P217114,Grocery,3.47
P222804,Grocery,67.68
P238960,Fashion,24.17
P241569,Home,102.53
P234326,Home,143.12
P238025,Sports,76.94
P216613,Fashion,42.41
P205524,Electronics,351.45
P241500,Home,282.15
P202874,Fashion,34.32
P206957,Toys,26.36
P219076,Grocery,3.29
P229198,Grocery,2.84
P211261,Home,136.82
P227474,Electronics,235.85
P227983,Sports,170.47
P212711,Fashion,23.24
P239534,Fashion,71.67
P210090,Home,62.31
P204759,Grocery,8.49
P237401,Electronics,255.69
P207361,Fashion,41.4
P202567,Electronics,979.28
P210177,Fashion,36.42
P235917,Fashion,100.79
P224211,Sports,197.01
P246946,Beauty,11.26
P201357,Beauty,12.55
P226150,Home,159.27
P201605,Home,96.43
P245211,Grocery,13.3
P227562,Grocery,47.75
P245665,Fashion,21.5
P246029,Electronics,765.87
P241220,Toys,2.42
P218491,Grocery,28.94
P246124,Electronics,807.35
P214960,Sports,27.7
P212612,Home,57.28
P247473,Grocery,13.84
P217162,Toys,11.44
P227814,Fashion,86.69
P211671,Home,221.43
P201849,Home,35.78
P247901,Electronics,146.52
P240476,Electronics,92.52
P212861,Electronics,51.24
P224218,Beauty,27.2
P201820,Fashion,106.41
P208632,Beauty,7.49
P247388,Grocery,42.58
P200568,Electronics,407.5
P241416,Electronics,117.13
P234675,Fashion,71.13
P209899,Fashion,40.7
P203455,Fashion,39.18
P243852,Sports,99.37
P216964,Toys,3.43
P206862,Beauty,25.74
P204055,Beauty,23.95
P240351,Sports,53.51
P227220,Electronics,80.75
P211876,Sports,66.58
P240186,Fashion,23.41
P203291,Home,83.55
P202943,Beauty,5.18
P248108,Electronics,184.17
P208471,Fashion,141.07
P203503,Grocery,25.79
P232617,Fashion,17.7
P220854,Toys,20.81
P223543,Grocery,5.56
P212984,Home,334.0
P216087,Fashion,6.89
P241037,Home,275.34
P237351,Electronics,306.93
P239478,Home,146.01
P215286,Fashion,52.46
P231277,Electronics,255.84
P221121,Beauty,64.16
P205701,Fashion,103.55
P249443,Fashion,19.05
P200879,Sports,61.6
P201482,Grocery,20.7
P207070,Sports,13.64
P206452,Grocery,4.13
P228020,Electronics,512.53
P205980,Home,38.16
P249466,Home,477.1
P208800,Sports,54.92
P243952,Grocery,3.85
P224953,Home,124.73
P224709,Home,292.65
P203245,Grocery,36.69
P226392,Home,130.6
P237256,Sports,108.52
P231715,Beauty,13.06
P222592,Toys,9.67
P218135,Electronics,122.34
P204961,Home,251.15
P239312,Grocery,3.34
P241249,Electronics,496.59
P225914,Toys,30.53
P214996,Grocery,16.26
P237741,Fashion,13.76
P236357,Home,210.48
P200748,Home,147.04
P249516,Sports,79.1
P220618,Home,110.22
P222297,Toys,12.89
P239577,Electronics,621.82
P235945,Electronics,404.02
P227406,Electronics,258.74
P245926,Fashion,81.38
P217086,Electronics,981.64
P248010,Sports,24.31
P232968,Electronics,870.03
P228374,Toys,64.05
P216195,Fashion,30.87
P236309,Home,16.26
P210201,Home,90.9
P216109,Electronics,312.86
P236927,Sports,31.19
P207080,Fashion,87.79
P228313,Fashion,14.9
P223067,Beauty,26.56
P206653,Grocery,27.79
P226305,Home,85.98
P245094,Electronics,425.91
P216452,Toys,36.32
P211383,Sports,59.41
P246171,Sports,50.27
P224916,Beauty,26.79
P234686,Toys,46.51
P233240,Home,346.14
P243095,Beauty,87.55
P203421,Home,256.06
P215999,Fashion,16.65
P247293,Fashion,14.74
P245922,Toys,2.41
P214471,Grocery,3.04
P248452,Toys,38.26
P234855,Electronics,492.45
P240585,Toys,30.06
P227934,Home,78.56
P220253,Fashion,34.86
P231666,Electronics,194.07
P226019,Electronics,276.14
P241498,Toys,4.47
P230437,Sports,244.48
P219771,Fashion,45.37
P200131,Electronics,680.13
P219299,Home,94.7
P234693,Grocery,7.92
P234769,Fashion,47.16
P204377,Electronics,109.35
P223019,Fashion,64.6
P226903,Electronics,62.39
P211763,Toys,13.85
P205494,Grocery,11.4
P233433,Sports,18.0
P229994,Beauty,17.34
P212758,Fashion,21.37
P201163,Sports,40.61
P223217,Toys,4.11
P214395,Home,31.22
P229090,Home,84.06
P212190,Toys,7.61
P245963,Fashion,101.13
P214212,Sports,127.94
P231970,Sports,123.48
P212948,Sports,89.77
P224295,Grocery,2.39
P205627,Toys,5.65
P233651,Fashion,18.54
P249278,Sports,109.95
P217863,Fashion,58.71
P224894,Sports,160.65
P218872,Fashion,56.39
P245749,Home,24.07
P212406,Toys,2.2
P204873,Electronics,52.28
P215025,Beauty,5.75
P221661,Home,214.19
P238604,Toys,7.09
P235176,Toys,7.5
P202839,Electronics,177.15
P204454,Sports,122.24
P207414,Toys,29.13
P215457,Grocery,4.36
P238862,Sports,93.85
P225654,Electronics,469.85
P228136,Fashion,65.87
P229312,Home,92.31
P203444,Electronics,257.17
P233526,Sports,90.28
P219478,Sports,123.48
P216496,Toys,7.22
P213180,Home,63.55
P230126,Grocery,8.67
P247113,Home,354.35
P245246,Fashion,31.26
P233044,Fashion,23.97
P247596,Home,68.99
P225842,Home,192.84
P223015,Home,38.92
P224395,Beauty,37.54
P227487,Electronics,434.61
P225906,Toys,12.43
P233360,Beauty,33.74
P215552,Grocery,2.59
P203995,Electronics,223.84
P223477,Sports,211.79
P230977,Sports,85.53
P237840,Beauty,13.06
P229926,Beauty,22.03
P212301,Electronics,185.11
P213295,Sports,11.34
P242023,Sports,295.66
P235873,Grocery,4.13
P223274,Electronics,327.49
P244864,Home,50.31
P244265,Electronics,602.84
P238673,Home,168.12
P211087,Fashion,122.63
P228626,Sports,34.94
P228388,Home,231.35
P210107,Home,217.36
P219382,Toys,11.49
P234629,Fashion,13.98
P203792,Toys,14.51
P227439,Home,24.72
P244838,Grocery,7.25
P238632,Sports,176.82
P223375,Home,131.82
P201308,Grocery,16.24
P240899,Beauty,73.91
P240857,Grocery,5.34
P224181,Beauty,22.39
P212697,Beauty,51.95
P242978,Beauty,55.54
P234992,Beauty,7.51
P202858,Home,23.0
P228935,Grocery,7.71
P212455,Fashion,18.0
P237912,Home,334.52
P249854,Grocery,2.22
P210115,Electronics,627.86
P232522,Home,27.12
P230747,Electronics,202.8
P234852,Fashion,11.72
P245427,Electronics,530.49
P246701,Beauty,6.93
P236194,Toys,2.17
P223526,Toys,31.22
P212204,Grocery,22.95
P234489,Home,251.33
P203159,Home,10.58
P216717,Electronics,290.75
P208855,Electronics,185.99
P203454,Fashion,28.69
P244459,Beauty,6.92
P241900,Toys,9.2
P245560,Home,15.45
P244681,Fashion,21.53
P200005,Beauty,6.8
P243226,Beauty,6.0
P236755,Electronics,86.83
P230208,Beauty,5.96
P208704,Fashion,75.9
P233742,Electronics,426.55
P213558,Electronics,82.68
P211008,Sports,299.04
P241936,Grocery,1.08
P212837,Toys,16.64
P244801,Fashion,382.0
P205852,Grocery,3.64
P210134,Beauty,28.02
P208814,Toys,2.26
P212040,Electronics,586.79
P223687,Fashion,31.17
P204529,Beauty,10.31
P236687,Sports,39.46
P201524,Beauty,52.26
P248476,Fashion,81.43
P231497,Sports,60.08
P208819,Fashion,112.17
P230915,Electronics,218.98
P213149,Toys,35.61
P230312,Home,193.22
P215155,Sports,122.34
P233443,Fashion,54.92
P240528,Grocery,14.12
P209785,Grocery,2.58
P220781,Toys,13.19
P211970,Home,210.14
P237761,Toys,6.29
P208807,Fashion,35.35
P230319,Grocery,19.68
P204227,Sports,123.67
P232211,Electronics,271.68
P221673,Sports,39.25
P209136,Fashion,77.98
P204980,Electronics,227.07
P224198,Fashion,32.49
P246344,Toys,35.16
P246362,Home,182.33
P238434,Beauty,18.64
P232599,Toys,11.29
P207371,Fashion,62.33
P202396,Electronics,977.63
P223928,Beauty,7.46
P236941,Toys,47.58
P232126,Sports,115.99
P239727,Fashion,96.95
P231647,Fashion,100.23
P241606,Electronics,318.03
P209545,Home,35.67
P202326,Fashion,15.02
P249610,Fashion,119.21
P248702,Electronics,70.03
P204169,Electronics,405.41
P209010,Home,248.05
P220375,Beauty,29.23
P206808,Toys,6.31
P222571,Electronics,777.16
P207608,Home,81.16
P213408,Sports,91.93
P227369,Grocery,32.82
P248508,Home,250.4
P218284,Fashion,20.96
P242477,Electronics,89.38
P217940,Fashion,58.89
P224673,Toys,35.64
P211053,Toys,15.87
P208659,Fashion,7.41
P209567,Electronics,381.6
P209437,Beauty,53.92
P242780,Sports,30.12
P221670,Beauty,6.71
P218959,Beauty,20.36
P249900,Beauty,23.51
P217219,Home,45.9
P201850,Electronics,418.53
P203649,Home,403.63
P218917,Beauty,23.22
P245308,Home,18.35
P200493,Fashion,27.17
P239701,Fashion,48.33
P212623,Electronics,672.53
P228360,Fashion,18.62
P212207,Electronics,295.44
P204040,Sports,53.18
P234544,Fashion,91.01
P244073,Electronics,678.04
P224490,Sports,76.8
P246432,Home,21.1
P213181,Toys,33.63
P212261,Fashion,55.77
P231435,Sports,21.89
P231568,Sports,53.89
P204770,Grocery,8.06
P209339,Electronics,99.16
P231842,Sports,20.96
P235468,Sports,365.13
P225249,Electronics,178.32
P229890,Fashion,16.89
P205184,Beauty,13.64
P215366,Fashion,71.56
P231962,Electronics,123.09
P209159,Electronics,176.41
P203012,Electronics,844.85
P218736,Fashion,48.76
P235611,Sports,304.36
P232154,Fashion,62.65
P246613,Electronics,123.37
P232349,Home,169.78
P234673,Fashion,91.17
P214741,Electronics,206.59
P223573,Fashion,37.83
P218382,Electronics,450.14
P214366,Fashion,28.49
P207229,Fashion,51.92
P240294,Grocery,16.11
P228240,Home,102.09
P205637,Home,89.24
P246696,Fashion,45.08
P249715,Fashion,28.27
P222540,Sports,75.74
P213497,Sports,199.65
P249885,Toys,5.96
P245203,Home,146.1
P246981,Toys,35.56
P229692,Fashion,63.46
P243675,Grocery,24.71
P201785,Beauty,60.38
P214845,Beauty,24.75
P239848,Sports,362.65
P242765,Home,83.83
P211555,Electronics,709.83
P223819,Toys,21.57
P249063,Grocery,39.19
P227631,Home,59.22
P241175,Toys,27.19
P236713,Sports,46.71
P228902,Fashion,55.24
P238610,Beauty,15.18
P240039,Sports,54.01
P210544,Sports,30.19
P228408,Grocery,2.23
P208173,Toys,37.76
P246992,Fashion,36.77
P238856,Grocery,14.86
P245406,Fashion,36.96
P233570,Beauty,14.49
P205388,Fashion,9.07
P223923,Toys,24.04
P231781,Grocery,10.45
P248973,Toys,3.35
P233669,Toys,21.48
P218172,Toys,76.23
P220984,Electronics,76.76
P231664,Grocery,18.23
P243272,Fashion,63.71
P201699,Beauty,21.07
P211342,Electronics,79.03
P235761,Beauty,7.31
P210734,Beauty,103.51
P201594,Fashion,10.13
P219825,Electronics,54.12
P245819,Toys,32.2
P228248,Fashion,96.32
P247434,Grocery,21.62
P248567,Electronics,417.39
P237696,Sports,278.12
P249651,Electronics,550.93
P209036,Grocery,10.6
P248813,Home,52.21
P242380,Electronics,405.45
P231115,Grocery,26.55
P210139,Home,14.46
P202973,Electronics,261.52
P237813,Fashion,19.13
P217422,Electronics,523.28
P215388,Sports,180.84
P218171,Grocery,27.79
P214495,Sports,46.66
P220968,Electronics,242.64
P222703,Fashion,20.04
P236070,Fashion,91.43
P219193,Toys,7.94
P212727,Sports,34.0
P215415,Electronics,747.05
P249424,Electronics,117.29
P210941,Toys,32.98
P249120,Fashion,21.09
P203651,Electronics,130.41
P219793,Grocery,12.69
P234687,Beauty,3.58
P219316,Toys,99.79
P246554,Sports,113.69
P224427,Fashion,25.01
P240329,Toys,13.93
P209241,Fashion,165.98
P204969,Beauty,20.23
P205889,Fashion,37.57
P240787,Electronics,110.68
P238687,Grocery,6.03
P200279,Home,102.5
P240229,Electronics,204.28
P211065,Toys,39.21
P224367,Home,116.24
P219935,Fashion,24.97
P220562,Home,65.87
P203275,Grocery,28.25
P224658,Grocery,9.39
P245999,Toys,22.15
P221339,Home,247.17
P222846,Home,186.59
P240182,Sports,57.28
P239972,Beauty,70.7
P227915,Toys,10.29
P245170,Sports,39.73
P211344,Toys,11.04
P233493,Home,214.01
P232079,Grocery,8.46
P229558,Home,44.13
P229481,Electronics,70.58
P226777,Fashion,30.01
P220732,Fashion,86.48
P247605,Home,104.13
P223457,Electronics,109.06
P228520,Toys,7.71
P231573,Beauty,51.02
P214467,Home,17.7
P221586,Home,46.79
P244245,Fashion,58.65
P207894,Beauty,3.78
P244781,Home,154.28
P244631,Fashion,81.51
P202672,Electronics,63.0
P219826,Home,74.91
P204158,Home,370.72
P207807,Electronics,1072.32
P226513,Home,18.67
P205797,Fashion,137.74
P248911,Sports,222.86
P207746,Beauty,22.09
P223718,Beauty,55.02
P224316,Grocery,25.47
P234362,Beauty,15.56
P216334,Fashion,17.04
P244257,Electronics,714.33
P209673,Home,239.3
P232721,Sports,236.17
P235950,Electronics,469.84
P248513,Beauty,21.65
P228363,Electronics,464.74
P247068,Fashion,52.18
P217735,Grocery,35.01
P225893,Sports,124.21
P205613,Beauty,42.73
P245239,Grocery,20.71
P201274,Electronics,515.7
P237030,Fashion,11.56
P220118,Home,45.99
P213941,Home,13.75
P244423,Fashion,62.74
P245460,Fashion,37.1
P219782,Electronics,1291.2
P222639,Fashion,20.5
P237655,Electronics,51.55
P222829,Electronics,699.06
P200332,Toys,3.36
P241986,Sports,214.02
P227193,Sports,21.8
P240415,Sports,143.39
P207744,Toys,43.12
P205697,Grocery,3.91
P233720,Electronics,356.68
P203369,Home,80.68
P222826,Home,63.45
P211545,Toys,17.17
P242946,Electronics,167.21
P210183,Electronics,293.62
P219089,Electronics,590.54
P209931,Grocery,14.85
P228835,Toys,10.01
P232871,Sports,124.39
P237459,Toys,5.94
P220599,Grocery,12.62
P249515,Home,109.47
P209761,Beauty,27.64
P205304,Electronics,289.27
P247633,Electronics,425.26
P228806,Electronics,391.45
P200594,Home,161.36
P217829,Beauty,68.42
P220006,Fashion,21.6
P233533,Home,222.71
P221015,Fashion,11.4
P239608,Electronics,183.42
P209872,Toys,14.7
P237618,Home,59.78
P226691,Toys,22.41
P206353,Sports,101.5
P246379,Electronics,122.93
P210363,Sports,99.37
P219227,Toys,25.76
P229092,Home,172.84
P242878,Fashion,101.66
P249963,Sports,254.87
P249008,Sports,28.01
P228918,Toys,42.01
P241729,Beauty,8.44
P232034,Electronics,834.04
P225203,Electronics,342.61
P227935,Home,206.0
P230425,Toys,13.56
P234942,Sports,105.72
P230224,Grocery,3.98
P205423,Grocery,29.76
P226833,Fashion,49.83
P246268,Home,31.93
P208825,Grocery,2.87
P224372,Beauty,35.41
P237920,Toys,20.64
P249652,Home,40.56
P201563,Sports,102.75
P220459,Home,69.16
P226174,Home,429.39
P224070,Beauty,5.44
P218542,Electronics,93.79
P242877,Fashion,11.86
P223377,Home,102.42
P241892,Home,195.51
P223902,Beauty,11.85
P240427,Home,453.11
P215464,Beauty,19.96
P202766,Grocery,7.6
P231984,Home,344.07
P200666,Electronics,60.04
P241587,Beauty,18.55
P236044,Home,30.98
P226360,Beauty,13.65
P233901,Fashion,35.46
P237342,Fashion,11.96
P207556,Home,61.59
P235179,Beauty,5.52
P233076,Electronics,134.24
P243267,Fashion,33.35
P216094,Home,15.75
P222794,Sports,183.69
P202000,Home,14.43
P208858,Beauty,23.82
P234452,Fashion,87.72
P238385,Home,160.76
P206782,Beauty,8.79
P235844,Grocery,3.92
P204383,Toys,45.89
P222170,Grocery,12.07
P203751,Grocery,24.77
P231825,Beauty,12.1
P245830,Toys,43.79
P207785,Fashion,26.17
P211399,Electronics,225.55
P227359,Electronics,267.93
P224689,Electronics,301.49
P214492,Grocery,4.24
P221899,Fashion,126.83
P217396,Home,159.68
P228259,Electronics,392.18
P240302,Fashion,60.5
P202668,Fashion,11.35
P222917,Electronics,184.79
P232284,Toys,11.2
P245050,Beauty,32.92
P226003,Home,117.04
P236009,Fashion,30.1
P215433,Electronics,313.09
P244545,Fashion,32.03
P212946,Sports,52.42
P209103,Fashion,39.71
P226043,Home,60.2
P200440,Grocery,2.4
P202111,Sports,109.23
P236868,Home,126.87
P245672,Fashion,5.08
P221650,Toys,32.57
P204460,Toys,42.87
P229296,Grocery,18.59
P208714,Home,151.39
P225281,Electronics,1131.63
P200249,Beauty,7.42
P215189,Grocery,17.74
P206591,Fashion,12.44
P243090,Home,20.57
P207708,Fashion,14.01
P244438,Fashion,17.22
P206482,Electronics,315.74
P225679,Sports,58.35
P244953,Beauty,7.23
P228793,Sports,23.91
P233672,Electronics,118.56
P248589,Beauty,21.69
P205143,Toys,5.25
P247814,Home,370.59
P202347,Sports,50.42
P247539,Fashion,26.62
P214720,Grocery,16.42
P225430,Fashion,25.62
P213683,Toys,39.41
P241198,Fashion,32.85
P206535,Grocery,2.27
P206156,Toys,18.26
P237404,Toys,76.28
P200107,Electronics,737.07
P227485,Sports,293.48
P232028,Beauty,19.17
P202818,Beauty,46.43
P217737,Electronics,614.29
P206993,Beauty,82.3
P215899,Toys,10.86
P207628,Sports,38.74
P214851,Grocery,11.65
P230901,Fashion,64.27
P248200,Grocery,15.32
P200602,Grocery,50.28
P248437,Home,261.92
P215034,Toys,13.19
P230613,Home,12.15
P240609,Fashion,30.04
P210824,Fashion,31.0
P205856,Grocery,28.74
P212159,Fashion,227.09
P223479,Fashion,11.93
P222937,Electronics,188.24
P231636,Grocery,17.89
P218773,Home,70.54
P218214,Beauty,21.26
P227990,Beauty,14.64
P221213,Fashion,19.85
P240822,Home,125.68
P241555,Grocery,17.03
P215856,Home,515.18
P212381,Electronics,191.37
P220151,Fashion,7.83
P242627,Sports,222.61
P245395,Fashion,34.17
P202855,Fashion,19.62
P206503,Fashion,30.97
P218543,Grocery,15.78
P237166,Sports,91.09
P214129,Grocery,7.82
P220530,Toys,3.71
P218291,Toys,6.05
P213592,Sports,27.03
P233904,Grocery,5.28
P220515,Home,205.05
P200622,Home,58.47
P207245,Beauty,5.11
P237736,Fashion,129.75
P238191,Toys,11.18
P218446,Fashion,6.43
P234456,Fashion,217.7
P224122,Electronics,939.07
P241162,Grocery,2.71
P248678,Sports,28.26
P230997,Fashion,108.92
P201124,Home,179.93
P221672,Sports,214.53
P206490,Grocery,10.9
P241746,Home,113.85
P209167,Beauty,40.43
P204929,Grocery,12.2
P240683,Grocery,32.65
P228453,Toys,9.74
P245227,Sports,88.05
P224108,Sports,13.19
P213742,Home,68.84
P201232,Sports,386.05
P211979,Home,60.21
P224311,Home,70.61
P232091,Grocery,32.8
P222408,Sports,216.88
P241311,Home,162.11
P209953,Home,11.35
P219279,Toys,2.07
P207424,Electronics,132.75
P206362,Grocery,2.08
P215839,Fashion,134.98
P232557,Toys,83.59
P200069,Sports,49.89
P225153,Electronics,444.09
P207169,Home,211.59
P204084,Toys,9.01
P213068,Fashion,48.02
P227026,Sports,30.14
P208320,Home,70.67
P201506,Electronics,452.89
P234416,Beauty,42.32
P214111,Home,251.28
P218932,Toys,14.04
P232775,Home,76.57
P216603,Beauty,16.37
P208916,Beauty,24.1
P246757,Sports,121.43
P206917,Fashion,8.75
P202049,Toys,22.35
P236553,Fashion,40.3
P207657,Home,15.1
P241730,Electronics,69.97
P220679,Sports,53.21
P220505,Toys,9.43
P232093,Home,100.69
P213642,Fashion,78.78
P249661,Electronics,466.28
P218379,Sports,13.61
P219485,Electronics,408.91
P217306,Toys,11.26
P242751,Toys,21.52
P226131,Grocery,3.16
P208212,Beauty,7.64
P217448,Fashion,10.89
P222395,Home,39.51
P246577,Fashion,11.36
P218283,Electronics,748.09
P236311,Home,210.73
P246387,Fashion,26.95
P227082,Beauty,22.24
P227691,Electronics,484.02
P200040,Sports,64.15
P239749,Beauty,13.41
P249414,Electronics,659.86
P246373,Grocery,6.33
P240913,Sports,73.47
P241992,Fashion,10.63
P234587,Toys,16.03
P215358,Grocery,13.25
P249279,Beauty,15.14
P231363,Grocery,8.32
P224321,Electronics,614.09
P202806,Fashion,96.45
P235047,Sports,29.17
P223460,Fashion,49.19
P238455,Beauty,13.94
P245143,Toys,4.06
P230259,Beauty,57.47
P210440,Fashion,43.23
P248515,Electronics,286.88
P243368,Toys,17.39
P249131,Beauty,24.6
P202179,Home,280.2
P241136,Fashion,150.12
P235891,Home,137.18
P205665,Beauty,14.55
P240981,Electronics,285.19
P249804,Home,169.8
P203390,Fashion,42.03
P225637,Beauty,25.88
P209064,Fashion,112.99
P225207,Beauty,42.84
P234631,Beauty,69.46
P233489,Toys,33.09
P211528,Electronics,371.77
P240621,Home,157.49
P206905,Sports,61.33
P225572,Electronics,348.98
P222866,Electronics,66.93
P221953,Sports,26.52
P234149,Fashion,72.98
P212616,Home,186.43
P248541,Toys,32.84
P218288,Home,48.02
P244626,Home,265.59
P212225,Home,183.02
P229147,Sports,359.14
P201752,Toys,5.2
P226313,Electronics,807.63
P233305,Electronics,151.73
P231972,Fashion,77.35
P238984,Beauty,30.12
P203370,Sports,78.2
P235798,Sports,72.38
P246077,Home,62.17
P232705,Sports,32.85
P218878,Sports,219.05
P204043,Sports,285.23
P213586,Grocery,23.5
P232630,Toys,66.14
P249736,Beauty,18.43
P247530,Sports,14.5
P240296,Toys,5.88
P202030,Toys,25.13
P215669,Sports,44.51
P216977,Fashion,36.17
P242636,Home,110.81
P206599,Electronics,154.68
P232879,Sports,66.92
P228310,Grocery,28.42
P237238,Electronics,138.39
P213626,Fashion,8.18
P239489,Fashion,6.78
P203970,Fashion,81.1
P249513,Grocery,3.79
P205078,Sports,23.33
P214006,Beauty,11.8
P221279,Fashion,48.67
P247499,Fashion,38.43
P213624,Fashion,81.29
P213715,Electronics,173.18
P247480,Electronics,196.8
P247328,Grocery,2.51
P225888,Grocery,7.71
P246563,Home,164.79
P219993,Home,34.03
P241763,Beauty,40.7
P237472,Grocery,3.7
P232393,Toys,38.84
P243800,Home,38.2
P219029,Electronics,69.42
P219898,Home,135.82
P215191,Home,57.3
P221384,Sports,65.91
P232531,Electronics,90.43
P231493,Grocery,49.94
P239665,Toys,7.51
P209806,Fashion,6.59
P241782,Electronics,108.17
P209519,Fashion,52.78
P216901,Electronics,540.47
P224726,Fashion,155.1
P248898,Fashion,88.03
P237917,Toys,28.43
P218897,Fashion,12.3
P206608,Beauty,8.72
P243244,Electronics,121.81
P218089,Fashion,20.14
P242132,Electronics,645.35
P231235,Electronics,197.92
P220399,Fashion,32.12
P247639,Sports,92.79
P225010,Home,30.26
P202658,Home,70.31
P235091,Home,31.82
P235663,Grocery,6.92
P201531,Sports,123.8
P230406,Home,96.46
P231623,Fashion,10.96
P233549,Electronics,471.87
P234193,Grocery,10.83
P202551,Electronics,217.66
P245381,Home,76.67
P233324,Sports,12.4
P222902,Fashion,34.12
P236919,Electronics,54.2
P206093,Electronics,155.66
P248353,Electronics,78.51
P228691,Grocery,1.62
P205016,Beauty,25.02
P239277,Electronics,301.49
P235728,Sports,112.54
P221327,Beauty,12.65
P225828,Toys,14.03
P217690,Grocery,32.81
P226093,Sports,87.17
P232054,Beauty,109.29
P242804,Beauty,14.83
P207442,Fashion,8.47
P243628,Electronics,403.43
P221132,Toys,6.17
P249015,Home,46.48
P207624,Grocery,39.07
P218163,Fashion,9.13
P213184,Electronics,913.22
P216969,Beauty,22.6
P231973,Beauty,19.65
P222091,Electronics,64.98
P212982,Sports,52.57
P239697,Toys,56.56
P206420,Fashion,75.03
P204031,Grocery,8.63
P240210,Home,87.97
P239128,Electronics,393.63
P226813,Home,95.45
P237607,Fashion,83.7
P207351,Home,105.23
P202100,Home,129.67
P209441,Sports,261.91
P231281,Sports,154.47
P208439,Toys,15.89
P224027,Fashion,5.31
P228960,Home,106.34
P240552,Home,91.0
P209539,Toys,28.48
P249284,Fashion,56.85
P211815,Electronics,211.72
P243904,Grocery,33.63
P222434,Fashion,27.62
P237845,Home,116.52
P238108,Home,90.47
P245666,Toys,80.73
P213371,Grocery,12.42
P214976,Fashion,30.72
P249283,Fashion,50.83
P212680,Fashion,6.7
P245868,Home,319.3
P229252,Toys,5.62
P206157,Fashion,43.2
P216045,Sports,333.77
P222997,Toys,3.26
P229016,Toys,6.56
P249955,Home,259.2
P244227,Fashion,34.76
P231263,Toys,21.69
P245993,Toys,8.11
P236401,Home,127.42
P230264,Beauty,16.9
P232742,Grocery,16.06
P202676,Electronics,354.47
P201215,Beauty,6.52
P218861,Beauty,8.18
P202264,Fashion,26.8
P231740,Home,51.96
P200600,Home,175.72
P237223,Home,152.94
P222325,Fashion,18.05
P209524,Toys,21.46
P212708,Fashion,5.51
P231300,Electronics,1164.0
P217165,Electronics,461.12
P201434,Grocery,4.59
P237106,Grocery,31.07
P214965,Home,48.75
P202702,Toys,38.18
P216189,Fashion,62.24
P201977,Sports,179.99
P246605,Home,44.97
P211469,Home,145.87
P206077,Electronics,836.23
P243435,Toys,3.19
P234407,Fashion,62.93
P208446,Electronics,906.18
P237584,Fashion,47.9
P219021,Home,120.48
P200799,Home,650.13
P239410,Sports,598.99
P216620,Grocery,17.91
P234972,Toys,4.02
P231017,Home,56.41
P239027,Sports,127.63
P241098,Fashion,16.07
P218096,Fashion,42.91
P225526,Fashion,25.42
P220808,Beauty,3.95
P219756,Fashion,5.82
P242843,Electronics,357.57
P210508,Fashion,8.57
P230366,Home,72.91
P219592,Electronics,540.36
P245824,Grocery,10.6
P219893,Beauty,3.39
P216159,Fashion,130.87
P220861,Electronics,404.54
P213556,Home,29.53
P218097,Grocery,5.47
P227837,Electronics,213.67
P239446,Beauty,34.59
P237694,Fashion,17.18
P216813,Sports,50.78
P210820,Home,99.87
P216005,Toys,14.57
P221042,Home,129.39
P221546,Electronics,221.64
P248609,Beauty,11.23
P204632,Electronics,329.9
P243905,Grocery,11.41
P219047,Grocery,10.24
P241895,Home,44.08
P210534,Sports,26.67
P200816,Toys,12.73
P236634,Fashion,102.3
P245935,Home,12.55
P210506,Home,93.73
P202446,Electronics,465.7
P201720,Home,114.81
P226479,Fashion,24.37
P200223,Beauty,30.68
P233702,Sports,53.56
P232967,Home,73.02
P248130,Fashion,6.04
P249156,Beauty,22.54
P249042,Sports,64.41
P203019,Grocery,12.32
P218748,Toys,20.76
P237594,Sports,93.05
P203249,Electronics,629.73
P229108,Toys,101.78
P230356,Fashion,134.68
P244661,Fashion,35.1
P225058,Sports,101.55
P219423,Grocery,14.38
P220794,Grocery,4.41
P227744,Electronics,1009.72
P229118,Fashion,276.99
P245334,Toys,10.6
P210905,Beauty,10.4
P245661,Fashion,13.58
P226583,Grocery,1.84
P245156,Home,245.35
P206230,Fashion,14.1
P232649,Toys,16.73
P241429,Sports,72.46
P236045,Sports,74.07
P201624,Sports,117.31
P240071,Electronics,175.62
P210196,Electronics,53.5
P239288,Sports,38.16
P202475,Fashion,13.08
P235535,Electronics,251.72
P237848,Fashion,51.08
P244998,Fashion,148.69
P221106,Grocery,23.15
P228489,Beauty,13.32
P208207,Sports,153.79
P237379,Grocery,24.11
P219166,Electronics,203.77
P206163,Beauty,10.05
P208470,Home,180.79
P243902,Grocery,17.01
P222050,Fashion,58.1
P223305,Electronics,369.87
P214327,Sports,84.61
P236376,Fashion,12.07
P213197,Electronics,223.11
P224491,Home,92.37
P235445,Fashion,79.8
P200293,Electronics,107.21
P212454,Fashion,26.93
P237945,Beauty,9.81
P243457,Beauty,9.65
P249368,Fashion,83.25
P245572,Beauty,6.8
P243271,Grocery,9.74
P222334,Sports,16.69
P238116,Beauty,7.22
P205571,Toys,5.0
P239842,Fashion,13.66
P212831,Sports,52.42
P232746,Toys,5.38
P215200,Electronics,100.81
P224949,Sports,83.09
P216348,Sports,127.13
P216495,Beauty,12.76
P210732,Home,185.89
P235237,Sports,229.84
P221677,Toys,5.85
P248382,Home,20.26
P223965,Home,91.91
P211345,Toys,12.94
P238842,Fashion,19.1
P202572,Beauty,8.33
P222292,Beauty,4.61
P234129,Electronics,144.66
P226828,Beauty,109.95
P230182,Sports,59.45
P201957,Toys,26.04
P225793,Sports,35.41
P213331,Home,112.88
P247783,Fashion,51.87
P231913,Home,84.44
P233239,Home,116.48
P235948,Sports,382.63
P210552,Electronics,198.1
P216482,Beauty,9.38
P202157,Home,32.31
P237347,Electronics,247.71
P241465,Home,42.61
P216916,Home,286.6
P215719,Beauty,6.6
P235125,Fashion,51.32
P243307,Toys,12.64
P212628,Home,60.17
P202601,Grocery,3.73
P215639,Toys,31.72
P235833,Toys,12.72
P207866,Home,13.8
P205570,Beauty,18.01
P218569,Fashion,110.63
P243538,Electronics,184.33
P207505,Electronics,994.03
P201179,Toys,31.19
P242292,Toys,10.92
P219128,Toys,4.43
P238888,Grocery,5.37
P205798,Home,111.21
P215695,Toys,7.36
P205380,Fashion,13.74
P218193,Toys,11.25
P225475,Electronics,860.87
P241707,Electronics,163.15
P232475,Fashion,126.52
P243402,Beauty,22.7
P249070,Home,53.31
P229008,Sports,194.89
P242721,Toys,12.04
P212566,Sports,22.13
P221533,Home,21.43
P217322,Beauty,98.2
P221634,Fashion,120.7
P245579,Grocery,13.79
P237323,Electronics,455.48
P239306,Electronics,138.17
P239324,Fashion,12.65
P221652,Sports,88.73
P222636,Electronics,791.98
P230955,Grocery,24.51
P205105,Home,47.53
P226448,Toys,8.04
P222528,Electronics,197.88
P202191,Grocery,9.52
P224216,Home,93.71
P245342,Beauty,44.53
P243497,Electronics,532.93
P242625,Sports,67.78
P238458,Home,59.42
P221208,Fashion,11.93
P219395,Home,278.32
P240387,Fashion,111.72
P224819,Sports,16.79
P241099,Beauty,36.83
P235216,Home,293.51
P245219,Sports,65.09
P216487,Sports,45.16
P236815,Beauty,22.17
P200062,Electronics,767.05
P228445,Home,90.72
P219949,Grocery,26.92
P220030,Fashion,28.63
P214291,Home,555.72
P216513,Home,134.4
P215825,Fashion,61.36
P234748,Beauty,21.8
P238293,Electronics,1060.47
P201819,Fashion,33.21
P211480,Grocery,5.75
P237551,Sports,83.24
P218140,Grocery,5.11
P243088,Home,325.77
P219580,Electronics,212.41
P226793,Fashion,93.34
P236421,Fashion,10.35
P248717,Sports,33.96
P213147,Home,48.19
P204259,Fashion,53.02
P228826,Sports,96.1
P206337,Toys,10.23
P213787,Home,11.77
P247788,Fashion,76.65
P231544,Sports,27.62
P243028,Fashion,113.54
P225598,Home,91.7
P241088,Sports,16.24
P226108,Grocery,1.44
P216727,Electronics,235.13
P209616,Fashion,41.74
P233371,Home,29.27
P237596,Fashion,76.3
P222316,Grocery,1.32
P206583,Fashion,7.47
P202148,Sports,19.93
P205188,Fashion,7.31
P200385,Sports,146.69
P215811,Toys,41.78
P204233,Grocery,33.51
P228919,Electronics,577.09
P201735,Grocery,9.08
P237590,Home,105.07
P233946,Sports,18.36
P233647,Beauty,3.07
P238065,Beauty,3.66
P203657,Sports,236.58
P235863,Toys,2.38
P217990,Toys,47.65
P227427,Grocery,7.19
P210249,Toys,37.14
P223594,Electronics,232.55
P219506,Home,42.17
P202894,Fashion,147.7
P227939,Fashion,105.72
P247563,Fashion,24.02
P231928,Beauty,8.29
P219059,Grocery,3.73
P218323,Home,134.01
P229149,Beauty,22.55
P249165,Toys,9.85
P227189,Home,110.47
P214640,Beauty,11.49
P240477,Beauty,4.18
P235714,Home,12.49
P220890,Home,385.04
P220462,Toys,42.71
P235431,Fashion,32.51
P234650,Electronics,558.8
P212462,Electronics,352.84
P221101,Electronics,241.81
P245196,Grocery,7.57
P205600,Fashion,9.3
P200381,Home,23.74
P211784,Fashion,81.2
P215024,Home,122.99
P209625,Grocery,48.9
P236649,Fashion,153.7
P240876,Fashion,15.4
P228017,Home,264.72
P212436,Sports,28.57
P243164,Home,89.13
P218583,Sports,79.85
P219916,Electronics,389.18
P229047,Sports,45.53
P235497,Beauty,22.25
P208038,Electronics,361.18
P203910,Home,350.18
P236568,Electronics,266.8
P208162,Sports,94.38
P211262,Toys,17.98
P232298,Electronics,309.62
P235591,Home,71.96
P234260,Fashion,160.55
P230270,Home,134.98
P243269,Fashion,5.32
P223801,Sports,144.9
P213363,Home,92.67
P212052,Fashion,38.52
P227789,Fashion,99.45
P208172,Beauty,13.68
P239225,Sports,12.82
P236064,Beauty,21.04
P239991,Fashion,51.51
P231472,Beauty,5.61
P231726,Beauty,17.32
P228131,Sports,41.52
P238328,Sports,191.11
P217358,Electronics,288.57
P206224,Home,112.09
P239886,Toys,42.43
P208184,Grocery,16.44
P237573,Beauty,3.96
P215308,Electronics,104.0
P205133,Sports,147.85
P212848,Toys,7.81
P231876,Toys,2.66
P208773,Beauty,6.52
P216243,Toys,11.8
P206262,Sports,51.2
P207818,Fashion,101.98
P216114,Home,57.49
P215028,Grocery,8.06
P219941,Toys,12.33
P235150,Fashion,49.92
P218267,Grocery,3.73
P210103,Home,250.84
P206031,Home,168.59
P210147,Grocery,30.72
P237251,Grocery,15.4
P234136,Fashion,36.01
P202266,Beauty,32.86
P217035,Grocery,1.09
P234878,Home,61.44
P214775,Home,207.4
P202755,Electronics,573.37
P230459,Grocery,3.77
P217561,Fashion,131.7
P215381,Home,41.17
P218940,Fashion,74.33
P207596,Beauty,55.35
P218468,Beauty,28.74
P218769,Electronics,496.69
P242254,Fashion,48.47
P215102,Sports,63.55
P230275,Electronics,139.95
P221965,Fashion,17.98
P240634,Beauty,31.8
P206550,Beauty,4.44
P218487,Beauty,39.02
P231194,Home,188.82
P222300,Home,200.82
P233004,Sports,15.04
P200306,Electronics,487.87
P212720,Fashion,7.56
P241973,Grocery,24.26
P249832,Home,66.43
P200414,Beauty,24.39
P215145,Home,34.45
P204985,Home,44.12
P207650,Electronics,218.58
P221754,Beauty,3.0
P212964,Fashion,22.81
P243407,Home,740.43
P231572,Beauty,35.65
P222905,Beauty,20.17
P227767,Fashion,11.7
P221841,Sports,69.79
P243895,Grocery,34.05
P240096,Beauty,19.59
P227752,Sports,88.11
P223012,Electronics,1028.78
P215051,Fashion,101.86
P227175,Toys,13.1
P244678,Beauty,19.17
P201537,Fashion,44.73
P235936,Sports,49.26
P205687,Electronics,224.05
P216352,Sports,83.27
P240571,Electronics,351.3
P209479,Fashion,5.33
P229523,Grocery,12.85
P226814,Fashion,41.65
P210065,Sports,81.06
P234518,Fashion,50.49
P210438,Sports,14.64
P222871,Sports,25.85
P237080,Toys,7.34
P219661,Home,510.48
P200173,Grocery,61.77
P244354,Electronics,370.75
P215913,Electronics,110.98
P211080,Grocery,11.57
P235014,Fashion,74.17
P234467,Fashion,113.88
P214963,Electronics,115.35
P219475,Toys,29.11
P220168,Electronics,274.04
P239165,Electronics,322.65
P248876,Sports,151.16
P209942,Sports,172.76
P233660,Grocery,16.1
P208406,Home,287.39
P213171,Fashion,55.93
P223129,Home,272.57
P230303,Electronics,134.02
P221723,Grocery,23.25
P216989,Fashion,40.63
P229400,Electronics,92.72
P239811,Beauty,8.27
P217867,Electronics,260.96
P223697,Fashion,18.18
P209688,Grocery,8.57
P212974,Electronics,579.34
P243186,Toys,8.88
P242576,Toys,12.73
P221186,Home,380.78
P240847,Sports,251.73
P209034,Sports,22.8
P236417,Electronics,306.5
P215116,Toys,6.44
P201804,Fashion,96.68
P212611,Home,266.95
P200654,Home,47.22
P208336,Fashion,45.17
P213229,Sports,85.91
P204290,Grocery,10.0
P228122,Sports,14.1
P246667,Sports,75.5
P223720,Electronics,96.93
P242096,Toys,6.15
P202523,Home,59.26
P234428,Toys,8.95
P207630,Beauty,29.26
P204512,Home,145.24
P208329,Electronics,542.2
P211048,Beauty,9.73
P240103,Grocery,30.22
P214071,Grocery,9.7
P217117,Toys,11.74
P218901,Home,12.62
P236095,Electronics,355.22
P232423,Electronics,670.97
P206124,Beauty,53.99
P213431,Home,314.69
P231064,Fashion,13.26
P246995,Sports,49.68
P228344,Electronics,823.33
P216491,Fashion,58.33
P239588,Fashion,172.66
P221477,Home,40.48
P246381,Beauty,47.9
P207802,Fashion,30.97
P228107,Fashion,34.26
P213465,Toys,47.47
P205920,Home,122.29
P241568,Toys,59.07
P215125,Electronics,271.17
P214077,Home,13.03
P240464,Home,44.98
P213845,Beauty,7.42
P224861,Sports,48.5
P210662,Electronics,1035.6
P217401,Grocery,4.06
P203490,Sports,86.38
P202814,Fashion,59.5
P242949,Home,124.01
P237682,Beauty,5.94
P213653,Fashion,51.54
P244410,Home,190.09
P227318,Beauty,8.81
P228616,Fashion,25.25
P217697,Electronics,1208.01
P212541,Toys,7.38
P217354,Fashion,12.47
P249057,Fashion,33.15
P242439,Electronics,258.97
P207264,Electronics,863.71
P236016,Grocery,32.29
P204706,Grocery,7.89
P229592,Electronics,67.24
P230574,Beauty,17.84
P204035,Fashion,5.02
P209917,Fashion,68.32
P229456,Electronics,54.24
P231561,Grocery,2.85
P203968,Electronics,140.08
P211281,Beauty,3.41
P237822,Sports,34.06
P227004,Grocery,2.77
P223671,Fashion,103.93
P237631,Grocery,1.81
P214431,Electronics,536.04
P244853,Sports,68.13
P218528,Home,96.98
P226069,Home,83.6
P233472,Home,160.16
P244834,Toys,34.39
P222864,Home,131.84
P208960,Electronics,232.24
P247642,Toys,14.49
P208451,Sports,75.27
P239503,Grocery,4.83
P226163,Home,75.54
P231741,Beauty,51.05
P224659,Home,58.38
P220889,Home,351.32
P205275,Sports,11.34
P222855,Grocery,2.81
P247041,Electronics,58.92
P218777,Fashion,11.54
P222624,Toys,18.79
P200895,Toys,37.73
P211041,Sports,19.75
P210617,Electronics,524.18
P201110,Sports,12.78
P209350,Toys,12.73
P201840,Fashion,71.54
P243870,Sports,226.45
P233510,Grocery,12.33
P220189,Grocery,1.57
P225616,Electronics,142.74
P214295,Beauty,39.09
P242615,Home,73.18
P247036,Home,190.91
P247789,Home,84.11
P217951,Fashion,77.55
P218194,Electronics,152.38
P240642,Home,427.6
P243976,Electronics,502.45
P214868,Sports,17.58
P215597,Home,29.32
P223664,Sports,101.27
P247765,Home,65.85
P230927,Beauty,27.11
P243530,Toys,20.92
P238157,Toys,5.31
P226704,Electronics,907.38
P237272,Fashion,10.36
P231401,Beauty,6.55
P200085,Grocery,4.95
P242756,Toys,24.49
P215075,Toys,9.12
P230395,Sports,61.57
P218892,Electronics,186.31
P215711,Electronics,55.99
P228464,Grocery,5.47
P222216,Home,67.37
P213442,Toys,11.61
P237034,Beauty,63.24
P242313,Beauty,6.36
P233959,Sports,128.52
P226492,Electronics,233.12
P209439,Electronics,517.36
P205921,Electronics,56.05
P229208,Sports,49.26
P219895,Grocery,6.48
P229215,Sports,19.79
P238509,Fashion,5.53
P232356,Beauty,34.1
P213461,Beauty,55.51
P240792,Toys,9.32
P222883,Sports,533.85
P245800,Home,52.64
P230671,Toys,35.51
P237396,Fashion,36.97
P203483,Electronics,294.67
P210130,Fashion,40.7
P239126,Home,115.13
P242471,Beauty,43.29
P207219,Home,65.94
P218105,Electronics,203.83
P227995,Sports,89.92
P202825,Electronics,665.37
P243694,Sports,183.96
P241481,Electronics,111.57
P216788,Grocery,8.89
P213077,Electronics,149.31
P231013,Electronics,265.27
P206158,Fashion,5.62
P220805,Electronics,155.29
P232925,Grocery,1.38
P222295,Home,224.79
P225881,Home,294.45
P243154,Beauty,54.39
P216887,Grocery,4.67
P204491,Grocery,59.12
P238728,Home,127.08
P234567,Grocery,45.05
P239137,Beauty,5.72
P238360,Grocery,7.83
P226610,Fashion,41.74
P236981,Toys,31.71
P205298,Electronics,688.13
P218406,Fashion,154.15
P234716,Beauty,59.42
P222989,Grocery,14.2
P245731,Electronics,443.6
P212005,Fashion,40.87
P206861,Fashion,76.96
P240635,Beauty,36.36
P215630,Fashion,38.09
P204484,Fashion,118.18
P223194,Home,59.06
P208537,Grocery,1.54
P223655,Fashion,119.87
P226274,Electronics,323.35
P206892,Toys,12.37
P242081,Toys,43.01
P231340,Grocery,3.96
P243404,Fashion,15.06
P209348,Fashion,23.7
P211224,Toys,4.6
P201307,Electronics,248.34
P215636,Electronics,499.33
P212426,Sports,177.32
P215580,Grocery,21.76
P245124,Sports,400.86
P202852,Fashion,19.76
P236212,Electronics,74.56
P247404,Electronics,1124.29
P226247,Electronics,123.42
P217779,Beauty,22.23
P225590,Fashion,30.91
P247502,Electronics,236.24
P217140,Electronics,541.07
P226607,Grocery,20.52
P219004,Fashion,27.48
P246724,Toys,30.5
P247001,Grocery,10.71
P215078,Home,46.33
P232802,Beauty,23.89
P240201,Toys,45.97
P246031,Beauty,26.96
P216404,Electronics,629.35
P246219,Fashion,42.5
P249608,Fashion,48.07
P240668,Home,94.3
P237246,Fashion,7.9
P243542,Toys,13.33
P239895,Beauty,9.41
P239957,Sports,86.64
P240862,Electronics,572.05
P226441,Sports,73.37
P241006,Grocery,39.03
P230079,Fashion,25.06
P240417,Grocery,9.09
P221551,Grocery,20.37
P205079,Grocery,3.4
P230715,Sports,81.97
P220148,Electronics,101.43
P244342,Beauty,57.18
P245232,Grocery,16.76
P230441,Beauty,26.0
P215548,Electronics,494.49
P239995,Grocery,16.76
P236059,Toys,20.06
P208779,Electronics,87.02
P219900,Fashion,41.28
P246587,Electronics,612.62
P247715,Sports,143.28
P212871,Sports,31.98
P219419,Toys,17.52
P243377,Grocery,3.8
P207516,Sports,24.96
P210311,Electronics,1373.39
P204955,Home,44.64
P243360,Home,82.28
P200152,Grocery,12.82
P214541,Home,84.14
P206239,Home,23.16
P211734,Grocery,2.91
P200018,Home,124.3
P242396,Sports,35.1
P210646,Beauty,18.57
P221905,Grocery,13.44
P216484,Toys,30.4
P206029,Electronics,804.66
P212653,Sports,176.68
P246240,Grocery,20.48
P201955,Sports,268.07
P240311,Sports,120.2
P217294,Toys,19.32
P245601,Electronics,574.37
P224377,Toys,5.72
P222526,Toys,8.06
P239373,Electronics,343.19
P232461,Sports,97.19
P249756,Grocery,11.49
P218754,Fashion,12.72
P230808,Sports,71.22
P213221,Grocery,5.01
P216586,Electronics,1647.8
P233010,Fashion,22.16
P203740,Fashion,123.34
P219105,Home,26.67
P208851,Toys,9.48
P241672,Electronics,384.74
P244855,Beauty,5.44
P209366,Electronics,211.57
P224822,Sports,80.39
P228519,Electronics,392.38
P202575,Sports,43.17
P201082,Electronics,53.21
P208735,Electronics,77.24
P211255,Home,78.26
P221474,Electronics,1186.58
P230651,Home,177.49
P234918,Beauty,27.95
P206103,Toys,4.04
P236743,Fashion,15.18
P224029,Fashion,80.66
P204191,Home,25.43
P202293,Fashion,24.65
P220593,Fashion,19.6
P237193,Grocery,1.11
P217624,Electronics,389.61
P215848,Grocery,1.56
P215759,Grocery,3.96
P207517,Sports,25.69
P236261,Grocery,1.27
P225292,Home,129.16
P208455,Fashion,103.74
P206944,Home,110.57
P200640,Grocery,34.06
P200858,Beauty,53.61
P237011,Sports,30.74
P225861,Toys,6.34
P228929,Home,106.32
P201019,Beauty,57.65
P211814,Fashion,38.49
P249144,Sports,141.83
P208479,Home,177.66
P205373,Fashion,80.66
P232371,Beauty,33.77
P213234,Grocery,15.88
P206357,Sports,58.66
P221595,Home,97.01
P245599,Electronics,127.37
P207772,Grocery,16.52
P236669,Fashion,45.14
P228684,Home,190.93
P211708,Home,36.85
P248984,Electronics,237.9
P220136,Sports,26.63
P241247,Toys,7.99
P249587,Toys,3.92
P225565,Grocery,41.02
P235173,Fashion,91.38
P231421,Sports,65.12
P230548,Home,84.67
P234602,Beauty,7.26
P239810,Home,114.1
P220735,Beauty,67.23
P216806,Sports,133.23
P246292,Home,97.35
P229228,Toys,8.12
P238701,Electronics,223.71
P225864,Home,191.23
P238840,Fashion,30.41
P225924,Fashion,38.5
P218149,Electronics,175.99
P227749,Home,294.68
P237598,Sports,96.85
P246659,Home,78.16
P207463,Fashion,7.04
P249642,Sports,39.1
P226416,Grocery,1.59
P242176,Home,107.98
P238867,Beauty,11.21
P248825,Beauty,7.56
P233834,Sports,154.0
P239847,Grocery,9.43
P227245,Beauty,6.9
P218057,Home,69.37
P244928,Grocery,10.21
P235582,Grocery,29.42
P233116,Grocery,11.32
P247827,Grocery,18.64
P247365,Toys,35.69
P213961,Toys,9.36
P228212,Beauty,10.83
P213930,Home,114.65
P242226,Toys,21.31
P232915,Grocery,14.28
P201709,Fashion,56.01
P231106,Sports,15.92
P203990,Toys,16.74
P228040,Fashion,52.84
P213962,Electronics,493.32
P207854,Toys,5.13
P236604,Fashion,52.56
P204523,Electronics,218.09
P233136,Grocery,9.48
P202597,Grocery,1.86
P229210,Fashion,184.79
P201302,Sports,30.81
P211516,Fashion,54.38
P234662,Sports,22.07
P202524,Beauty,53.94
P207484,Home,94.91
P223966,Sports,116.27
P222600,Home,24.74
P233870,Sports,176.84
P217451,Grocery,12.61
P203074,Fashion,33.5
P230858,Toys,27.39
P235630,Home,145.43
P227654,Home,31.81
P214189,Beauty,25.5
P237559,Electronics,394.95
P236602,Home,212.03
P247003,Grocery,7.92
P246299,Electronics,343.25
P201012,Electronics,545.26
P237053,Grocery,13.63
P220741,Toys,94.65
P236324,Home,13.8
P247744,Home,276.89
P220372,Grocery,9.53
P216425,Grocery,23.42
P218232,Sports,101.05
P203334,Fashion,33.7
P249806,Grocery,20.67
P228244,Home,311.83
P205452,Home,170.97
P207593,Beauty,11.67
P214630,Toys,87.3
P231361,Home,102.41
P242300,Toys,12.78
P233279,Sports,29.28
P244015,Fashion,45.15
P220508,Electronics,93.28
P212003,Fashion,96.2
P237405,Grocery,26.2
P247067,Beauty,43.8
P212215,Toys,9.03
P241174,Toys,2.71
P243228,Home,224.79
P205119,Grocery,14.26
P216001,Electronics,281.0
P200565,Electronics,281.82
P212090,Fashion,58.21
P228206,Fashion,114.43
P245701,Electronics,293.37
P205084,Beauty,26.17
P241951,Grocery,5.94
P229300,Toys,47.03
P210621,Grocery,51.73
P213634,Electronics,84.73
P243099,Sports,46.8
P230337,Home,122.9
P222058,Home,473.88
P238010,Sports,51.96
P210171,Sports,30.26
P215384,Fashion,45.22
P239202,Grocery,5.72
P226246,Beauty,3.2
P224004,Electronics,975.27
P215647,Sports,11.71
P244100,Fashion,101.65
P222869,Sports,77.14
P234124,Fashion,27.43
P221889,Toys,27.88
P228552,Home,67.42
P238194,Sports,45.24
P216927,Grocery,2.12
P230560,Grocery,19.26
P222431,Toys,11.72
P216351,Grocery,1.37
P214968,Electronics,675.83
P208723,Fashion,15.86
P229120,Sports,79.12
P217272,Electronics,277.22
P228632,Fashion,83.6
P249544,Sports,18.51
P236225,Electronics,150.81
P231173,Fashion,27.37
P227436,Electronics,628.56
P222921,Home,427.66
P212666,Home,31.75
P213785,Sports,27.94
P220628,Grocery,34.29
P243469,Beauty,20.45
P227600,Electronics,65.26
P247670,Home,540.77
P224584,Sports,35.93
P220038,Toys,7.95
P242283,Sports,75.83
P238207,Toys,25.54
P243256,Fashion,57.48
P249148,Grocery,14.04
P235371,Electronics,761.83
P205747,Sports,95.45
P236301,Home,35.48
P241352,Fashion,59.87
P202966,Home,108.09
P230911,Home,54.76
P243526,Sports,68.85
P241152,Grocery,1.44
P231202,Electronics,195.95
P237605,Electronics,334.49
P247390,Home,21.03
P203953,Sports,151.37
P218678,Fashion,94.7
P206317,Grocery,11.26
P236235,Fashion,48.74
P205113,Grocery,49.79
P231507,Toys,75.19
P224616,Home,259.42
P220140,Electronics,350.71
P231045,Fashion,81.54
P244716,Grocery,1.05
P215545,Home,84.42
P240176,Electronics,148.72
P211158,Grocery,34.86
P223047,Sports,331.27
P208276,Sports,17.78
P228878,Fashion,168.86
P211610,Toys,13.12
P204457,Home,178.64
P210422,Electronics,72.72
P210915,Toys,32.34
P225606,Electronics,75.53
P240455,Grocery,12.28
P213698,Electronics,504.69
P213050,Home,74.74
P205902,Sports,39.35
P222211,Toys,22.53
P214306,Grocery,17.95
P232222,Beauty,27.83
P215017,Sports,67.74
P209312,Electronics,57.24
P226257,Home,122.36
P202440,Electronics,139.29
P236210,Fashion,103.2
P230737,Home,36.11
P217591,Home,41.0
P205582,Electronics,366.9
P241021,Home,60.61
P204647,Toys,16.85
P214514,Home,362.06
P249019,Sports,39.68
P242043,Sports,14.48
P214419,Beauty,5.05
P226616,Home,263.15
P241064,Home,123.56
P247640,Beauty,132.99
P240028,Fashion,80.79
P232439,Fashion,146.7
P246453,Grocery,4.6
P234561,Grocery,8.43
P239724,Toys,14.59
P225206,Toys,18.68
P248576,Beauty,31.57
P210159,Electronics,375.02
P200206,Electronics,298.68
P225409,Sports,66.36
P220705,Toys,7.27
P248733,Electronics,578.27
P214114,Electronics,266.12
P222633,Fashion,39.59
P212474,Fashion,31.28
P247635,Fashion,18.89
P203719,Beauty,41.82
P244994,Toys,6.27
P222478,Home,112.04
P245703,Fashion,24.14
P243939,Sports,222.96
P213301,Fashion,79.62
P246823,Grocery,7.59
P249089,Beauty,52.5
P206400,Beauty,65.27
P210883,Sports,23.62
P249407,Electronics,204.83
P227231,Fashion,22.0
P239245,Electronics,442.16
P226412,Grocery,3.92
P240303,Electronics,114.43
P232946,Beauty,31.12
P221324,Beauty,16.52
P211658,Sports,14.22
P247089,Grocery,8.67
P227320,Electronics,423.99
P241013,Toys,27.22
P200331,Home,38.92
P234485,Sports,48.11
P233084,Sports,10.98
P203551,Toys,18.65
P235685,Grocery,43.88
P215348,Sports,39.64
P223847,Fashion,60.16
P242692,Grocery,1.13
P216553,Beauty,36.6
P220780,Grocery,15.74
P215023,Toys,25.77
P219819,Sports,64.74
P201877,Electronics,393.26
P220436,Sports,36.65
P235803,Sports,84.29
P203248,Beauty,89.48
P202706,Electronics,87.27
P216219,Grocery,8.93
P202532,Toys,44.28
P249973,Grocery,11.14
P216849,Electronics,310.54
P235793,Fashion,24.64
P202537,Toys,19.93
P208307,Toys,98.52
P229051,Home,127.73
P210302,Electronics,1179.05
P219074,Sports,15.2
P201902,Electronics,307.88
P235791,Electronics,529.51
P213739,Electronics,310.53
P218977,Electronics,870.06
P239286,Toys,13.25
P237707,Fashion,22.6
P207224,Home,35.87
P231371,Home,187.09
P210858,Fashion,72.84
P238772,Grocery,22.52
P248205,Toys,17.94
P233793,Beauty,5.85
P245090,Beauty,44.71
P231114,Electronics,593.06
P205186,Sports,91.98
P239369,Toys,5.13
P233994,Beauty,14.41
P247400,Home,104.8
P238405,Toys,4.1
P235971,Electronics,301.57
P209992,Beauty,61.22
P222322,Electronics,394.26
P200843,Beauty,11.47
P249145,Electronics,174.41
P226216,Grocery,12.7
P249916,Electronics,825.47
P242660,Toys,17.35
P201604,Electronics,91.76
P212862,Fashion,35.19
P211594,Toys,53.5
P206506,Fashion,80.11
P236709,Toys,73.55
P212414,Toys,5.51
P225233,Home,309.03
P249009,Home,67.59
P242824,Home,185.26
P221617,Sports,121.88
P242128,Electronics,449.08
P205792,Toys,45.76
P248465,Home,155.55
P243415,Fashion,25.32
P214924,Home,416.44
P240557,Home,12.07
P226306,Home,270.84
P244771,Home,336.23
P219622,Fashion,31.33
P214899,Electronics,186.72
P236100,Toys,9.93
P206954,Home,83.83
P240031,Electronics,384.45
P231089,Home,108.9
P217726,Grocery,3.49
P225564,Beauty,92.43
P248768,Fashion,12.11
P249149,Beauty,23.88
P241793,Toys,35.1
P234837,Home,181.3
P212248,Grocery,24.98
P220407,Sports,160.29
P224983,Fashion,165.63
P229153,Fashion,35.77
P206442,Home,92.37
P247919,Sports,38.18
P218753,Home,27.27
P201892,Home,46.77
P246541,Sports,90.37
P247542,Beauty,46.34
P223893,Electronics,456.51
P201489,Fashion,107.48
P229753,Electronics,429.25
P215982,Fashion,26.71
P226476,Electronics,332.27
P230814,Sports,233.58
P208888,Home,248.37
P243209,Fashion,41.2
P224325,Sports,91.58
P228320,Home,369.3
P216300,Home,57.79
P232295,Fashion,300.52
P207447,Home,12.58
P232805,Home,121.11
P202460,Home,76.04
P235122,Home,24.02
P208739,Home,29.47
P204368,Beauty,58.34
P203023,Toys,16.76
P247664,Electronics,93.67
P218605,Toys,8.0
P219126,Fashion,9.14
P201096,Fashion,66.19
P224575,Electronics,66.57
P246743,Grocery,3.38
P204729,Sports,22.12
P249277,Grocery,36.57
P231185,Beauty,4.04
P244382,Grocery,44.82
P235120,Electronics,513.98
P206883,Home,29.16
P224656,Fashion,24.76
P242604,Sports,115.23
P200174,Sports,26.81
P248252,Fashion,44.63
P241307,Sports,288.49
P225966,Electronics,245.32
P206986,Grocery,9.34
P205371,Grocery,1.24
P204703,Home,136.78
P211984,Home,149.92
P216741,Fashion,25.64
P219781,Beauty,25.11
P209280,Beauty,36.19
P200292,Grocery,10.67
P205443,Fashion,52.29
P244362,Grocery,17.57
P202576,Electronics,217.49
P239046,Fashion,47.34
P244450,Sports,10.73
P220609,Toys,18.89
P224313,Fashion,145.51
P206712,Fashion,10.14
P214857,Toys,4.26
P227083,Electronics,122.27
P227565,Sports,198.95
P248729,Electronics,742.46
P248004,Toys,14.63
P205751,Home,216.26
P205614,Electronics,277.82
P220740,Grocery,5.82
P217634,Toys,52.95
P214158,Electronics,92.61
P249379,Fashion,65.94
P236666,Beauty,11.99
P230109,Home,44.5
P219257,Fashion,52.82
P244251,Home,135.39
P232720,Home,90.74
P226968,Fashion,22.27
P235282,Sports,94.64
P237052,Sports,117.81
P222446,Grocery,21.99
P221721,Electronics,64.37
P246571,Fashion,8.13
P229100,Beauty,25.1
P246046,Toys,32.5
P247762,Toys,20.21
P245278,Electronics,557.5
P224733,Electronics,104.13
P214654,Home,114.35
P234022,Toys,45.5
P234429,Electronics,1100.41
P205418,Fashion,98.37
P217475,Home,251.29
P227296,Electronics,275.88
P234339,Grocery,22.51
P207006,Home,194.68
P215593,Electronics,696.77
P213819,Sports,201.23
P216625,Electronics,582.92
P226454,Beauty,5.8
P215575,Fashion,30.16
P230563,Electronics,1015.47
P206887,Sports,38.5
P223834,Home,103.63
P233068,Toys,2.72
P244722,Beauty,12.66
P205377,Electronics,268.45
P238475,Home,217.99
P235168,Beauty,18.33
P219542,Sports,29.04
P234317,Sports,25.55
P243878,Fashion,32.78
P215088,Grocery,3.88
P211799,Electronics,267.96
P219220,Electronics,144.76
P239081,Sports,129.66
P242094,Fashion,17.96
P228673,Electronics,470.02
P230622,Fashion,18.16
P223825,Grocery,10.26
P210961,Home,38.61
P244517,Fashion,8.56
P220309,Fashion,72.01
P220207,Home,82.68
P203504,Electronics,260.32
P202622,Sports,65.29
P238287,Toys,8.81
P200913,Home,153.13
P221781,Fashion,24.28
P212597,Electronics,632.21
P200541,Toys,10.76
P224759,Sports,114.36
P240948,Fashion,52.37
P213748,Grocery,5.76
P221073,Home,64.21
P214132,Toys,3.06
P220480,Home,51.54
P239919,Home,96.12
P236548,Home,167.24
P208474,Grocery,11.45
P231608,Fashion,160.52
P209401,Home,321.1
P245694,Toys,46.9
P249625,Fashion,25.13
P240057,Beauty,61.73
P205036,Electronics,239.12
P248918,Grocery,2.59
P226517,Toys,19.63
P212475,Electronics,66.15
P211547,Toys,12.33
P225132,Sports,128.35
P223417,Grocery,50.65
P237110,Beauty,47.4
P244437,Electronics,717.19
P227932,Electronics,376.84
P206415,Beauty,26.52
P238227,Fashion,34.52
P221460,Electronics,1220.86
P249797,Sports,107.49
P214399,Home,289.95
P213704,Electronics,57.66
P201698,Electronics,107.57
P244664,Home,91.94
P204574,Home,186.77
P215936,Beauty,47.71
P216890,Home,78.15
P234490,Fashion,111.29
P226310,Grocery,14.2
P239205,Fashion,74.18
P246784,Home,25.16
P230386,Toys,34.45
P206621,Grocery,12.91
P243571,Fashion,169.82
P202889,Fashion,67.26
P240545,Beauty,19.75
P228656,Electronics,369.7
P209828,Grocery,12.42
P223002,Fashion,76.24
P215281,Toys,43.13
P231471,Fashion,45.1
P207753,Toys,6.23
P208741,Fashion,87.29
P241718,Home,41.32
P207364,Sports,70.27
P201138,Electronics,204.66
P234488,Beauty,34.69
P249875,Fashion,38.75
P233534,Fashion,7.12
P243120,Toys,2.41
P209485,Toys,12.82
P237038,Grocery,17.1
P246282,Home,152.62
P228797,Home,31.37
P222781,Fashion,20.03
P234619,Grocery,6.9
P203871,Beauty,28.19
P228586,Electronics,198.35
P245254,Toys,12.57
P240749,Home,146.95
P239129,Sports,28.78
P249969,Fashion,43.72
P247936,Grocery,5.95
P220300,Beauty,18.19
P207487,Home,123.78
P248211,Sports,72.46
P220059,Beauty,40.02
P218909,Home,583.89
P202635,Fashion,6.49
P222156,Sports,16.36
P223221,Toys,3.08
P237927,Electronics,304.78
P219380,Beauty,54.03
P241025,Beauty,39.89
P215733,Sports,156.16
P212316,Fashion,15.78
P225235,Grocery,17.25
P228117,Sports,93.54
P249512,Fashion,25.4
P205714,Fashion,116.53
P211553,Toys,54.02
P243078,Toys,5.03
P228509,Home,93.78
P236528,Beauty,4.05
P229784,Grocery,20.85
P208368,Grocery,15.25
P240896,Home,55.62
P220383,Sports,299.88
P244007,Beauty,14.64
P248102,Electronics,651.21
P219270,Grocery,9.86
P221326,Home,25.99
P228964,Grocery,14.76
P245960,Electronics,196.22
P224354,Fashion,10.4
P215983,Sports,87.62
P218162,Fashion,81.96
P237528,Electronics,327.49
P228128,Fashion,25.73
P224976,Sports,141.73
P222987,Toys,2.81
P220021,Electronics,193.19
P223769,Beauty,26.39
P244908,Electronics,1457.43
P235218,Electronics,417.7
P239125,Electronics,525.32
P209065,Electronics,114.05
P208565,Sports,99.06
P201194,Grocery,13.16
P229533,Home,201.2
P240226,Fashion,18.92
P215084,Sports,117.84
P208016,Sports,11.4
P231156,Toys,46.04
P226725,Toys,20.07
P218801,Grocery,19.03
P222854,Home,23.14
P214142,Electronics,71.63
P217393,Toys,17.89
P203778,Electronics,440.57
P215318,Beauty,12.99
P244778,Beauty,27.19
P248614,Fashion,21.67
P238678,Fashion,117.15
P202957,Electronics,99.64
P222722,Home,52.44
P232754,Beauty,4.45
P247856,Fashion,93.42
P234674,Fashion,11.86
P211670,Electronics,282.04
P229606,Home,240.5
P209049,Grocery,3.35
P231693,Fashion,29.22
P211028,Grocery,1.53
P239226,Grocery,26.32
P229587,Electronics,342.83
P201863,Fashion,103.93
P204461,Beauty,88.54
P243373,Electronics,424.63
P237980,Electronics,560.29
P202118,Fashion,97.82
P212613,Electronics,129.36
P242309,Electronics,124.26
P207358,Electronics,183.35
P247317,Toys,5.27
P242030,Home,1036.41
P218137,Sports,28.11
P245981,Electronics,167.57
P227517,Home,12.27
P220649,Beauty,33.36
P234156,Home,418.93
P229927,Beauty,37.2
P211591,Toys,15.28
P225832,Electronics,77.9
P245737,Fashion,6.52
P206914,Fashion,51.58
P238289,Grocery,8.97
P230600,Electronics,621.63
P244984,Toys,24.35
P206918,Fashion,14.32
P207008,Fashion,43.83
P241176,Grocery,4.88
P212645,Home,58.38
P225300,Beauty,8.64
P209015,Electronics,110.89
P216273,Fashion,7.62
P228465,Beauty,33.28
P214477,Beauty,43.28
P236534,Home,53.71
P209811,Electronics,127.73
P237094,Fashion,33.88
P249146,Electronics,251.76
P217459,Home,213.89
P205122,Sports,16.93
P242821,Home,69.92
P240958,Home,93.48
P223135,Home,75.56
P225464,Home,115.04
P246385,Beauty,17.03
P237893,Grocery,1.12
P241125,Home,29.9
P214595,Toys,26.1
P222477,Home,81.24
P211948,Sports,154.11
P242935,Fashion,21.22
P239079,Grocery,3.53
P235923,Grocery,23.38
P216804,Fashion,74.73
P209921,Beauty,86.28
P235603,Electronics,72.42
P226353,Sports,114.89
P206209,Sports,44.35
P239961,Electronics,375.12
P215918,Electronics,248.26
P203457,Toys,6.72
P236853,Home,215.7
P240356,Home,127.63
P246600,Beauty,3.3
P229192,Beauty,22.1
P230663,Electronics,73.44
P204749,Grocery,19.9
P205045,Sports,24.72
P233615,Sports,109.98
P234163,Home,119.53
P222958,Toys,24.1
P230177,Sports,191.73
P230426,Fashion,14.13
P214113,Grocery,14.83
P210386,Fashion,94.04
P225245,Fashion,80.63
P208331,Fashion,110.34
P210860,Beauty,30.7
P230393,Electronics,553.58
P211074,Home,34.3
P217800,Home,31.48
P221347,Beauty,17.22
P235350,Electronics,73.67
P201500,Electronics,248.12
P200814,Fashion,26.2
P239062,Electronics,382.95
P234832,Toys,50.25
P214200,Fashion,11.25
P226113,Electronics,446.97
P230141,Beauty,7.32
P243788,Electronics,219.32
P242230,Electronics,112.91
P208226,Fashion,19.39
P216572,Grocery,9.82
P249834,Toys,9.18
P213232,Grocery,1.21
P246002,Sports,163.43
P242291,Electronics,169.26
P203190,Home,328.9
P216042,Grocery,1.15
P229645,Grocery,32.65
P223621,Sports,13.96
P221851,Fashion,26.68
P201218,Grocery,2.56
P222283,Fashion,41.69
P208675,Beauty,52.32
P224384,Electronics,129.62
P228564,Toys,3.72
P235234,Beauty,22.38
P236943,Sports,94.66
P237689,Fashion,83.9
P243689,Fashion,15.03
P225927,Fashion,44.74
P243265,Home,132.9
P244398,Beauty,17.92
P225412,Fashion,77.19
P206139,Electronics,137.46
P246520,Toys,16.11
P214098,Electronics,1332.66
P219385,Home,86.0
P238767,Fashion,7.21
P225008,Home,390.23
P220731,Beauty,33.38
P213083,Fashion,70.84
P211825,Beauty,22.78
P222326,Fashion,89.13
P243745,Beauty,25.56
P221039,Fashion,20.02
P221561,Fashion,94.16
P226820,Toys,9.07
P249931,Home,77.86
P237499,Sports,53.34
P247780,Beauty,32.76
P214360,Electronics,733.71
P230096,Sports,191.59
P232038,Sports,25.54
P203508,Fashion,8.9
P236213,Grocery,2.59
P231957,Home,10.05
P235586,Toys,7.97
P227907,Home,11.22
P243102,Toys,3.14
P238155,Home,273.47
P246573,Home,39.72
P222133,Sports,309.65
P246145,Electronics,510.45
P222720,Toys,7.53
P212183,Fashion,17.21
P210414,Grocery,4.72
P203151,Fashion,16.68
P240413,Electronics,661.59
P208604,Beauty,38.74
P202651,Sports,25.81
P229631,Beauty,15.46
P203158,Electronics,61.96
P223775,Fashion,5.27
P236845,Home,205.22
P245410,Electronics,999.34
P221787,Grocery,3.37
P224611,Beauty,30.93
P224852,Fashion,53.52
P238583,Fashion,70.38
P207153,Fashion,12.24
P205931,Home,160.55
P227040,Fashion,58.46
P212801,Fashion,6.99
P240744,Fashion,40.84
P227064,Beauty,9.27
P203985,Sports,85.99
P216260,Fashion,67.09
P227615,Toys,10.22
P206549,Electronics,108.07
P222530,Home,178.34
P248365,Fashion,33.75
P248442,Fashion,17.21
P210505,Fashion,70.37
P214593,Home,120.41
P226159,Grocery,19.22
P233415,Toys,14.3
P219538,Fashion,12.69
P215332,Toys,9.42
P224594,Home,99.88
P211793,Grocery,10.25
P220850,Electronics,76.35
P246906,Fashion,7.82
P246790,Sports,95.49
P234959,Electronics,104.41
P235436,Electronics,533.25
P241488,Toys,30.92
P236830,Electronics,137.37
P207502,Toys,3.84
P221633,Sports,24.58
P236961,Home,12.85
P225368,Home,251.42
P227045,Fashion,21.47
P245135,Electronics,307.71
P226345,Beauty,4.37
P235918,Electronics,638.24
P220742,Grocery,12.02
P223250,Sports,20.33
P204880,Electronics,226.45
P204305,Sports,41.44
P226740,Fashion,60.03
P214951,Fashion,86.67
P212602,Fashion,20.74
P222538,Beauty,7.26
P218330,Fashion,63.31
P213242,Grocery,1.57
P234340,Fashion,15.17
P204068,Sports,133.6
P208281,Sports,89.83
P249742,Home,75.56
P241051,Fashion,117.51
P226679,Beauty,62.64
P212348,Electronics,519.86
P246153,Beauty,20.97
P210080,Fashion,98.77
P236813,Beauty,12.36
P231892,Beauty,8.43
P202965,Toys,15.3
P232438,Sports,226.26
P202344,Home,34.92
P240426,Electronics,268.49
P245828,Electronics,372.13
P219599,Fashion,85.81
P227891,Fashion,78.95
P216445,Toys,43.47
P233625,Toys,30.17
P217724,Electronics,817.8
P245751,Grocery,41.6
P225393,Home,28.59
P220036,Fashion,140.4
P218095,Grocery,5.19
P249941,Electronics,227.79
P233348,Home,113.62
P235070,Fashion,8.56
P231766,Grocery,14.33
P207561,Grocery,14.18
P230371,Sports,109.45
P245328,Sports,36.22
P231412,Fashion,10.44
P218266,Beauty,4.79
P204345,Electronics,323.64
P217644,Home,23.09
P207047,Home,76.84
