customer_id,customer_age,customer_gender,age_group,region
C17270,60,Female,51-65,West
C17603,37,Male,36-50,South
C10860,34,Male,26-35,North
C15390,21,Female,18-25,South
C15226,39,Male,36-50,East
C15191,35,Female,26-35,South
C13772,49,Male,36-50,East
C13092,66,Other,65+,West
C15734,37,Female,36-50,West
C16265,56,Male,51-65,South
C10466,40,Female,36-50,South
C15334,21,Other,18-25,South
C14426,22,Female,18-25,West
C15578,56,Female,51-65,North
C16231,63,Male,51-65,North
C13444,36,Male,36-50,North
C13171,47,Male,36-50,West
C12919,37,Male,36-50,South
C17831,58,Female,51-65,South
C10130,56,Male,51-65,North
C11685,64,Female,51-65,West
C17476,49,Other,36-50,North
C10769,41,Female,36-50,North
C12391,34,Male,26-35,South
C15611,32,Female,26-35,Central
C17581,49,Female,36-50,East
C16949,20,Female,18-25,South
C12433,60,Female,51-65,West
C15311,61,Female,51-65,South
C15051,36,Female,36-50,East
C16420,44,Male,36-50,South
C11184,32,Male,26-35,East
C14555,61,Female,51-65,North
C13385,26,Male,26-35,South
C14117,21,Female,18-25,North
C16396,19,Female,18-25,South
C14843,28,Female,26-35,South
C12904,28,Male,26-35,West
C17728,46,Female,36-50,West
C10474,51,Female,51-65,West
C11082,20,Female,18-25,South
C12558,35,Male,26-35,West
C17849,36,Female,36-50,North
C12047,48,Male,36-50,South
C17643,53,Male,51-65,Central
C12747,62,Male,51-65,West
C10975,30,Female,26-35,South
C11806,58,Male,51-65,West
C10189,55,Female,51-65,North
C17101,35,Female,26-35,South
C12734,66,Female,65+,East
C13005,43,Female,36-50,West
C14658,67,Male,65+,North
C11899,40,Female,36-50,South
C17734,55,Female,51-65,East
C11267,60,Male,51-65,South
C16975,57,Female,51-65,Central
C11528,37,Female,36-50,North
C13202,53,Male,51-65,Central
C13556,69,Female,65+,North
C13890,69,Male,65+,West
C10646,25,Other,18-25,North
C16164,36,Male,36-50,West
C12888,22,Female,18-25,West
C16310,59,Male,51-65,West
C15393,65,Male,51-65,North
C12435,58,Female,51-65,West
C10600,50,Male,36-50,North
C12363,30,Male,26-35,South
C12061,44,Female,36-50,East
C10241,25,Female,18-25,South
C12041,28,Female,26-35,West
C12824,53,Male,51-65,East
C17513,24,Male,18-25,South
C12612,69,Male,65+,South
C17041,46,Other,36-50,West
C11363,31,Male,26-35,Central
C16235,20,Female,18-25,West
C15486,45,Male,36-50,Central
C17099,68,Male,65+,North
C11478,59,Female,51-65,West
C17595,38,Female,36-50,West
C12556,50,Female,36-50,South
C10775,29,Female,26-35,West
C14014,28,Male,26-35,South
C10034,20,Female,18-25,South
C16349,59,Female,51-65,South
C13152,32,Male,26-35,North
C11955,62,Female,51-65,South
C11585,34,Male,26-35,South
C13943,59,Female,51-65,West
C17555,54,Female,51-65,South
C13073,61,Female,51-65,West
C11021,57,Male,51-65,East
C13461,53,Female,51-65,Central
C12613,27,Male,26-35,East
C15225,36,Male,36-50,East
C13843,29,Male,26-35,Central
C17989,40,Female,36-50,West
C11500,32,Female,26-35,South
C14798,41,Male,36-50,West
C16545,49,Male,36-50,North
C16873,38,Male,36-50,Central
C15675,47,Female,36-50,East
C10161,69,Male,65+,South
C14297,49,Male,36-50,South
C11981,19,Male,18-25,North
C10995,54,Female,51-65,East
C16413,51,Male,51-65,North
C14911,39,Male,36-50,North
C13342,50,Female,36-50,East
C14551,60,Male,51-65,North
C17629,28,Male,26-35,South
C13798,46,Female,36-50,West
C11275,69,Female,65+,South
C11016,63,Male,51-65,South
C17869,57,Female,51-65,North
C16439,48,Male,36-50,East
C17892,24,Other,18-25,West
C16863,36,Female,36-50,Central
C17916,66,Female,65+,South
C10337,61,Female,51-65,North
C10878,42,Male,36-50,South
C11076,48,Female,36-50,East
C14887,28,Female,26-35,Central
C13993,33,Female,26-35,South
C16360,34,Female,26-35,South
C14859,23,Female,18-25,South
C16331,38,Male,36-50,East
C10379,62,Male,51-65,Central
C10492,27,Female,26-35,South
C17208,25,Female,18-25,South
C15276,65,Male,51-65,East
C12062,18,Male,18-25,Central
C13884,21,Male,18-25,South
C10064,41,Female,36-50,South
C12568,58,Female,51-65,Central
C15463,51,Female,51-65,South
C15248,40,Male,36-50,South
C12027,43,Female,36-50,North
C12695,46,Female,36-50,Central
C11495,49,Female,36-50,North
C17230,43,Female,36-50,Central
C15258,52,Female,51-65,North
C15618,31,Male,26-35,West
C16736,38,Female,36-50,West
C10391,37,Female,36-50,West
C15794,50,Female,36-50,North
C14514,36,Female,36-50,West
C16432,19,Female,18-25,East
C14474,38,Female,36-50,East
C15892,19,Female,18-25,South
C13561,58,Female,51-65,South
C12278,31,Female,26-35,North
C17161,24,Male,18-25,Central
C16184,25,Female,18-25,North
C13099,63,Male,51-65,North
C16278,28,Male,26-35,North
C10200,52,Male,51-65,Central
C15959,45,Male,36-50,Central
C14875,36,Female,36-50,North
C17073,50,Female,36-50,South
C13104,32,Male,26-35,West
C17215,38,Male,36-50,Central
C14598,44,Male,36-50,West
C12454,21,Male,18-25,West
C13645,26,Male,26-35,Central
C15847,22,Female,18-25,West
C10804,67,Female,65+,West
C16242,39,Female,36-50,South
C12731,24,Male,18-25,West
C15991,42,Female,36-50,Central
C12773,51,Female,51-65,East
C11570,43,Male,36-50,Central
C15056,55,Female,51-65,Central
C17906,20,Male,18-25,East
C16756,45,Male,36-50,South
C15581,50,Female,36-50,North
C12690,50,Male,36-50,West
C13840,54,Female,51-65,East
C11028,39,Female,36-50,West
C17385,34,Female,26-35,North
C10502,67,Female,65+,West
C16910,37,Female,36-50,North
C14493,45,Male,36-50,East
C10870,64,Female,51-65,West
C16938,45,Male,36-50,North
C14488,40,Female,36-50,East
C10206,56,Female,51-65,Central
C15134,46,Female,36-50,North
C15977,66,Female,65+,North
C17721,22,Male,18-25,North
C17035,55,Female,51-65,West
C11484,29,Male,26-35,East
C17858,62,Male,51-65,Central
C17742,44,Female,36-50,West
C10863,63,Male,51-65,South
C12790,42,Male,36-50,West
C17408,35,Male,26-35,West
C10563,32,Male,26-35,East
C15116,40,Male,36-50,Central
C14191,21,Male,18-25,North
C16019,18,Female,18-25,East
C11757,41,Female,36-50,Central
C16628,24,Male,18-25,South
C17574,18,Female,18-25,East
C16374,36,Male,36-50,East
C16892,25,Male,18-25,Central
C11678,65,Male,51-65,North
C13242,68,Female,65+,North
C14636,35,Male,26-35,East
C11059,36,Female,36-50,North
C16668,56,Male,51-65,East
C15279,59,Male,51-65,East
C11722,32,Male,26-35,Central
C13314,18,Male,18-25,West
C13157,48,Female,36-50,North
C15915,24,Female,18-25,East
C12625,39,Male,36-50,South
C12729,48,Male,36-50,North
C16700,48,Male,36-50,North
C11597,57,Male,51-65,East
C13060,55,Male,51-65,South
C12693,20,Male,18-25,East
C14891,43,Male,36-50,Central
C15147,48,Female,36-50,West
C15739,51,Female,51-65,West
C13627,33,Female,26-35,South
C17965,68,Male,65+,Central
C15450,40,Female,36-50,South
C11663,52,Male,51-65,North
C11529,52,Other,51-65,North
C12038,46,Female,36-50,South
C17515,55,Male,51-65,North
C15592,24,Female,18-25,West
C13302,58,Male,51-65,North
C12237,35,Male,26-35,West
C17392,24,Female,18-25,West
C15504,40,Female,36-50,East
C15496,64,Male,51-65,South
C11306,32,Male,26-35,Central
C14029,35,Male,26-35,Central
C16776,31,Female,26-35,West
C12675,63,Female,51-65,West
C15068,30,Male,26-35,West
C15864,51,Female,51-65,West
C11282,32,Male,26-35,Central
C17526,48,Male,36-50,North
C10709,65,Female,51-65,West
C15575,66,Male,65+,North
C15530,56,Female,51-65,East
C14744,24,Female,18-25,North
C14413,55,Female,51-65,East
C13748,20,Female,18-25,South
C17986,49,Male,36-50,Central
C15353,50,Female,36-50,East
C14779,40,Male,36-50,South
C10663,39,Other,36-50,East
C11998,27,Male,26-35,East
C17994,26,Male,26-35,West
C13445,41,Female,36-50,East
C13743,65,Male,51-65,East
C15727,49,Male,36-50,North
C13304,50,Female,36-50,East
C13763,20,Female,18-25,East
C15232,60,Female,51-65,South
C11853,53,Male,51-65,East
C15616,38,Male,36-50,South
C16585,50,Female,36-50,North
C14659,32,Male,26-35,Central
C11291,52,Male,51-65,North
C13581,55,Female,51-65,South
C17974,19,Female,18-25,North
C13457,44,Male,36-50,East
C17554,39,Male,36-50,East
C17280,24,Female,18-25,West
C11636,55,Male,51-65,North
C13696,61,Male,51-65,South
C12999,48,Male,36-50,North
C10698,62,Female,51-65,North
C12160,60,Male,51-65,South
C14097,65,Female,51-65,East
C14737,49,Male,36-50,Central
C16363,24,Female,18-25,South
C15685,23,Male,18-25,South
C10854,52,Male,51-65,South
C15855,32,Male,26-35,North
C16528,26,Female,26-35,East
C13474,39,Female,36-50,East
C15757,23,Male,18-25,South
C15249,29,Female,26-35,North
C15172,67,Female,65+,West
C11707,59,Female,51-65,North
C12777,62,Male,51-65,North
C15791,28,Male,26-35,North
C11733,25,Female,18-25,West
C15535,36,Female,36-50,Central
C16390,52,Female,51-65,North
C14931,38,Female,36-50,West
C13510,18,Male,18-25,Central
C10202,20,Female,18-25,Central
C13255,68,Female,65+,South
C14218,20,Male,18-25,East
C14496,23,Female,18-25,East
C10766,39,Male,36-50,Central
C14389,50,Female,36-50,East
C12327,68,Male,65+,South
C12931,27,Male,26-35,North
C17777,39,Male,36-50,Central
C10197,18,Male,18-25,Central
C17125,56,Female,51-65,West
C11930,60,Male,51-65,Central
C13582,36,Female,36-50,North
C16895,34,Female,26-35,East
C16287,20,Female,18-25,West
C10608,58,Male,51-65,North
C13272,34,Female,26-35,South
C11147,65,Male,51-65,East
C14282,19,Male,18-25,Central
C13397,51,Female,51-65,East
C12511,23,Female,18-25,North
C17516,50,Male,36-50,South
C11794,48,Female,36-50,East
C10659,36,Female,36-50,South
C12811,69,Female,65+,North
C17098,58,Male,51-65,North
C16051,43,Male,36-50,East
C16546,22,Male,18-25,South
C11369,31,Male,26-35,South
C11986,35,Male,26-35,Central
C15630,43,Male,36-50,North
C10146,68,Female,65+,West
C13219,58,Female,51-65,West
C12911,61,Female,51-65,West
C11734,27,Female,26-35,West
C11843,58,Male,51-65,West
C10488,37,Male,36-50,West
C12976,47,Male,36-50,West
C11959,40,Male,36-50,North
C15759,61,Female,51-65,North
C16694,36,Female,36-50,South
C12385,48,Male,36-50,North
C14736,29,Female,26-35,South
C11802,40,Male,36-50,North
C16616,29,Female,26-35,South
C16065,42,Male,36-50,Central
C16294,37,Male,36-50,South
C15534,30,Female,26-35,West
C14061,20,Male,18-25,West
C13369,44,Male,36-50,Central
C15730,19,Female,18-25,South
C10262,23,Female,18-25,North
C15883,30,Other,26-35,North
C16489,26,Male,26-35,East
C10623,67,Male,65+,East
C13643,18,Female,18-25,South
C14976,29,Female,26-35,South
C12049,53,Female,51-65,South
C17040,39,Female,36-50,West
C15423,52,Female,51-65,Central
C16397,41,Male,36-50,East
C13723,52,Female,51-65,East
C14548,67,Male,65+,North
C13108,58,Female,51-65,East
C14090,28,Male,26-35,South
C17158,57,Female,51-65,East
C12056,38,Female,36-50,South
C17400,45,Male,36-50,East
C13170,66,Female,65+,North
C11682,42,Female,36-50,East
C16959,69,Male,65+,South
C12255,39,Other,36-50,West
C11154,69,Male,65+,East
C14499,65,Male,51-65,South
C16295,24,Female,18-25,South
C16197,57,Male,51-65,North
C13191,42,Female,36-50,North
C11696,29,Male,26-35,North
C13991,33,Male,26-35,Central
C14723,35,Other,26-35,South
C14682,35,Male,26-35,South
C11648,47,Male,36-50,North
C15539,29,Male,26-35,West
C11445,48,Male,36-50,West
C14199,24,Female,18-25,East
C13923,42,Female,36-50,South
C10253,37,Female,36-50,Central
C17394,36,Male,36-50,West
C13183,21,Female,18-25,North
C12557,41,Female,36-50,South
C10098,26,Female,26-35,Central
C12200,28,Female,26-35,East
C15980,21,Male,18-25,North
C12961,33,Male,26-35,North
C16015,55,Male,51-65,Central
C14973,60,Male,51-65,East
C14433,67,Female,65+,South
C13777,35,Female,26-35,South
C12869,33,Male,26-35,North
C13234,32,Female,26-35,West
C13791,55,Male,51-65,West
C10956,64,Male,51-65,North
C15800,29,Male,26-35,North
C14067,29,Female,26-35,North
C10160,69,Male,65+,North
C15699,42,Female,36-50,East
C16944,34,Female,26-35,East
C11300,31,Female,26-35,South
C13987,68,Female,65+,East
C11527,36,Female,36-50,Central
C15511,62,Male,51-65,Central
C15254,28,Male,26-35,Central
C11218,61,Female,51-65,South
C14735,65,Female,51-65,South
C12735,62,Male,51-65,South
C10954,19,Female,18-25,South
C14565,52,Female,51-65,West
C13446,57,Female,51-65,East
C11045,39,Male,36-50,West
C16893,58,Female,51-65,South
C11693,30,Female,26-35,South
C16181,64,Male,51-65,North
C16373,62,Male,51-65,South
C13436,52,Male,51-65,West
C10562,28,Female,26-35,Central
C12485,25,Female,18-25,West
C15895,23,Female,18-25,East
C13354,47,Female,36-50,East
C16170,26,Female,26-35,North
C10225,18,Female,18-25,North
C17444,39,Female,36-50,East
C14893,65,Female,51-65,North
C17776,54,Male,51-65,North
C16427,62,Male,51-65,South
C17022,37,Female,36-50,North
C10959,38,Female,36-50,South
C15600,34,Female,26-35,North
C13067,48,Female,36-50,North
C17996,23,Male,18-25,North
C10815,29,Male,26-35,South
C14754,23,Male,18-25,East
C17683,59,Male,51-65,North
C14642,28,Female,26-35,East
C13120,50,Female,36-50,South
C17679,30,Female,26-35,North
C10016,40,Female,36-50,East
C17339,49,Male,36-50,North
C11243,49,Male,36-50,North
C12205,33,Female,26-35,West
C12524,30,Male,26-35,South
C11069,27,Male,26-35,Central
C12565,46,Female,36-50,North
C11060,50,Male,36-50,South
C13420,66,Female,65+,West
C16640,62,Male,51-65,East
C10301,35,Female,26-35,South
C14276,33,Male,26-35,West
C10606,54,Other,51-65,Central
C10699,35,Female,26-35,South
C15088,35,Other,26-35,South
C11139,61,Female,51-65,East
C10190,21,Female,18-25,Central
C12300,53,Male,51-65,North
C10980,57,Male,51-65,West
C12975,42,Male,36-50,Central
C16102,41,Female,36-50,North
C13327,58,Male,51-65,Central
C13394,67,Female,65+,East
C10127,42,Female,36-50,Central
C12065,19,Male,18-25,Central
C11816,66,Female,65+,East
C15854,59,Male,51-65,South
C16709,50,Male,36-50,East
C10569,49,Male,36-50,South
C15442,43,Female,36-50,East
C11895,55,Other,51-65,South
C12733,23,Male,18-25,South
C13863,64,Female,51-65,Central
C14721,35,Female,26-35,East
C17455,57,Male,51-65,South
C12901,67,Male,65+,North
C11686,24,Female,18-25,North
C13009,42,Male,36-50,West
C17806,61,Male,51-65,South
C10154,49,Male,36-50,West
C12537,37,Male,36-50,South
C11409,38,Female,36-50,West
C14057,42,Male,36-50,North
C10784,32,Male,26-35,West
C13175,59,Male,51-65,North
C17560,58,Female,51-65,North
C17978,64,Male,51-65,East
C14341,37,Male,36-50,South
C17343,29,Male,26-35,West
C17206,69,Female,65+,Central
C15596,40,Female,36-50,West
C15801,55,Female,51-65,West
C12806,53,Male,51-65,North
C10537,48,Female,36-50,West
C15986,65,Male,51-65,South
C11841,59,Female,51-65,South
C15016,31,Male,26-35,East
C12455,57,Male,51-65,North
C10524,29,Male,26-35,West
C16971,59,Female,51-65,East
C15625,23,Male,18-25,East
C12950,38,Male,36-50,North
C17992,50,Male,36-50,South
C14131,45,Male,36-50,South
C14780,42,Male,36-50,South
C14115,57,Male,51-65,South
C12368,41,Male,36-50,East
C13847,48,Female,36-50,East
C16655,48,Female,36-50,Central
C14495,65,Female,51-65,West
C12701,39,Male,36-50,West
C10971,30,Male,26-35,North
C16002,36,Female,36-50,South
C16614,67,Male,65+,East
C11166,50,Male,36-50,East
C15211,69,Male,65+,North
C17521,57,Female,51-65,East
C14929,58,Male,51-65,North
C15919,43,Female,36-50,North
C12774,31,Female,26-35,Central
C11982,54,Male,51-65,West
C10853,60,Male,51-65,West
C14146,66,Male,65+,West
C13736,24,Female,18-25,East
C13769,24,Male,18-25,West
C10574,39,Male,36-50,North
C13261,53,Male,51-65,East
C11148,56,Other,51-65,West
C16293,64,Male,51-65,North
C16457,59,Female,51-65,East
C16713,41,Male,36-50,North
C17509,30,Male,26-35,South
C16448,30,Female,26-35,West
C11715,45,Male,36-50,West
C14777,69,Female,65+,Central
C14933,59,Male,51-65,South
C13854,24,Female,18-25,South
C15173,48,Male,36-50,West
C17146,19,Female,18-25,West
C12491,31,Female,26-35,West
C12660,38,Male,36-50,East
C17136,40,Female,36-50,South
C16407,67,Male,65+,North
C13124,47,Male,36-50,North
C15691,37,Female,36-50,North
C13051,65,Female,51-65,South
C17787,63,Male,51-65,North
C10004,22,Female,18-25,West
C15222,59,Female,51-65,South
C15315,32,Male,26-35,South
C14869,19,Female,18-25,East
C10876,35,Female,26-35,North
C10991,60,Male,51-65,South
C17027,33,Male,26-35,West
C17517,28,Male,26-35,South
C14142,62,Female,51-65,North
C17010,47,Other,36-50,North
C16966,26,Male,26-35,South
C17079,24,Male,18-25,North
C17987,52,Female,51-65,East
C16799,31,Female,26-35,North
C14364,65,Female,51-65,Central
C14465,36,Female,36-50,South
C10635,31,Female,26-35,West
C14752,62,Female,51-65,West
C10119,38,Other,36-50,South
C10830,32,Male,26-35,Central
C15906,65,Male,51-65,West
C13675,19,Female,18-25,Central
C15177,24,Male,18-25,East
C16070,23,Female,18-25,Central
C10740,57,Male,51-65,West
C17641,60,Female,51-65,North
C10116,60,Male,51-65,West
C15949,59,Male,51-65,Central
C12838,24,Female,18-25,Central
C11150,57,Female,51-65,East
C11931,25,Female,18-25,South
C11012,57,Male,51-65,East
C11664,19,Female,18-25,South
C11081,63,Male,51-65,South
C14729,22,Male,18-25,South
C10512,43,Female,36-50,South
C17918,25,Male,18-25,East
C12849,25,Female,18-25,South
C15215,35,Other,26-35,North
C17805,62,Female,51-65,West
C15237,36,Male,36-50,West
C10559,24,Male,18-25,South
C13672,55,Female,51-65,South
C14583,36,Male,36-50,North
C17404,37,Male,36-50,West
C14992,51,Female,51-65,West
C13343,23,Male,18-25,North
C15308,19,Female,18-25,North
C14070,30,Male,26-35,South
C14799,49,Male,36-50,South
C11470,62,Female,51-65,South
C10580,40,Female,36-50,South
C16933,38,Male,36-50,East
C17004,41,Male,36-50,South
C12294,26,Female,26-35,South
C13147,63,Male,51-65,Central
C14249,54,Female,51-65,South
C11679,68,Female,65+,Central
C13506,26,Female,26-35,East
C15092,46,Female,36-50,West
C17253,59,Female,51-65,East
C12744,55,Male,51-65,East
C13356,36,Female,36-50,South
C14045,65,Male,51-65,East
C15188,22,Female,18-25,South
C13118,39,Male,36-50,North
C15104,24,Male,18-25,Central
C12141,51,Female,51-65,North
C15869,37,Female,36-50,East
C15053,18,Other,18-25,South
C13059,60,Female,51-65,North
C15323,18,Female,18-25,North
C12959,24,Male,18-25,East
C12265,50,Female,36-50,South
C16617,31,Female,26-35,Central
C12479,67,Male,65+,North
C16484,47,Male,36-50,South
C14646,50,Male,36-50,West
C11635,62,Male,51-65,North
C15408,45,Female,36-50,West
C17421,20,Female,18-25,West
C14452,31,Male,26-35,South
C12070,59,Female,51-65,North
C15881,41,Female,36-50,North
C16665,43,Male,36-50,East
C15877,60,Female,51-65,North
C17267,66,Male,65+,East
C13251,39,Female,36-50,Central
C17390,43,Male,36-50,Central
C16905,18,Other,18-25,West
C13730,32,Female,26-35,North
C12489,27,Male,26-35,North
C11631,61,Other,51-65,South
C12816,55,Female,51-65,East
C11015,18,Male,18-25,West
C11348,64,Female,51-65,East
C14611,48,Female,36-50,West
C13087,37,Male,36-50,North
C12839,25,Male,18-25,South
C10335,68,Female,65+,West
C15878,35,Male,26-35,South
C16401,69,Male,65+,East
C14592,45,Female,36-50,North
C10895,32,Male,26-35,West
C16303,46,Male,36-50,Central
C13546,36,Male,36-50,South
C10851,48,Male,36-50,North
C11687,47,Male,36-50,North
C16833,69,Male,65+,East
C13746,29,Male,26-35,West
C12427,55,Male,51-65,South
C11568,58,Female,51-65,West
C14000,47,Male,36-50,East
C15052,69,Female,65+,South
C12738,20,Male,18-25,East
C13498,35,Female,26-35,East
C15732,37,Male,36-50,West
C15387,38,Female,36-50,Central
C17744,24,Female,18-25,Central
C15536,58,Male,51-65,East
C15287,60,Male,51-65,North
C13913,39,Female,36-50,West
C11066,30,Female,26-35,North
C17723,19,Female,18-25,West
C14380,63,Male,51-65,West
C12444,37,Female,36-50,West
C14107,50,Male,36-50,North
C15726,53,Male,51-65,East
C13373,43,Male,36-50,Central
C13969,27,Male,26-35,South
C17420,51,Female,51-65,East
C12546,59,Male,51-65,Central
C10753,23,Female,18-25,East
C12082,25,Male,18-25,South
C12896,58,Female,51-65,North
C14185,63,Female,51-65,South
C16748,48,Female,36-50,North
C17113,32,Male,26-35,Central
C11625,24,Male,18-25,North
C13069,30,Male,26-35,South
C10417,54,Male,51-65,North
C10114,57,Male,51-65,South
C10616,27,Female,26-35,South
C13974,53,Female,51-65,South
C13267,21,Male,18-25,South
C10825,55,Male,51-65,North
C17668,26,Female,26-35,North
C15745,18,Male,18-25,South
C11516,64,Male,51-65,South
C13146,22,Male,18-25,East
C10412,55,Male,51-65,North
C17543,64,Male,51-65,North
C17587,64,Male,51-65,West
C10728,40,Female,36-50,West
C13348,33,Female,26-35,East
C17164,58,Other,51-65,Central
C12808,30,Female,26-35,South
C10675,30,Male,26-35,Central
C13465,64,Female,51-65,West
C15988,65,Male,51-65,South
C12504,51,Female,51-65,Central
C12967,32,Female,26-35,Central
C16335,23,Female,18-25,South
C12786,67,Female,65+,South
C17856,48,Male,36-50,East
C11122,53,Male,51-65,North
C14079,54,Male,51-65,East
C11571,39,Female,36-50,West
C15073,23,Male,18-25,East
C12143,64,Female,51-65,East
C16806,19,Male,18-25,Central
C17357,59,Female,51-65,South
C17903,69,Male,65+,Central
C14132,19,Male,18-25,South
C13851,40,Male,36-50,North
C13440,27,Male,26-35,North
C13766,38,Other,36-50,North
C15644,51,Female,51-65,North
C12326,59,Male,51-65,South
C12914,56,Female,51-65,West
C14968,22,Female,18-25,North
C15917,47,Female,36-50,South
C15392,24,Male,18-25,North
C13952,39,Male,36-50,Central
C16205,62,Male,51-65,West
C10595,63,Female,51-65,South
C15999,31,Other,26-35,South
C11365,48,Female,36-50,West
C14492,33,Male,26-35,South
C17186,19,Female,18-25,South
C16320,32,Female,26-35,South
C15731,46,Female,36-50,West
C10395,52,Female,51-65,South
C16588,20,Female,18-25,South
C14171,43,Male,36-50,South
C14360,19,Female,18-25,North
C12502,18,Female,18-25,East
C11819,23,Female,18-25,East
C10717,56,Male,51-65,Central
C12782,35,Female,26-35,Central
C17551,59,Female,51-65,Central
C17731,54,Male,51-65,West
C14946,26,Male,26-35,North
C13577,34,Female,26-35,West
C10143,55,Male,51-65,East
C14980,39,Male,36-50,Central
C13140,42,Female,36-50,East
C17266,65,Male,51-65,West
C14491,57,Male,51-65,Central
C17192,43,Female,36-50,North
C17091,35,Female,26-35,East
C12938,26,Male,26-35,West
C15588,65,Female,51-65,East
C17651,68,Female,65+,North
C13636,49,Male,36-50,South
C13222,21,Female,18-25,Central
C11167,50,Female,36-50,Central
C12616,56,Female,51-65,North
C11062,43,Female,36-50,East
C12156,53,Female,51-65,Central
C17860,32,Female,26-35,West
C15161,28,Male,26-35,Central
C15305,67,Male,65+,West
C12982,60,Female,51-65,East
C16541,35,Male,26-35,North
C13294,19,Female,18-25,South
C11156,62,Female,51-65,South
C17330,53,Male,51-65,South
C10732,50,Female,36-50,South
C14330,55,Female,51-65,West
C16801,33,Female,26-35,South
C14846,35,Male,26-35,South
C16731,30,Female,26-35,North
C17176,61,Male,51-65,North
C17241,51,Male,51-65,East
C10953,34,Male,26-35,East
C12539,51,Male,51-65,East
C17056,61,Male,51-65,East
C13324,60,Male,51-65,North
C13301,67,Female,65+,Central
C11542,18,Female,18-25,West
C15293,59,Female,51-65,South
C15772,57,Female,51-65,North
C11191,69,Other,65+,South
C16313,61,Female,51-65,North
C15512,20,Male,18-25,South
C12993,61,Male,51-65,South
C12681,42,Female,36-50,West
C11217,44,Female,36-50,West
C11540,33,Other,26-35,West
C16172,41,Male,36-50,West
C13236,59,Male,51-65,Central
C15541,68,Female,65+,North
C12386,31,Female,26-35,South
C13719,29,Other,26-35,East
C15615,68,Female,65+,East
C11388,68,Female,65+,Central
C11856,61,Male,51-65,East
C10499,58,Female,51-65,West
C11680,41,Female,36-50,East
C10510,28,Female,26-35,East
C17494,28,Female,26-35,East
C14312,65,Female,51-65,East
C11324,58,Female,51-65,South
C11155,54,Male,51-65,South
C11827,59,Female,51-65,South
C13141,35,Female,26-35,South
C17419,61,Female,51-65,West
C13486,21,Female,18-25,East
C11810,53,Male,51-65,West
C12923,24,Female,18-25,South
C15301,25,Female,18-25,North
C12214,65,Female,51-65,Central
C14186,44,Female,36-50,North
C10713,44,Male,36-50,East
C13602,63,Male,51-65,North
C14134,55,Male,51-65,South
C17293,58,Male,51-65,East
C13522,23,Female,18-25,West
C14268,27,Male,26-35,East
C14748,36,Female,36-50,West
C14849,26,Female,26-35,South
C13709,51,Male,51-65,West
C15779,24,Male,18-25,Central
C16619,42,Other,36-50,West
C10455,59,Male,51-65,West
C14924,61,Female,51-65,South
C10894,32,Male,26-35,North
C11384,45,Male,36-50,North
C11958,60,Female,51-65,East
C13072,52,Female,51-65,Central
C16530,43,Female,36-50,South
C11996,61,Female,51-65,South
C16491,57,Female,51-65,Central
C14285,45,Female,36-50,West
C10504,54,Male,51-65,East
C11214,26,Female,26-35,North
C11531,19,Female,18-25,Central
C17576,40,Male,36-50,South
C10823,42,Female,36-50,West
C10928,41,Female,36-50,Central
C15029,35,Female,26-35,South
C15236,26,Male,26-35,East
C10133,57,Female,51-65,Central
C12105,29,Female,26-35,West
C16815,50,Male,36-50,Central
C16316,50,Female,36-50,Central
C11852,61,Female,51-65,South
C14910,46,Male,36-50,Central
C15268,37,Female,36-50,South
C14175,21,Other,18-25,Central
C12933,36,Female,36-50,Central
C13284,41,Male,36-50,South
C14298,31,Female,26-35,North
C15348,55,Female,51-65,West
C15795,31,Female,26-35,East
C11250,36,Male,36-50,East
C15778,31,Female,26-35,West
C15651,68,Female,65+,East
C13512,56,Male,51-65,Central
C17569,61,Male,51-65,East
C16190,33,Female,26-35,West
C11256,29,Male,26-35,North
C13376,34,Male,26-35,South
C15645,66,Female,65+,Central
C15262,69,Male,65+,North
C13584,66,Female,65+,North
C11396,63,Male,51-65,North
C13637,32,Female,26-35,North
C13330,49,Male,36-50,North
C12703,48,Male,36-50,West
C10470,68,Male,65+,Central
C17114,47,Female,36-50,West
C15131,64,Female,51-65,North
C11353,30,Male,26-35,South
C12783,52,Female,51-65,West
C12831,23,Male,18-25,South
C15063,51,Female,51-65,East
C10357,37,Other,36-50,West
C13019,49,Male,36-50,East
C17575,58,Female,51-65,South
C10667,45,Male,36-50,North
C14468,18,Female,18-25,Central
C15127,23,Male,18-25,West
C11145,40,Male,36-50,East
C15467,42,Male,36-50,East
C16819,52,Male,51-65,Central
C12745,31,Other,26-35,North
C17483,50,Male,36-50,Central
C17345,69,Female,65+,East
C10539,24,Female,18-25,South
C12779,56,Female,51-65,West
C14964,56,Male,51-65,North
C14136,53,Male,51-65,West
C14835,40,Male,36-50,West
C13775,34,Female,26-35,South
C16042,40,Female,36-50,West
C16645,18,Female,18-25,West
C17102,53,Male,51-65,West
C17312,63,Male,51-65,East
C15320,59,Male,51-65,Central
C15024,38,Male,36-50,West
C16132,66,Female,65+,East
C17891,69,Female,65+,East
C12508,51,Female,51-65,South
C10924,51,Female,51-65,South
C12956,30,Male,26-35,Central
C11581,67,Male,65+,Central
C17714,27,Male,26-35,North
C14485,19,Female,18-25,North
C15713,25,Female,18-25,North
C17026,55,Male,51-65,East
C10255,59,Female,51-65,Central
C14804,45,Male,36-50,South
C11838,40,Female,36-50,Central
C11944,51,Female,51-65,Central
C16593,20,Female,18-25,West
C10009,35,Male,26-35,West
C12871,62,Other,51-65,Central
C10797,40,Female,36-50,Central
C17409,25,Female,18-25,East
C17418,44,Female,36-50,South
C14972,49,Female,36-50,East
C15124,62,Male,51-65,North
C17286,40,Female,36-50,East
C11824,40,Male,36-50,Central
C14469,19,Male,18-25,Central
C13136,51,Male,51-65,East
C12193,61,Male,51-65,North
C10223,58,Male,51-65,Central
C15358,41,Male,36-50,North
C15898,37,Male,36-50,East
C14948,29,Male,26-35,South
C17449,45,Female,36-50,West
C14158,59,Male,51-65,North
C15336,66,Male,65+,North
C13925,36,Female,36-50,South
C16970,63,Female,51-65,East
C14784,26,Male,26-35,East
C15580,62,Male,51-65,North
C11633,33,Male,26-35,South
C12152,54,Female,51-65,South
C10384,44,Female,36-50,Central
C10404,43,Male,36-50,West
C14613,34,Male,26-35,East
C14571,31,Female,26-35,West
C12000,31,Female,26-35,Central
C12756,53,Male,51-65,South
C11668,35,Male,26-35,North
C15989,55,Other,51-65,South
C16914,65,Male,51-65,North
C11460,39,Male,36-50,South
C17190,65,Female,51-65,North
C17140,31,Male,26-35,West
C12724,25,Female,18-25,West
C14809,29,Other,26-35,South
C17625,49,Male,36-50,East
C14178,68,Female,65+,East
C15264,59,Male,51-65,East
C17252,64,Other,51-65,South
C17245,25,Female,18-25,Central
C16600,26,Male,26-35,West
C15997,24,Male,18-25,South
C12048,32,Female,26-35,Central
C10716,34,Male,26-35,Central
C17939,63,Male,51-65,West
C15565,48,Male,36-50,North
C14544,37,Female,36-50,West
C11823,25,Female,18-25,North
C12081,69,Female,65+,South
C13419,66,Male,65+,North
C16238,45,Male,36-50,West
C17239,41,Male,36-50,North
C11574,30,Female,26-35,North
C16297,33,Female,26-35,North
C10249,56,Female,51-65,East
C10673,43,Female,36-50,South
C14533,23,Male,18-25,Central
C12165,23,Male,18-25,North
C10770,36,Other,36-50,North
C13962,20,Male,18-25,West
C17473,49,Female,36-50,South
C14363,25,Male,18-25,West
C11984,23,Female,18-25,Central
C11077,42,Male,36-50,North
C10235,69,Female,65+,West
C10388,22,Female,18-25,North
C13037,48,Male,36-50,North
C17901,40,Male,36-50,West
C14858,58,Female,51-65,East
C11848,68,Male,65+,East
C16544,22,Female,18-25,East
C14719,61,Male,51-65,West
C12814,62,Female,51-65,North
C13374,61,Female,51-65,East
C17062,65,Female,51-65,North
C13278,46,Other,36-50,North
C11252,59,Female,51-65,Central
C16996,19,Female,18-25,South
C13981,33,Female,26-35,Central
C14673,63,Female,51-65,East
C12122,68,Female,65+,South
C14530,37,Female,36-50,Central
C12150,27,Male,26-35,South
C17589,50,Male,36-50,Central
C17871,19,Female,18-25,West
C16881,43,Female,36-50,Central
C11329,44,Male,36-50,Central
C16241,28,Female,26-35,South
C16941,40,Female,36-50,South
C11358,27,Female,26-35,West
C17002,59,Male,51-65,North
C12482,40,Male,36-50,South
C14542,65,Female,51-65,East
C12017,21,Male,18-25,North
C11331,44,Male,36-50,North
C14344,38,Female,36-50,East
C14261,65,Male,51-65,West
C17648,26,Female,26-35,East
C17127,55,Other,51-65,South
C15115,32,Male,26-35,Central
C14637,43,Male,36-50,South
C14854,32,Male,26-35,South
C13177,68,Male,65+,South
C17730,40,Female,36-50,Central
C12128,22,Female,18-25,East
C12180,47,Female,36-50,West
C14892,41,Female,36-50,Central
C17043,48,Female,36-50,West
C10137,62,Female,51-65,South
C16327,64,Male,51-65,South
C13472,58,Male,51-65,South
C15449,53,Male,51-65,East
C12832,59,Male,51-65,South
C13579,53,Female,51-65,South
C15971,63,Female,51-65,Central
C13031,51,Female,51-65,West
C14164,66,Female,65+,Central
C12593,45,Female,36-50,North
C17941,55,Male,51-65,North
C16196,18,Male,18-25,North
C15569,28,Male,26-35,Central
C14300,41,Female,36-50,South
C16269,58,Male,51-65,North
C13818,23,Female,18-25,South
C14138,31,Female,26-35,East
C13823,19,Female,18-25,West
C14042,61,Other,51-65,South
C11906,35,Female,26-35,North
C16254,61,Female,51-65,East
C10760,51,Female,51-65,North
C17830,57,Male,51-65,North
C17350,55,Female,51-65,East
C16991,51,Male,51-65,East
C16090,24,Female,18-25,South
C16031,60,Male,51-65,East
C17687,26,Male,26-35,East
C10899,69,Male,65+,West
C14455,49,Male,36-50,South
C12947,54,Male,51-65,West
C11719,43,Female,36-50,South
C10280,61,Female,51-65,West
C13266,19,Female,18-25,West
C11887,52,Female,51-65,North
C10666,39,Male,36-50,West
C14188,69,Male,65+,West
C10671,52,Male,51-65,East
C11969,18,Other,18-25,East
C14156,35,Female,26-35,South
C16777,44,Female,36-50,North
C13122,58,Male,51-65,East
C17570,28,Female,26-35,Central
C17956,28,Other,26-35,North
C15585,69,Female,65+,Central
C14699,27,Male,26-35,West
C13900,54,Male,51-65,East
C16677,28,Male,26-35,East
C15524,25,Female,18-25,North
C16981,56,Female,51-65,North
C17680,50,Female,36-50,Central
C16788,40,Male,36-50,South
C16376,21,Male,18-25,West
C10523,50,Female,36-50,West
C12393,55,Female,51-65,West
C13117,18,Female,18-25,West
C11968,63,Female,51-65,East
C15197,25,Male,18-25,East
C11753,24,Female,18-25,South
C15932,22,Female,18-25,West
C17240,26,Male,26-35,South
C16937,43,Male,36-50,Central
C12296,50,Male,36-50,North
C15240,52,Male,51-65,West
C12261,32,Female,26-35,South
C12286,62,Male,51-65,South
C15175,38,Male,36-50,West
C16493,25,Female,18-25,South
C14202,21,Female,18-25,East
C12878,61,Male,51-65,West
C14143,37,Male,36-50,East
C13644,52,Female,51-65,Central
C14432,19,Female,18-25,Central
C15145,40,Male,36-50,Central
C16947,52,Male,51-65,North
C15376,33,Male,26-35,East
C12055,21,Male,18-25,North
C14720,54,Male,51-65,West
C11276,53,Male,51-65,South
C15811,26,Female,26-35,Central
C12766,40,Male,36-50,East
C10302,47,Male,36-50,East
C10638,38,Female,36-50,Central
C10055,19,Female,18-25,West
C14821,37,Female,36-50,North
C10525,27,Male,26-35,South
C14569,55,Male,51-65,West
C14123,33,Female,26-35,South
C12125,49,Male,36-50,North
C13287,48,Male,36-50,South
C17553,40,Female,36-50,East
C10364,62,Female,51-65,East
C16809,54,Female,51-65,Central
C14621,66,Female,65+,West
C16842,46,Male,36-50,South
C15431,59,Female,51-65,North
C14978,64,Male,51-65,Central
C15126,62,Male,51-65,Central
C15122,44,Female,36-50,East
C11646,55,Male,51-65,West
C10918,66,Female,65+,West
C12797,47,Female,36-50,East
C16506,33,Male,26-35,South
C15870,25,Male,18-25,South
C13345,54,Male,51-65,Central
C17673,21,Female,18-25,East
C16882,27,Male,26-35,North
C13086,65,Female,51-65,Central
C15750,20,Other,18-25,North
C14580,18,Female,18-25,Central
C12075,67,Female,65+,Central
C11976,60,Male,51-65,North
C11296,62,Female,51-65,West
C15350,61,Female,51-65,East
C16229,43,Other,36-50,South
C10125,61,Female,51-65,East
C16955,50,Male,36-50,East
C14632,30,Male,26-35,West
C16288,69,Female,65+,South
C13596,21,Male,18-25,West
C13283,25,Male,18-25,South
C16168,45,Female,36-50,West
C11603,31,Male,26-35,West
C17561,34,Male,26-35,North
C10066,36,Female,36-50,East
C10232,38,Male,36-50,West
C11169,25,Male,18-25,East
C12158,59,Male,51-65,North
C16371,24,Female,18-25,North
C14206,31,Other,26-35,South
C11493,32,Male,26-35,West
C16177,48,Male,36-50,West
C14718,57,Female,51-65,South
C17943,34,Other,26-35,North
C14007,41,Male,36-50,North
C17536,56,Female,51-65,West
C16891,58,Female,51-65,West
C16738,40,Male,36-50,South
C12472,29,Female,26-35,South
C15637,43,Female,36-50,Central
C12739,61,Female,51-65,North
C15401,29,Male,26-35,Central
C17487,43,Female,36-50,North
C11761,35,Female,26-35,West
C13514,22,Male,18-25,Central
C11975,57,Female,51-65,East
C12362,40,Male,36-50,West
C16085,23,Male,18-25,North
C13812,69,Male,65+,West
C13448,31,Female,26-35,South
C11312,61,Male,51-65,East
C12709,58,Female,51-65,South
C12324,43,Female,36-50,North
C11605,54,Female,51-65,East
C15622,68,Female,65+,South
C16767,68,Female,65+,North
C12563,59,Female,51-65,South
C13421,47,Male,36-50,North
C16986,19,Male,18-25,West
C13517,30,Female,26-35,West
C17997,69,Female,65+,East
C12397,21,Female,18-25,South
C13735,60,Male,51-65,South
C12870,58,Female,51-65,East
C11160,67,Male,65+,South
C17042,42,Male,36-50,West
C10242,55,Female,51-65,West
C12590,22,Female,18-25,East
C11063,47,Male,36-50,East
C14324,57,Female,51-65,North
C12595,20,Female,18-25,South
C10919,31,Female,26-35,West
C15342,36,Male,36-50,South
C10005,26,Male,26-35,North
C17489,57,Male,51-65,West
C10467,33,Male,26-35,West
C15851,30,Female,26-35,South
C14170,61,Other,51-65,South
C10003,38,Male,36-50,Central
C15966,67,Male,65+,East
C10645,61,Male,51-65,East
C10117,38,Male,36-50,West
C12928,45,Male,36-50,South
C15725,55,Male,51-65,North
C12551,58,Female,51-65,Central
C16117,46,Male,36-50,South
C15042,49,Female,36-50,East
C16717,25,Male,18-25,South
C15560,69,Female,65+,South
C14289,27,Female,26-35,South
C10846,45,Male,36-50,South
C12762,64,Female,51-65,East
C17193,61,Male,51-65,Central
C15554,26,Female,26-35,North
C17467,25,Male,18-25,East
C15764,50,Male,36-50,Central
C16469,33,Female,26-35,East
C15529,54,Female,51-65,North
C11141,64,Male,51-65,North
C16979,18,Female,18-25,West
C10723,28,Female,26-35,North
C10224,59,Male,51-65,East
C14627,61,Male,51-65,Central
C14208,26,Female,26-35,East
C16283,46,Female,36-50,Central
C14654,49,Female,36-50,East
C16233,19,Male,18-25,North
C14749,58,Female,51-65,North
C14415,32,Male,26-35,South
C11573,69,Male,65+,Central
C11828,47,Male,36-50,West
C11917,56,Male,51-65,Central
C14234,28,Female,26-35,South
C17678,36,Male,36-50,Central
C16988,65,Male,51-65,South
C12026,21,Female,18-25,West
C16402,45,Female,36-50,Central
C13744,57,Male,51-65,Central
C10901,21,Female,18-25,East
C14785,41,Male,36-50,North
C12039,46,Female,36-50,East
C10260,37,Male,36-50,North
C16038,41,Male,36-50,West
C11673,33,Female,26-35,South
C12219,65,Female,51-65,South
C12060,52,Other,51-65,North
C13713,60,Female,51-65,East
C11619,69,Male,65+,East
C10320,25,Male,18-25,North
C11342,59,Female,51-65,North
C12376,21,Female,18-25,East
C11994,35,Male,26-35,Central
C12958,61,Female,51-65,Central
C16039,37,Male,36-50,Central
C17717,60,Female,51-65,Central
C13490,24,Female,18-25,North
C13677,52,Female,51-65,South
C11118,36,Female,36-50,East
C17984,65,Female,51-65,East
C11604,68,Male,65+,West
C16461,58,Female,51-65,North
C14027,66,Female,65+,North
C14429,49,Female,36-50,South
C11908,37,Male,36-50,East
C10375,22,Female,18-25,East
C13530,29,Female,26-35,East
C15256,35,Male,26-35,West
C12635,62,Male,51-65,South
C12560,23,Male,18-25,Central
C15415,48,Female,36-50,East
C13391,37,Male,36-50,West
C12965,61,Male,51-65,West
C15951,38,Male,36-50,South
C15468,67,Male,65+,West
C13850,67,Male,65+,Central
C10872,42,Female,36-50,North
C15947,52,Male,51-65,North
C11314,62,Female,51-65,Central
C14820,41,Female,36-50,East
C17332,58,Male,51-65,West
C16148,23,Female,18-25,North
C12898,52,Male,51-65,Central
C17546,47,Female,36-50,South
C10077,19,Female,18-25,East
C17577,64,Female,51-65,East
C12621,43,Female,36-50,South
C14227,31,Male,26-35,West
C15868,61,Male,51-65,East
C11065,35,Male,26-35,South
C12136,49,Male,36-50,West
C12449,59,Female,51-65,West
C12343,42,Male,36-50,West
C11863,37,Male,36-50,North
C11318,19,Male,18-25,South
C14711,69,Female,65+,West
C13597,23,Female,18-25,West
C16943,34,Male,26-35,North
C13762,40,Male,36-50,Central
C17804,30,Male,26-35,East
C16565,59,Male,51-65,West
C15984,31,Male,26-35,West
C15142,42,Other,36-50,Central
C14670,58,Male,51-65,West
C12190,33,Female,26-35,South
C10992,69,Female,65+,North
C12712,18,Male,18-25,East
C12192,47,Female,36-50,North
C11248,28,Male,26-35,Central
C13054,45,Female,36-50,North
C14033,30,Female,26-35,East
C11997,52,Female,51-65,South
C14916,39,Female,36-50,North
C13687,43,Male,36-50,South
C12151,46,Male,36-50,North
C14018,39,Male,36-50,North
C13110,46,Male,36-50,East
C11970,40,Female,36-50,West
C15765,45,Male,36-50,South
C12626,30,Female,26-35,West
C16534,61,Male,51-65,West
C11202,56,Male,51-65,East
C16697,18,Male,18-25,West
C15567,60,Female,51-65,West
C17667,59,Male,51-65,North
C17182,57,Female,51-65,Central
C15742,62,Female,51-65,West
C15788,48,Female,36-50,North
C12035,34,Male,26-35,South
C10477,33,Female,26-35,West
C11254,60,Female,51-65,South
C10922,23,Male,18-25,South
C10419,45,Female,36-50,Central
C12204,33,Male,26-35,Central
C12597,53,Female,51-65,Central
C17608,47,Male,36-50,East
C11120,61,Male,51-65,West
C13068,27,Male,26-35,South
C17578,26,Male,26-35,Central
C10950,60,Male,51-65,South
C12336,49,Female,36-50,South
C15373,63,Female,51-65,South
C12243,20,Female,18-25,East
C12645,37,Male,36-50,Central
C11857,67,Male,65+,North
C17689,38,Female,36-50,East
C14612,44,Female,36-50,West
C15754,52,Female,51-65,South
C11865,18,Female,18-25,Central
C12912,44,Female,36-50,North
C12853,32,Male,26-35,East
C16028,50,Male,36-50,South
C17326,52,Male,51-65,North
C15996,63,Male,51-65,South
C16359,50,Female,36-50,North
C17863,66,Male,65+,East
C16158,62,Female,51-65,South
C13228,26,Female,26-35,North
C17428,25,Female,18-25,North
C12371,44,Male,36-50,South
C12891,19,Male,18-25,South
C13756,49,Female,36-50,North
C14225,53,Male,51-65,West
C10094,64,Female,51-65,South
C12674,47,Female,36-50,South
C16898,44,Female,36-50,West
C17459,23,Female,18-25,South
C10793,68,Male,65+,Central
C11834,60,Female,51-65,Central
C17450,66,Female,65+,West
C12116,60,Female,51-65,West
C14106,38,Female,36-50,West
C13325,29,Male,26-35,Central
C15961,25,Female,18-25,North
C13205,28,Male,26-35,East
C14807,22,Female,18-25,Central
C16166,44,Male,36-50,North
C10814,25,Female,18-25,West
C10345,59,Female,51-65,South
C12349,43,Male,36-50,West
C10362,64,Female,51-65,West
C12443,43,Female,36-50,East
C12188,32,Male,26-35,North
C17783,46,Female,36-50,North
C13281,33,Male,26-35,Central
C10984,21,Female,18-25,North
C17790,41,Female,36-50,Central
C11639,62,Female,51-65,North
C10827,18,Male,18-25,North
C12730,68,Male,65+,West
C13531,22,Male,18-25,West
C17147,24,Male,18-25,South
C14451,69,Male,65+,East
C17151,35,Female,26-35,West
C15443,27,Female,26-35,Central
C17300,58,Female,51-65,South
C12935,53,Male,51-65,North
C13876,26,Female,26-35,Central
C10126,37,Female,36-50,East
C13056,47,Female,36-50,Central
C10603,22,Male,18-25,West
C17966,63,Female,51-65,North
C13449,68,Male,65+,North
C16024,37,Female,36-50,North
C15109,37,Male,36-50,East
C17196,44,Male,36-50,Central
C13533,23,Female,18-25,East
C13367,39,Male,36-50,West
C13368,30,Male,26-35,West
C13797,42,Female,36-50,Central
C16922,18,Male,18-25,South
C15526,60,Male,51-65,East
C11792,41,Male,36-50,East
C12861,63,Female,51-65,North
C13476,59,Male,51-65,West
C13417,59,Male,51-65,South
C11645,35,Male,26-35,North
C16563,27,Male,26-35,Central
C11205,26,Female,26-35,South
C13030,65,Female,51-65,West
C12872,67,Female,65+,North
C11854,46,Female,36-50,West
C14021,26,Other,26-35,Central
C14662,66,Female,65+,Central
C16514,67,Male,65+,East
C15031,24,Male,18-25,West
C16030,43,Male,36-50,West
C12708,24,Male,18-25,North
C13502,37,Male,36-50,Central
C17112,49,Female,36-50,South
C11332,49,Male,36-50,South
C17304,51,Male,51-65,East
C10201,50,Female,36-50,East
C13507,29,Male,26-35,West
C16456,63,Male,51-65,West
C14212,48,Female,36-50,East
C17833,66,Female,65+,West
C15032,46,Female,36-50,East
C17970,33,Male,26-35,North
C16387,31,Male,26-35,South
C10536,18,Male,18-25,South
C17973,49,Male,36-50,West
C10385,45,Male,36-50,North
C16490,27,Female,26-35,Central
C13600,52,Male,51-65,North
C16783,38,Female,36-50,East
C15034,38,Female,36-50,North
C14971,62,Male,51-65,East
C15298,27,Female,26-35,South
C14759,27,Male,26-35,West
C14120,67,Male,65+,Central
C11990,41,Male,36-50,West
C15299,68,Male,65+,South
C14805,37,Male,36-50,East
C13572,26,Male,26-35,South
C15975,45,Male,36-50,South
C15280,19,Male,18-25,West
C15098,61,Male,51-65,North
C14757,43,Female,36-50,Central
C12713,20,Male,18-25,South
C12203,37,Male,36-50,East
C10966,21,Male,18-25,East
C14944,28,Male,26-35,North
C15203,66,Male,65+,North
C13432,27,Male,26-35,West
C10688,19,Female,18-25,North
C14243,62,Male,51-65,Central
C13701,22,Male,18-25,East
C10341,27,Male,26-35,Central
C15182,38,Female,36-50,West
C11724,18,Female,18-25,West
C15479,37,Male,36-50,West
C16704,56,Female,51-65,West
C14422,61,Female,51-65,North
C11759,56,Male,51-65,East
C13212,41,Female,36-50,North
C10989,68,Female,65+,North
C12262,19,Male,18-25,East
C10951,34,Female,26-35,Central
C10722,43,Other,36-50,North
C13389,23,Female,18-25,Central
C12079,21,Female,18-25,South
C12717,57,Male,51-65,East
C12332,19,Male,18-25,Central
C14524,55,Female,51-65,West
C10285,47,Male,36-50,East
C17311,50,Male,36-50,North
C13495,45,Female,36-50,North
C10768,49,Female,36-50,West
C16733,61,Male,51-65,South
C15490,59,Female,51-65,South
C17342,62,Other,51-65,West
C13057,35,Female,26-35,West
C15083,29,Female,26-35,West
C12161,45,Male,36-50,East
C13293,34,Female,26-35,North
C15797,68,Male,65+,North
C10946,48,Male,36-50,Central
C14926,44,Female,36-50,West
C17811,35,Male,26-35,North
C16016,38,Female,36-50,West
C13335,33,Male,26-35,North
C17068,69,Other,65+,East
C14150,63,Female,51-65,Central
C17810,35,Other,26-35,West
C14895,60,Male,51-65,East
C14873,48,Male,36-50,East
C11481,19,Male,18-25,Central
C11901,33,Female,26-35,East
C16305,47,Male,36-50,East
C13451,59,Female,51-65,West
C14064,18,Female,18-25,South
C16230,23,Female,18-25,South
C10054,32,Male,26-35,Central
C15297,26,Male,26-35,East
C13462,60,Female,51-65,Central
C13079,19,Male,18-25,South
C10832,48,Female,36-50,East
C14408,51,Female,51-65,West
C15954,38,Female,36-50,West
C16103,30,Female,26-35,West
C12490,54,Male,51-65,North
C15886,43,Female,36-50,South
C10327,39,Female,36-50,West
C17221,26,Male,26-35,West
C16904,43,Other,36-50,East
C13310,54,Male,51-65,East
C13300,40,Male,36-50,North
C16722,23,Male,18-25,Central
C17218,66,Male,65+,South
C15383,21,Female,18-25,West
C17585,65,Male,51-65,South
C15207,26,Female,26-35,Central
C11311,60,Male,51-65,North
C16957,58,Female,51-65,Central
C12538,67,Male,65+,North
C13983,36,Female,36-50,South
C14547,27,Female,26-35,East
C15619,27,Female,26-35,East
C10164,53,Female,51-65,East
C14277,23,Male,18-25,South
C16612,36,Female,36-50,East
C15005,26,Male,26-35,South
C16878,46,Male,36-50,North
C10822,18,Male,18-25,North
C10943,43,Female,36-50,West
C16097,58,Female,51-65,East
C16150,67,Male,65+,Central
C14425,19,Female,18-25,North
C10774,63,Male,51-65,South
C17840,38,Female,36-50,Central
C12198,66,Female,65+,Central
C13156,19,Male,18-25,Central
C14242,45,Female,36-50,Central
C13695,69,Female,65+,East
C13452,33,Female,26-35,South
C10914,32,Female,26-35,West
C15667,28,Male,26-35,North
C11308,34,Female,26-35,Central
C16843,56,Female,51-65,South
C14177,36,Male,36-50,East
C10513,67,Female,65+,South
C11920,40,Female,36-50,West
C16958,66,Male,65+,West
C16852,38,Female,36-50,West
C16035,21,Female,18-25,East
C13594,28,Other,26-35,West
C14841,34,Female,26-35,North
C17166,20,Female,18-25,East
C14802,51,Male,51-65,East
C14566,66,Male,65+,Central
C13190,23,Female,18-25,West
C11555,54,Male,51-65,South
C16404,63,Male,51-65,North
C11279,21,Female,18-25,West
C15853,42,Male,36-50,North
C15000,51,Male,51-65,Central
C17393,44,Male,36-50,South
C17083,52,Male,51-65,West
C11387,32,Male,26-35,South
C15399,18,Female,18-25,East
C14688,58,Female,51-65,North
C12761,63,Male,51-65,West
C17325,29,Female,26-35,East
C12679,26,Female,26-35,Central
C12106,49,Female,36-50,West
C17894,58,Female,51-65,West
C14223,67,Male,65+,North
C14831,27,Female,26-35,South
C12768,64,Male,51-65,West
C13953,23,Other,18-25,South
C13186,57,Female,51-65,Central
C13280,27,Female,26-35,South
C12573,30,Male,26-35,West
C14616,37,Male,36-50,West
C12599,51,Female,51-65,West
C10236,44,Male,36-50,South
C11304,50,Male,36-50,North
C13430,68,Male,65+,West
C17368,68,Male,65+,Central
C11301,48,Male,36-50,Central
C17402,62,Female,51-65,East
C12541,56,Female,51-65,West
C12051,29,Female,26-35,East
C10441,42,Male,36-50,West
C12076,59,Male,51-65,Central
C13180,31,Male,26-35,North
C12657,30,Male,26-35,West
C10074,56,Female,51-65,South
C17313,45,Male,36-50,Central
C12175,28,Female,26-35,Central
C13924,58,Female,51-65,East
C12089,33,Female,26-35,East
C15475,20,Male,18-25,West
C10040,25,Female,18-25,North
C17077,44,Female,36-50,Central
C17184,42,Male,36-50,North
C15796,61,Male,51-65,North
C17320,32,Female,26-35,North
C17141,34,Female,26-35,West
C15497,35,Female,26-35,South
C14683,51,Female,51-65,North
C11622,60,Male,51-65,East
C17796,38,Female,36-50,West
C14052,43,Female,36-50,North
C12074,65,Female,51-65,South
C17454,52,Other,51-65,East
C14826,51,Other,51-65,South
C14263,36,Female,36-50,West
C10609,64,Female,51-65,North
C16411,46,Other,36-50,North
C16136,48,Male,36-50,East
C16964,38,Male,36-50,West
C10454,47,Male,36-50,Central
C12953,53,Female,51-65,West
C11708,48,Male,36-50,North
C12969,63,Male,51-65,West
C13028,49,Male,36-50,West
C14797,37,Male,36-50,West
C13629,56,Female,51-65,Central
C15695,21,Male,18-25,South
C15941,65,Female,51-65,North
C11386,21,Male,18-25,West
C13776,66,Female,65+,North
C12866,68,Female,65+,West
C14788,67,Male,65+,West
C13363,44,Female,36-50,West
C14889,65,Female,51-65,North
C14124,60,Male,51-65,West
C10148,41,Male,36-50,South
C12058,69,Male,65+,South
C11136,25,Other,18-25,Central
C10186,27,Male,26-35,North
C12854,33,Male,26-35,South
C16887,23,Male,18-25,South
C11333,41,Female,36-50,East
C14193,24,Male,18-25,North
C16766,45,Female,36-50,East
C12711,66,Female,65+,South
C14853,20,Male,18-25,North
C14501,22,Male,18-25,South
C16212,56,Other,51-65,East
C17479,49,Female,36-50,North
C11785,40,Female,36-50,East
C17715,61,Male,51-65,West
C10750,43,Female,36-50,South
C17315,54,Female,51-65,West
C17634,25,Male,18-25,East
C11762,54,Female,51-65,West
C17411,19,Female,18-25,North
C17658,66,Male,65+,West
C13920,36,Male,36-50,North
C17674,62,Female,51-65,East
C14460,39,Male,36-50,East
C16122,25,Male,18-25,West
C10481,68,Male,65+,West
C16344,43,Female,36-50,South
C10153,32,Female,26-35,East
C17617,23,Female,18-25,East
C11524,49,Male,36-50,West
C12120,29,Female,26-35,Central
C16856,46,Female,36-50,West
C15136,55,Male,51-65,West
C15760,45,Male,36-50,Central
C11240,23,Male,18-25,West
C10060,53,Male,51-65,Central
C10938,25,Female,18-25,East
C16185,25,Male,18-25,South
C15158,67,Other,65+,Central
C14226,19,Male,18-25,North
C13569,60,Female,51-65,Central
C14203,68,Male,65+,East
C10171,42,Female,36-50,North
C11458,19,Male,18-25,North
C13549,69,Male,65+,North
C14197,23,Female,18-25,Central
C17009,43,Female,36-50,Central
C16667,31,Male,26-35,Central
C12322,24,Male,18-25,North
C13115,36,Female,36-50,East
C16960,63,Male,51-65,South
C13004,60,Female,51-65,East
C10329,54,Female,51-65,South
C13640,66,Female,65+,South
C13894,52,Female,51-65,East
C17982,51,Male,51-65,East
C11341,32,Male,26-35,Central
C13663,23,Female,18-25,North
C10215,44,Male,36-50,East
C10338,28,Male,26-35,West
C14062,68,Female,65+,North
C11750,52,Female,51-65,East
C15604,32,Female,26-35,North
C12421,51,Male,51-65,East
C17119,53,Male,51-65,South
C15319,21,Female,18-25,North
C17704,24,Female,18-25,South
C16609,37,Male,36-50,East
C15208,48,Female,36-50,West
C13726,58,Male,51-65,South
C13642,19,Male,18-25,North
C15657,62,Male,51-65,East
C10046,42,Female,36-50,North
C13359,29,Male,26-35,West
C15135,57,Male,51-65,South
C14806,46,Other,36-50,South
C10400,64,Male,51-65,East
C13990,36,Male,36-50,Central
C15913,37,Male,36-50,South
C17124,62,Female,51-65,North
C14345,27,Male,26-35,South
C10390,30,Other,26-35,Central
C13853,36,Female,36-50,West
C14430,27,Male,26-35,North
C10628,69,Female,65+,West
C17686,18,Male,18-25,West
C14232,41,Male,36-50,Central
C12930,35,Male,26-35,North
C16831,37,Male,36-50,North
C11521,50,Female,36-50,West
C10826,36,Female,36-50,South
C14822,27,Female,26-35,North
C16737,43,Female,36-50,South
C15085,66,Male,65+,West
C12419,18,Male,18-25,Central
C10934,34,Male,26-35,North
C13042,38,Female,36-50,South
C14497,25,Female,18-25,Central
C11466,38,Other,36-50,West
C10614,62,Male,51-65,South
C17693,43,Female,36-50,North
C11182,60,Female,51-65,West
C13223,18,Female,18-25,North
C17138,59,Female,51-65,Central
C12667,50,Female,36-50,North
C17980,52,Female,51-65,West
C15217,64,Female,51-65,East
C16948,54,Female,51-65,South
C15290,31,Female,26-35,South
C12983,56,Male,51-65,Central
C17129,22,Male,18-25,West
C14278,45,Female,36-50,East
C17126,42,Female,36-50,South
C14459,21,Male,18-25,West
C10038,26,Male,26-35,North
C17694,59,Female,51-65,North
C13959,22,Female,18-25,South
C13587,21,Male,18-25,East
C10920,49,Female,36-50,West
C17564,62,Female,51-65,West
C12769,37,Male,36-50,East
C17328,67,Male,65+,South
C14111,34,Male,26-35,North
C15545,36,Male,36-50,North
C11131,26,Female,26-35,East
C17037,58,Male,51-65,West
C13521,40,Male,36-50,Central
C10310,24,Male,18-25,North
C10738,63,Female,51-65,East
C13241,32,Male,26-35,West
C10545,34,Female,26-35,North
C12461,53,Female,51-65,East
C14346,43,Female,36-50,North
C11804,24,Male,18-25,North
C17583,63,Female,51-65,Central
C13810,60,Male,51-65,South
C16010,42,Female,36-50,East
C10813,25,Female,18-25,North
C12032,51,Female,51-65,Central
C14572,27,Male,26-35,Central
C10244,21,Female,18-25,East
C14792,50,Female,36-50,South
C10271,27,Male,26-35,North
C13511,48,Female,36-50,North
C11771,32,Female,26-35,Central
C11262,37,Female,36-50,West
C12424,33,Female,26-35,North
C14361,22,Male,18-25,West
C17069,52,Female,51-65,West
C14435,46,Male,36-50,North
C14484,67,Male,65+,South
C12624,44,Female,36-50,North
C13760,32,Other,26-35,Central
C12050,47,Female,36-50,East
C13500,59,Female,51-65,North
C11165,49,Male,36-50,East
C17837,26,Female,26-35,West
C12033,45,Female,36-50,West
C16467,30,Male,26-35,East
C10145,59,Male,51-65,Central
C16077,46,Female,36-50,East
C14388,37,Male,36-50,North
C17832,37,Male,36-50,North
C10431,37,Female,36-50,East
C10704,51,Female,51-65,East
C17092,69,Female,65+,South
C16094,23,Male,18-25,East
C12632,21,Female,18-25,Central
C14494,60,Female,51-65,Central
C17511,61,Male,51-65,North
C10963,28,Female,26-35,West
C17307,20,Female,18-25,East
C12234,26,Male,26-35,East
C12108,41,Female,36-50,Central
C14068,21,Female,18-25,South
C17547,60,Female,51-65,South
C10806,20,Male,18-25,Central
C11463,43,Male,36-50,North
C17486,47,Female,36-50,West
C15421,54,Male,51-65,West
C13415,44,Female,36-50,Central
C10010,45,Female,36-50,West
C15181,26,Female,26-35,North
C11868,19,Female,18-25,North
C16369,52,Male,51-65,East
C17878,25,Male,18-25,North
C16707,62,Male,51-65,North
C14867,64,Female,51-65,North
C15690,41,Male,36-50,South
C15703,24,Female,18-25,North
C17827,31,Female,26-35,West
C15429,58,Male,51-65,East
C10884,36,Female,36-50,South
C17410,53,Female,51-65,South
C13564,34,Female,26-35,Central
C11389,25,Female,18-25,East
C13401,33,Male,26-35,West
C17274,21,Male,18-25,Central
C14321,50,Female,36-50,Central
C10824,62,Female,51-65,South
C10936,40,Female,36-50,Central
C12800,33,Male,26-35,South
C12553,61,Female,51-65,Central
C16007,41,Male,36-50,North
C13845,22,Male,18-25,North
C17684,63,Male,51-65,East
C11796,22,Male,18-25,South
C10053,53,Female,51-65,East
C17214,34,Male,26-35,Central
C10726,21,Male,18-25,North
C12736,48,Male,36-50,North
C15640,69,Female,65+,South
C15139,65,Female,51-65,Central
C11913,58,Male,51-65,South
C15872,65,Female,51-65,South
C11596,39,Male,36-50,East
C11914,52,Female,51-65,East
C17657,50,Female,36-50,West
C12466,54,Male,51-65,Central
C12737,63,Female,51-65,Central
C10849,55,Male,51-65,Central
C12109,18,Male,18-25,West
C10002,51,Other,51-65,Central
C14255,22,Female,18-25,West
C14069,50,Female,36-50,West
C14876,54,Female,51-65,North
C17287,53,Male,51-65,Central
C10892,66,Female,65+,South
C12030,54,Male,51-65,Central
C13160,68,Female,65+,West
C14675,63,Male,51-65,South
C11933,29,Male,26-35,North
C11380,66,Male,65+,East
C13681,20,Female,18-25,West
C11290,41,Female,36-50,South
C11640,39,Female,36-50,South
C15047,26,Male,26-35,South
C17490,25,Female,18-25,South
C12682,30,Female,26-35,South
C10987,59,Male,51-65,North
C17708,66,Female,65+,South
C17816,53,Male,51-65,East
C11355,24,Male,18-25,North
C14265,45,Female,36-50,West
C15582,28,Female,26-35,Central
C14135,60,Male,51-65,East
C11560,68,Male,65+,North
C11418,60,Female,51-65,West
C10983,62,Female,51-65,North
C17291,20,Male,18-25,East
C10974,54,Female,51-65,East
C14133,40,Male,36-50,North
C16471,58,Female,51-65,North
C15370,65,Male,51-65,West
C13972,39,Male,36-50,North
C15295,44,Male,36-50,South
C15721,37,Male,36-50,South
C10913,20,Male,18-25,West
C14549,46,Male,36-50,West
C10036,29,Female,26-35,Central
C13387,34,Female,26-35,South
C11711,55,Female,51-65,West
C13020,52,Female,51-65,North
C10795,20,Female,18-25,South
C14036,30,Female,26-35,South
C15233,45,Male,36-50,East
C13111,61,Female,51-65,Central
C16367,49,Female,36-50,East
C10317,43,Male,36-50,West
C12396,48,Male,36-50,North
C12162,34,Female,26-35,North
C11591,57,Male,51-65,Central
C15985,40,Female,36-50,East
C16183,47,Male,36-50,North
C13930,26,Female,26-35,South
C11285,33,Male,26-35,North
C14311,29,Female,26-35,South
C17314,64,Female,51-65,Central
C12383,23,Female,18-25,South
C13239,48,Female,36-50,North
C12139,48,Female,36-50,Central
C16496,55,Female,51-65,South
C16714,43,Male,36-50,West
C17738,55,Male,51-65,North
C11704,44,Female,36-50,Central
C16924,66,Male,65+,South
C12604,48,Female,36-50,East
C17512,50,Female,36-50,South
C11716,47,Female,36-50,Central
C15289,21,Female,18-25,East
C14286,69,Female,65+,East
C13738,43,Other,36-50,South
C12469,51,Female,51-65,West
C14795,35,Male,26-35,East
C16276,67,Male,65+,West
C17914,49,Female,36-50,North
C10556,45,Male,36-50,West
C15150,69,Male,65+,North
C16678,52,Female,51-65,Central
C14521,18,Male,18-25,West
C12719,56,Male,51-65,East
C13508,54,Male,51-65,Central
C13741,41,Male,36-50,East
C13998,43,Male,36-50,East
C12129,27,Female,26-35,South
C12403,59,Other,51-65,East
C13329,19,Male,18-25,West
C17885,47,Male,36-50,South
C10588,21,Male,18-25,West
C12012,44,Female,36-50,North
C11547,18,Male,18-25,North
C10294,51,Female,51-65,North
C11985,30,Female,26-35,South
C15343,25,Female,18-25,East
C11690,24,Other,18-25,West
C15352,62,Male,51-65,Central
C12064,67,Female,65+,Central
C14543,43,Female,36-50,West
C16999,63,Male,51-65,Central
C16508,20,Female,18-25,West
C14770,39,Male,36-50,North
C11007,68,Female,65+,East
C15445,32,Female,26-35,South
C12514,64,Female,51-65,North
C16557,49,Male,36-50,North
C13526,29,Male,26-35,Central
C14681,47,Female,36-50,West
C11247,24,Female,18-25,Central
C15089,54,Female,51-65,South
C13902,33,Female,26-35,North
C11435,47,Male,36-50,West
C10571,51,Male,51-65,West
C12382,66,Female,65+,West
C11245,40,Female,36-50,West
C12084,62,Male,51-65,South
C15084,51,Female,51-65,West
C10277,64,Male,51-65,Central
C17059,48,Male,36-50,West
C14579,50,Female,36-50,West
C11265,28,Female,26-35,East
C17491,28,Male,26-35,North
C11040,40,Female,36-50,East
C10917,34,Female,26-35,West
C10885,63,Male,51-65,North
C12752,57,Male,51-65,North
C10021,48,Male,36-50,West
C16353,41,Female,36-50,West
C12353,39,Male,36-50,South
C17437,30,Female,26-35,Central
C10686,59,Male,51-65,Central
C10284,39,Female,36-50,Central
C14811,41,Female,36-50,West
C13747,23,Female,18-25,East
C10762,18,Male,18-25,North
C15346,56,Male,51-65,South
C15043,57,Male,51-65,Central
C12428,64,Male,51-65,Central
C12507,58,Male,51-65,North
C10028,51,Female,51-65,North
C10906,43,Female,36-50,West
C17813,29,Female,26-35,Central
C16222,58,Female,51-65,West
C13999,48,Male,36-50,Central
C12994,53,Female,51-65,North
C12506,59,Female,51-65,East
C14665,28,Female,26-35,North
C13609,61,Male,51-65,North
C13553,43,Female,36-50,South
C11453,30,Male,26-35,South
C14833,49,Male,36-50,South
C10515,69,Male,65+,East
C16096,44,Female,36-50,East
C16540,28,Male,26-35,North
C17656,24,Female,18-25,North
C10886,68,Female,65+,East
C12844,45,Female,36-50,South
C11098,52,Male,51-65,South
C13201,45,Female,36-50,Central
C15806,55,Male,51-65,West
C15069,60,Female,51-65,South
C13155,56,Female,51-65,Central
C13093,19,Female,18-25,South
C15658,25,Female,18-25,South
C13778,64,Female,51-65,Central
C13453,19,Male,18-25,West
C17771,40,Female,36-50,West
C10988,68,Other,65+,West
C14116,31,Male,26-35,South
C16446,66,Male,65+,West
C14026,61,Female,51-65,South
C14179,20,Female,18-25,North
C16072,64,Male,51-65,South
C17620,37,Female,36-50,North
C15506,23,Male,18-25,South
C15626,60,Male,51-65,Central
C17424,35,Female,26-35,South
C13963,61,Female,51-65,West
C10933,23,Male,18-25,West
C13598,28,Male,26-35,East
C13233,26,Male,26-35,South
C11980,20,Male,18-25,Central
C11855,39,Male,36-50,East
C10792,56,Female,51-65,North
C10791,25,Male,18-25,West
C17691,21,Male,18-25,North
C11809,27,Female,26-35,North
C16635,18,Male,18-25,West
C13610,57,Male,51-65,North
C11607,28,Female,26-35,Central
C15179,66,Female,65+,North
C16573,58,Female,51-65,Central
C15776,68,Female,65+,North
C13676,69,Male,65+,Central
C13380,32,Female,26-35,South
C10519,67,Female,65+,North
C10590,51,Male,51-65,East
C11050,60,Female,51-65,South
C15805,47,Female,36-50,North
C13633,35,Male,26-35,Central
C16131,31,Male,26-35,Central
C16342,22,Male,18-25,North
C14444,28,Male,26-35,East
C16059,34,Male,26-35,South
C10692,59,Female,51-65,South
C15655,21,Male,18-25,East
C13899,49,Male,36-50,South
C14473,57,Female,51-65,North
C12946,24,Female,18-25,West
C17725,30,Male,26-35,Central
C10526,44,Male,36-50,South
C13224,40,Female,36-50,West
C16877,18,Female,18-25,North
C12253,28,Female,26-35,South
C16598,58,Male,51-65,East
C13344,19,Female,18-25,West
C13965,68,Male,65+,West
C15355,30,Male,26-35,North
C11875,31,Female,26-35,East
C11763,34,Male,26-35,North
C10520,55,Female,51-65,Central
C17998,52,Female,51-65,West
C16869,37,Male,36-50,North
C16644,56,Female,51-65,West
C10583,59,Female,51-65,Central
C10394,44,Other,36-50,East
C15183,67,Female,65+,Central
C13788,25,Male,18-25,West
C14167,41,Female,36-50,Central
C13860,58,Male,51-65,North
C10273,67,Male,65+,West
C12013,64,Female,51-65,South
C15439,41,Male,36-50,South
C13566,65,Male,51-65,East
C14702,43,Female,36-50,West
C10165,60,Female,51-65,East
C11567,51,Female,51-65,East
C16154,33,Male,26-35,Central
C15420,46,Male,36-50,Central
C12043,57,Male,51-65,North
C13496,19,Male,18-25,North
C10778,58,Male,51-65,West
C10213,54,Male,51-65,North
C11576,26,Male,26-35,East
C12448,24,Female,18-25,South
C12936,35,Female,26-35,East
C17630,58,Male,51-65,West
C10591,68,Male,65+,West
C15205,57,Female,51-65,Central
C12720,27,Male,26-35,West
C10935,38,Male,36-50,South
C16047,49,Female,36-50,South
C14337,26,Female,26-35,West
C16139,37,Female,36-50,Central
C10001,24,Female,18-25,North
C16368,63,Male,51-65,South
C12848,43,Female,36-50,North
C14044,46,Male,36-50,West
C11949,64,Female,51-65,North
C16732,21,Female,18-25,West
C16259,40,Female,36-50,East
C13174,46,Female,36-50,Central
C12241,44,Female,36-50,South
C17333,30,Female,26-35,North
C17014,21,Male,18-25,Central
C10089,37,Male,36-50,South
C11709,36,Female,36-50,West
C12169,42,Male,36-50,South
C14238,31,Male,26-35,East
C13041,53,Female,51-65,West
C10105,68,Female,65+,South
C10427,27,Female,26-35,North
C15424,63,Male,51-65,East
C10316,53,Female,51-65,Central
C16082,53,Female,51-65,North
C10634,34,Female,26-35,South
C11925,65,Male,51-65,Central
C16917,59,Male,51-65,North
C13144,55,Male,51-65,South
C12270,50,Other,36-50,West
C11439,47,Female,36-50,North
C10552,27,Female,26-35,West
C17537,26,Male,26-35,North
C10715,34,Male,26-35,North
C13911,58,Female,51-65,West
C11713,67,Female,65+,South
C15979,48,Female,36-50,North
C11107,54,Female,51-65,South
C15437,22,Male,18-25,West
C10250,34,Male,26-35,North
C12430,28,Other,26-35,South
C12054,53,Female,51-65,North
C10458,67,Male,65+,North
C10207,49,Male,36-50,East
C10409,40,Male,36-50,South
C10514,53,Male,51-65,South
C17294,24,Male,18-25,Central
C14904,48,Male,36-50,West
C17867,20,Female,18-25,North
C14969,20,Female,18-25,Central
C14109,49,Male,36-50,East
C15066,55,Female,51-65,Central
C17121,30,Female,26-35,South
C17157,18,Female,18-25,East
C17179,32,Male,26-35,East
C12134,65,Female,51-65,South
C13595,24,Female,18-25,East
C11266,64,Female,51-65,South
C13638,30,Male,26-35,East
C10749,46,Male,36-50,Central
C13427,24,Female,18-25,South
C11927,43,Female,36-50,West
C13804,52,Male,51-65,South
C13702,30,Female,26-35,North
C12356,42,Other,36-50,West
C14790,30,Male,26-35,South
C12335,27,Male,26-35,East
C10306,45,Male,36-50,North
C17979,34,Female,26-35,West
C13665,39,Male,36-50,East
C11989,23,Female,18-25,Central
C17057,35,Female,26-35,South
C17890,45,Male,36-50,North
C10661,52,Female,51-65,South
C14644,22,Female,18-25,West
C17519,43,Female,36-50,East
C10311,65,Male,51-65,West
C12920,46,Male,36-50,South
C12971,31,Female,26-35,East
C15833,55,Male,51-65,North
C10754,42,Male,36-50,West
C14130,27,Male,26-35,North
C14540,25,Male,18-25,East
C16236,65,Female,51-65,North
C16078,40,Female,36-50,West
C15326,19,Female,18-25,East
C10352,69,Male,65+,West
C10902,47,Male,36-50,West
C15451,23,Female,18-25,North
C13888,58,Other,51-65,East
C17005,69,Female,65+,Central
C15844,37,Female,36-50,East
C10158,45,Female,36-50,West
C11977,28,Female,26-35,West
C12071,52,Male,51-65,East
C10403,64,Female,51-65,North
C16675,22,Other,18-25,East
C10955,52,Female,51-65,East
C17729,51,Male,51-65,West
C11712,46,Male,36-50,Central
C17090,69,Female,65+,East
C14703,30,Male,26-35,North
C17784,51,Male,51-65,Central
C11273,43,Female,36-50,Central
C17284,34,Male,26-35,Central
C15631,67,Female,65+,Central
C13811,23,Female,18-25,North
C11441,43,Female,36-50,West
C12979,67,Female,65+,East
C11797,24,Female,18-25,West
C14390,47,Female,36-50,South
C14009,25,Female,18-25,South
C14850,30,Other,26-35,North
C11394,35,Male,26-35,East
C14281,44,Male,36-50,South
C11269,20,Female,18-25,East
C14732,19,Female,18-25,South
C13714,28,Male,26-35,West
C10529,60,Female,51-65,East
C13623,66,Male,65+,Central
C17904,35,Male,26-35,North
C13591,52,Other,51-65,East
C12147,19,Male,18-25,North
C14573,41,Male,36-50,Central
C15718,57,Female,51-65,Central
C10939,41,Male,36-50,East
C16477,27,Female,26-35,West
C10374,58,Other,51-65,South
C12340,20,Male,18-25,East
C16980,31,Male,26-35,Central
C14005,34,Male,26-35,West
C13052,48,Male,36-50,South
C14648,36,Male,36-50,North
C12365,46,Female,36-50,West
C11525,30,Female,26-35,West
C14476,19,Female,18-25,East
C10013,29,Female,26-35,North
C14599,66,Female,65+,South
C16104,20,Female,18-25,Central
C10129,52,Female,51-65,North
C13814,45,Male,36-50,South
C13216,29,Female,26-35,East
C13928,51,Female,51-65,Central
C12040,48,Male,36-50,South
C10027,48,Female,36-50,East
C12113,67,Male,65+,Central
C14356,41,Female,36-50,South
C12046,21,Female,18-25,South
C15568,59,Other,51-65,South
C15543,47,Female,36-50,South
C14023,35,Female,26-35,North
C17843,67,Male,65+,South
C14396,62,Other,51-65,West
C16430,25,Male,18-25,South
C13466,27,Female,26-35,East
C13081,64,Male,51-65,East
C10629,56,Female,51-65,North
C10269,64,Female,51-65,East
C12639,19,Male,18-25,South
C11993,52,Male,51-65,West
C15724,61,Female,51-65,East
C15897,18,Female,18-25,South
C14957,34,Female,26-35,South
C11280,49,Female,36-50,Central
C17443,58,Male,51-65,South
C15802,23,Male,18-25,North
C17115,47,Male,36-50,West
C16656,62,Male,51-65,North
C12360,63,Male,51-65,Central
C10575,54,Male,51-65,East
C17029,60,Female,51-65,Central
C16099,59,Female,51-65,South
C11307,46,Female,36-50,North
C13192,51,Male,51-65,East
C13178,45,Other,36-50,North
C16052,65,Male,51-65,West
C16116,63,Female,51-65,North
C17371,24,Male,18-25,Central
C12212,46,Female,36-50,East
C12352,20,Female,18-25,South
C13568,29,Female,26-35,Central
C11655,41,Male,36-50,Central
C11579,28,Female,26-35,East
C15943,58,Male,51-65,North
C11390,46,Female,36-50,South
C11742,64,Female,51-65,West
C10619,47,Female,36-50,West
C11274,37,Male,36-50,North
C11939,36,Female,36-50,North
C12381,48,Female,36-50,Central
C17809,51,Male,51-65,South
C10968,53,Male,51-65,North
C16654,35,Male,26-35,Central
C11316,31,Female,26-35,North
C11043,30,Male,26-35,South
C10281,23,Female,18-25,East
C17168,55,Male,51-65,South
C16262,62,Male,51-65,West
C11058,64,Female,51-65,West
C14293,41,Male,36-50,Central
C12532,40,Male,36-50,East
C13828,56,Female,51-65,East
C15178,68,Male,65+,East
C11008,34,Male,26-35,North
C16834,37,Female,36-50,South
C11229,51,Male,51-65,North
C11035,44,Male,36-50,South
C14585,44,Female,36-50,West
C10275,61,Female,51-65,West
C12740,62,Female,51-65,West
C12289,32,Female,26-35,South
C11239,66,Male,65+,South
C14065,42,Other,36-50,North
C13868,18,Male,18-25,East
C11208,56,Female,51-65,Central
C17351,18,Other,18-25,South
C16638,33,Female,26-35,West
C16570,52,Male,51-65,North
C13249,24,Male,18-25,Central
C15413,27,Female,26-35,North
C16527,26,Female,26-35,East
C14403,23,Male,18-25,North
C15455,45,Other,36-50,South
C12793,37,Male,36-50,South
C10891,50,Female,36-50,East
C14470,58,Female,51-65,West
C17175,34,Male,26-35,South
C11364,32,Male,26-35,Central
C10128,38,Male,36-50,Central
C11014,29,Female,26-35,East
C11799,58,Other,51-65,South
C16812,54,Male,51-65,West
C15477,69,Male,65+,North
C11518,60,Female,51-65,South
C14181,60,Female,51-65,South
C11198,45,Male,36-50,South
C13873,43,Male,36-50,East
C17360,36,Female,36-50,Central
C16454,19,Female,18-25,East
C15238,55,Male,51-65,Central
C12474,66,Other,65+,Central
C16089,60,Female,51-65,Central
C13485,45,Female,36-50,East
C16257,40,Male,36-50,West
C14049,46,Female,36-50,North
C17705,28,Female,26-35,East
C10986,45,Female,36-50,East
C14440,65,Male,51-65,East
C14909,23,Female,18-25,East
C16083,25,Male,18-25,North
C15406,52,Male,51-65,West
C16095,18,Male,18-25,East
C15773,22,Male,18-25,East
C11327,23,Female,18-25,East
C12408,31,Female,26-35,West
C13673,66,Male,65+,West
C13291,52,Male,51-65,West
C15105,34,Female,26-35,North
C10703,65,Female,51-65,Central
C15704,25,Male,18-25,Central
C13232,69,Male,65+,North
C17848,36,Male,36-50,East
C14783,48,Male,36-50,South
C13230,55,Female,51-65,North
C11347,24,Female,18-25,East
C17548,23,Male,18-25,East
C13173,59,Female,51-65,North
C14589,45,Female,36-50,West
C11667,38,Male,36-50,West
C11637,25,Female,18-25,Central
C14114,50,Male,36-50,North
C17621,37,Male,36-50,East
C17761,64,Male,51-65,Central
C11000,68,Male,65+,North
C17446,25,Male,18-25,North
C10850,52,Male,51-65,West
C13712,45,Female,36-50,South
C11367,24,Female,18-25,West
C10821,57,Male,51-65,Central
C11624,52,Female,51-65,West
C12772,39,Male,36-50,South
C17232,48,Male,36-50,North
C14089,55,Female,51-65,South
C10916,18,Female,18-25,North
C13986,42,Female,36-50,East
C12875,64,Female,51-65,East
C11440,43,Female,36-50,North
C14400,29,Female,26-35,North
C10735,60,Female,51-65,North
C16434,57,Male,51-65,West
C16245,21,Female,18-25,Central
C16105,42,Female,36-50,North
C13338,59,Male,51-65,Central
C13015,52,Male,51-65,Central
C17789,37,Male,36-50,South
C17117,56,Male,51-65,South
C12889,19,Female,18-25,North
C10961,42,Female,36-50,West
C12989,35,Female,26-35,East
C13848,42,Female,36-50,South
C11026,65,Male,51-65,West
C16228,64,Male,51-65,South
C13865,49,Female,36-50,North
C12863,56,Female,51-65,West
C12501,26,Male,26-35,Central
C11947,45,Female,36-50,North
C16772,41,Male,36-50,North
C17388,19,Male,18-25,South
C11177,25,Female,18-25,South
C14760,54,Male,51-65,South
C10011,68,Male,65+,South
C15252,65,Female,51-65,Central
C14399,22,Female,18-25,West
C13364,35,Female,26-35,East
C13022,47,Female,36-50,South
C13371,50,Female,36-50,Central
C15859,26,Male,26-35,East
C12830,29,Male,26-35,West
C10042,62,Male,51-65,Central
C12390,63,Female,51-65,West
C17981,62,Male,51-65,East
C12545,28,Female,26-35,South
C12411,54,Male,51-65,West
C14986,58,Female,51-65,West
C11004,29,Male,26-35,West
C10020,65,Female,51-65,North
C10406,59,Male,51-65,North
C16762,20,Female,18-25,North
C14431,29,Male,26-35,South
C13188,43,Male,36-50,South
C15243,35,Male,26-35,North
C16542,60,Female,51-65,West
C16936,42,Male,36-50,East
C15923,60,Female,51-65,South
C10714,41,Male,36-50,Central
C14419,37,Male,36-50,Central
C14884,31,Female,26-35,West
C10140,19,Male,18-25,North
C14882,20,Male,18-25,Central
C15921,24,Male,18-25,South
C15453,42,Female,36-50,South
C16012,25,Other,18-25,Central
C10372,65,Male,51-65,Central
C13635,63,Male,51-65,South
C11692,36,Female,36-50,East
C16894,57,Female,51-65,East
C15275,26,Female,26-35,Central
C15767,28,Female,26-35,East
C16813,56,Female,51-65,Central
C11681,67,Female,65+,Central
C14016,29,Male,26-35,West
C12636,66,Female,65+,West
C16787,57,Female,51-65,North
C12137,39,Female,36-50,Central
C13416,66,Other,65+,West
C14445,52,Male,51-65,Central
C11286,49,Male,36-50,Central
C17518,21,Female,18-25,North
C13179,22,Female,18-25,North
C17753,48,Male,36-50,South
C17052,64,Female,51-65,East
C16302,56,Other,51-65,East
C13654,64,Male,51-65,North
C12359,43,Female,36-50,West
C10444,37,Female,36-50,East
C16441,45,Female,36-50,South
C10035,43,Female,36-50,South
C11475,26,Female,26-35,North
C13957,68,Male,65+,South
C11798,43,Female,36-50,East
C11845,34,Female,26-35,North
C11408,56,Female,51-65,East
C15291,68,Male,65+,South
C15495,31,Female,26-35,South
C15481,58,Female,51-65,Central
C16702,57,Female,51-65,South
C16284,57,Male,51-65,West
C17030,59,Male,51-65,South
C17285,67,Male,65+,North
C13976,56,Male,51-65,North
C13097,55,Female,51-65,North
C15902,34,Female,26-35,West
C15079,55,Female,51-65,Central
C12425,28,Male,26-35,Central
C15752,67,Other,65+,South
C11660,48,Female,36-50,East
C16825,34,Male,26-35,East
C12631,48,Male,36-50,South
C14815,43,Male,36-50,East
C11072,65,Female,51-65,North
C13225,54,Male,51-65,South
C14954,20,Female,18-25,Central
C14145,58,Male,51-65,South
C16807,40,Male,36-50,North
C16674,40,Male,36-50,West
C13683,48,Female,36-50,West
C17227,64,Female,51-65,East
C17334,18,Female,18-25,North
C13273,47,Male,36-50,North
C17000,34,Male,26-35,East
C15010,27,Female,26-35,South
C13040,60,Female,51-65,North
C11462,43,Female,36-50,North
C16385,69,Other,65+,East
C14676,62,Female,51-65,South
C16830,56,Female,51-65,East
C11584,27,Female,26-35,West
C10482,64,Female,51-65,Central
C11249,50,Male,36-50,South
C14768,44,Male,36-50,North
C10630,18,Female,18-25,West
C16804,49,Male,36-50,South
C13503,37,Female,36-50,East
C12852,44,Female,36-50,West
C17822,40,Male,36-50,North
C17622,34,Male,26-35,North
C17327,33,Male,26-35,West
C11546,21,Female,18-25,West
C10649,27,Female,26-35,South
C12637,42,Male,36-50,Central
C11100,61,Male,51-65,East
C16652,59,Female,51-65,South
C10440,48,Female,36-50,South
C11343,60,Male,51-65,West
C15922,35,Male,26-35,South
C14358,52,Male,51-65,Central
C17764,28,Female,26-35,Central
C13729,20,Female,18-25,Central
C13906,27,Female,26-35,North
C11577,31,Female,26-35,West
C17541,45,Other,36-50,East
C16780,50,Male,36-50,East
C14008,20,Male,18-25,South
C17920,63,Male,51-65,East
C16602,49,Male,36-50,West
C15094,58,Female,51-65,East
C13351,26,Male,26-35,South
C11241,38,Male,36-50,East
C11125,32,Female,26-35,South
C12601,60,Female,51-65,South
C16431,39,Male,36-50,North
C11190,60,Male,51-65,North
C16764,44,Male,36-50,South
C15101,47,Male,36-50,Central
C14839,58,Female,51-65,East
C15860,32,Female,26-35,South
C14448,21,Male,18-25,West
C16018,54,Male,51-65,East
C10072,39,Male,36-50,North
C16791,44,Female,36-50,North
C15472,62,Male,51-65,South
C15189,48,Female,36-50,South
C13046,61,Male,51-65,East
C10707,63,Male,51-65,West
C12564,62,Female,51-65,East
C12475,68,Female,65+,South
C16292,47,Male,36-50,South
C12823,44,Other,36-50,North
C17397,44,Male,36-50,North
C11735,59,Female,51-65,East
C13061,30,Male,26-35,South
C14153,42,Male,36-50,East
C17426,39,Female,36-50,East
C12817,41,Female,36-50,South
C12661,37,Female,36-50,North
C11232,47,Female,36-50,Central
C13874,65,Female,51-65,North
C12401,33,Male,26-35,South
C11494,19,Female,18-25,Central
C14211,57,Other,51-65,South
C17431,43,Female,36-50,West
C13883,53,Male,51-65,West
C15561,31,Other,26-35,West
C13619,39,Other,36-50,Central
C16596,46,Female,36-50,South
C17644,43,Female,36-50,Central
C12334,33,Female,26-35,North
C14406,59,Female,51-65,Central
C12665,48,Male,36-50,West
C12493,22,Male,18-25,South
C10632,22,Male,18-25,West
C12102,56,Male,51-65,South
C13083,40,Male,36-50,South
C15519,36,Male,36-50,South
C17123,39,Female,36-50,West
C12562,48,Male,36-50,South
C17709,50,Male,36-50,East
C14443,35,Female,26-35,East
C16770,66,Male,65+,Central
C17271,41,Female,36-50,South
C14725,63,Female,51-65,Central
C15367,65,Male,51-65,West
C10363,65,Male,51-65,South
C17800,38,Female,36-50,South
C14037,60,Female,51-65,South
C16549,36,Female,36-50,North
C11766,36,Male,36-50,Central
C11523,23,Female,18-25,South
C12785,61,Male,51-65,West
C13725,61,Female,51-65,South
C17971,18,Male,18-25,West
C14576,64,Male,51-65,West
C15782,44,Male,36-50,North
C11601,68,Male,65+,North
C10340,19,Female,18-25,Central
C16106,56,Female,51-65,South
C12496,68,Female,65+,North
C15962,43,Female,36-50,East
C14930,28,Male,26-35,Central
C11725,39,Male,36-50,West
C11689,43,Male,36-50,West
C17633,41,Male,36-50,East
C10261,43,Female,36-50,Central
C11442,52,Male,51-65,North
C10405,36,Female,36-50,East
C14437,34,Female,26-35,North
C15435,20,Male,18-25,Central
C17268,61,Male,51-65,North
C10243,63,Male,51-65,Central
C17406,67,Female,65+,North
C10560,59,Female,51-65,West
C14137,34,Male,26-35,South
C12725,55,Female,51-65,Central
C10593,62,Male,51-65,North
C15548,61,Female,51-65,Central
C11826,58,Female,51-65,East
C13229,46,Male,36-50,West
C14073,37,Female,36-50,West
C15789,23,Male,18-25,Central
C13138,20,Male,18-25,Central
C13919,44,Male,36-50,North
C17174,62,Female,51-65,Central
C17842,51,Female,51-65,Central
C16721,42,Female,36-50,Central
C12978,62,Male,51-65,West
C17373,56,Male,51-65,Central
C15907,60,Other,51-65,North
C17935,56,Male,51-65,West
C15656,31,Male,26-35,North
C16965,45,Male,36-50,South
C14259,18,Male,18-25,East
C15901,25,Female,18-25,East
C16976,42,Female,36-50,South
C11133,44,Male,36-50,Central
C16479,69,Male,65+,South
C14917,67,Male,65+,East
C10237,52,Male,51-65,West
C16524,66,Male,65+,East
C12530,31,Male,26-35,South
C11960,25,Male,18-25,South
C17045,31,Female,26-35,West
C11048,28,Other,26-35,East
C12529,22,Male,18-25,South
C17559,35,Female,26-35,West
C12964,34,Male,26-35,West
C17137,55,Male,51-65,South
C17246,23,Female,18-25,West
C17340,28,Female,26-35,South
C16075,29,Female,26-35,West
C17967,54,Female,51-65,South
C13679,30,Female,26-35,South
C14187,47,Male,36-50,West
C13724,47,Female,36-50,East
C10542,39,Male,36-50,North
C10845,32,Female,26-35,North
C13603,63,Female,51-65,Central
C15777,61,Male,51-65,North
C13036,42,Other,36-50,East
C12494,44,Male,36-50,North
C11884,63,Female,51-65,South
C14349,55,Female,51-65,West
C12710,38,Male,36-50,West
C16610,50,Female,36-50,West
C17154,34,Female,26-35,South
C15636,18,Female,18-25,East
C11953,54,Female,51-65,West
C16921,23,Male,18-25,Central
C16488,40,Female,36-50,Central
C16525,62,Other,51-65,North
C10689,47,Male,36-50,West
C15372,21,Male,18-25,South
C11950,50,Female,36-50,West
C10456,49,Male,36-50,West
C15078,28,Female,26-35,North
C12130,63,Male,51-65,West
C15218,32,Female,26-35,North
C14244,68,Female,65+,West
C15448,45,Female,36-50,South
C11179,63,Male,51-65,North
C13565,32,Female,26-35,South
C10882,25,Male,18-25,Central
C16406,52,Female,51-65,West
C17247,30,Female,26-35,East
C10399,22,Male,18-25,West
C16907,68,Male,65+,North
C17427,37,Male,36-50,South
C15891,22,Female,18-25,East
C11638,40,Female,36-50,West
C15671,53,Male,51-65,North
C16928,37,Female,36-50,West
C12148,27,Male,26-35,Central
C11382,39,Male,36-50,North
C11403,66,Male,65+,North
C10819,22,Male,18-25,South
C13292,65,Female,51-65,Central
C14219,56,Male,51-65,Central
C14517,68,Male,65+,South
C17857,56,Male,51-65,East
C11508,30,Female,26-35,Central
C17795,43,Male,36-50,Central
C17870,53,Female,51-65,North
C15693,27,Female,26-35,West
C10767,37,Female,36-50,South
C12044,59,Male,51-65,South
C16626,69,Male,65+,West
C16662,33,Male,26-35,West
C16298,19,Other,18-25,North
C13029,64,Female,51-65,North
C11549,64,Female,51-65,East
C11764,52,Female,51-65,West
C16140,54,Female,51-65,South
C13716,29,Male,26-35,East
C14605,27,Male,26-35,Central
C15302,20,Female,18-25,West
C14481,22,Male,18-25,North
C17898,64,Male,51-65,East
C16548,44,Female,36-50,East
C12293,53,Female,51-65,East
C14837,44,Female,36-50,Central
C17758,65,Male,51-65,North
C16793,43,Female,36-50,Central
C17638,36,Female,36-50,West
C17993,62,Male,51-65,West
C15542,65,Male,51-65,North
C10900,65,Male,51-65,West
C16208,65,Male,51-65,East
C13084,41,Male,36-50,West
C16356,29,Male,26-35,West
C12009,21,Male,18-25,East
C16636,57,Female,51-65,South
C17380,54,Other,51-65,North
C10163,65,Female,51-65,Central
C10464,42,Male,36-50,North
C12442,40,Male,36-50,East
C16036,60,Other,51-65,East
C12355,33,Male,26-35,East
C15887,52,Female,51-65,Central
C14724,62,Male,51-65,West
C17961,64,Female,51-65,West
C15827,67,Female,65+,North
C15683,35,Male,26-35,North
C13835,43,Male,36-50,East
C11459,37,Male,36-50,South
C16044,60,Female,51-65,North
C13493,37,Male,36-50,West
C12672,39,Male,36-50,South
C14200,51,Female,51-65,Central
C10392,36,Male,36-50,Central
C10424,51,Female,51-65,Central
C16272,24,Male,18-25,South
C17297,39,Male,36-50,Central
C13631,66,Female,65+,South
C17177,36,Female,36-50,West
C13897,69,Male,65+,North
C14095,35,Female,26-35,North
C12279,58,Female,51-65,East
C10788,36,Male,36-50,North
C17451,52,Female,51-65,West
C12247,35,Male,26-35,East
C17088,56,Other,51-65,North
C10078,47,Female,36-50,South
C13926,61,Male,51-65,South
C10855,26,Male,26-35,East
C16724,53,Female,51-65,South
C16592,66,Female,65+,South
C11031,25,Female,18-25,East
C14940,53,Female,51-65,West
C13271,66,Female,65+,East
C13576,32,Female,26-35,Central
C14182,22,Male,18-25,South
C16186,19,Male,18-25,North
C13456,22,Female,18-25,North
C17788,53,Male,51-65,South
C10407,27,Male,26-35,Central
C17650,58,Female,51-65,West
C13088,62,Female,51-65,North
C10147,65,Male,51-65,East
C14327,67,Male,65+,East
C10365,46,Male,36-50,South
C17395,35,Male,26-35,Central
C11674,42,Female,36-50,South
C14531,53,Male,51-65,West
C15330,36,Female,36-50,North
C15510,22,Other,18-25,North
C16683,34,Female,26-35,North
C13562,55,Female,51-65,North
C15380,20,Male,18-25,South
C10772,53,Male,51-65,South
C12037,29,Male,26-35,Central
C13423,45,Male,36-50,East
C12567,60,Male,51-65,East
C16281,61,Male,51-65,East
C13694,25,Male,18-25,East
C15087,26,Female,26-35,Central
C16511,54,Male,51-65,South
C17504,54,Female,51-65,West
C11246,42,Male,36-50,West
C13839,62,Male,51-65,North
C10359,57,Male,51-65,West
C16606,29,Female,26-35,North
C10962,66,Male,65+,East
C13632,51,Female,51-65,East
C17549,33,Male,26-35,North
C11613,64,Female,51-65,South
C12216,34,Female,26-35,South
C10377,29,Female,26-35,South
C14214,42,Female,36-50,West
C10369,26,Male,26-35,East
C12196,33,Female,26-35,South
C10651,28,Female,26-35,South
C15978,38,Female,36-50,North
C15607,22,Male,18-25,Central
C10780,56,Female,51-65,South
C16494,19,Male,18-25,North
C15345,64,Male,51-65,West
C10522,22,Male,18-25,West
C10521,28,Male,26-35,North
C14878,47,Female,36-50,East
C12320,59,Female,51-65,North
C12230,27,Male,26-35,South
C14040,35,Female,26-35,South
C15784,62,Female,51-65,South
C15946,41,Female,36-50,North
C14941,65,Female,51-65,North
C16267,52,Male,51-65,North
C17128,19,Other,18-25,North
C13697,56,Male,51-65,South
C12837,30,Male,26-35,Central
C14083,62,Male,51-65,East
C13243,36,Male,36-50,East
C17602,60,Female,51-65,North
C10685,66,Male,65+,Central
C17031,34,Male,26-35,West
C13988,42,Male,36-50,North
C14066,27,Male,26-35,East
C15341,30,Male,26-35,South
C17798,22,Other,18-25,West
C12544,57,Female,51-65,East
C12990,40,Male,36-50,West
C17697,51,Female,51-65,North
C13468,57,Male,51-65,South
C17165,46,Other,36-50,Central
C16023,32,Female,26-35,North
C17527,36,Male,36-50,South
C16381,67,Female,65+,East
C14758,36,Female,36-50,East
C16379,59,Male,51-65,Central
C16346,22,Female,18-25,West
C14351,47,Male,36-50,North
C10597,54,Female,51-65,North
C11368,46,Male,36-50,East
C12581,28,Male,26-35,South
C17003,54,Female,51-65,Central
C17948,48,Male,36-50,South
C13537,62,Male,51-65,West
C14865,32,Female,26-35,West
C16684,23,Female,18-25,South
C14308,65,Male,51-65,East
C14558,46,Male,36-50,Central
C16579,37,Female,36-50,Central
C10282,29,Male,26-35,South
C13678,58,Male,51-65,South
C11486,29,Male,26-35,South
C14082,62,Male,51-65,North
C14183,29,Male,26-35,Central
C15163,61,Male,51-65,East
C10460,53,Other,51-65,East
C12325,32,Male,26-35,North
C13754,69,Other,65+,West
C12468,44,Female,36-50,West
C11376,52,Female,51-65,East
C12743,35,Female,26-35,South
C10702,23,Male,18-25,Central
C11653,30,Male,26-35,South
C12066,44,Male,36-50,East
C10022,31,Male,26-35,Central
C12460,24,Female,18-25,Central
C15149,56,Male,51-65,East
C15926,58,Male,51-65,East
C16251,62,Male,51-65,West
C17534,44,Female,36-50,South
C17295,58,Female,51-65,West
C15230,50,Male,36-50,South
C16279,27,Female,26-35,Central
C10361,24,Male,18-25,East
C17353,65,Male,51-65,North
C13727,62,Male,51-65,East
C17751,33,Male,26-35,East
C15995,25,Female,18-25,East
C11284,53,Female,51-65,South
C10448,56,Female,51-65,East
C15602,58,Female,51-65,North
C12520,46,Male,36-50,East
C11428,34,Male,26-35,North
C13967,27,Male,26-35,West
C16445,51,Female,51-65,West
C15850,46,Female,36-50,Central
C13137,61,Male,51-65,South
C17080,58,Male,51-65,West
C12159,53,Female,51-65,Central
C15132,25,Female,18-25,South
C12547,46,Male,36-50,North
C16741,32,Female,26-35,West
C12281,18,Male,18-25,South
C12649,62,Female,51-65,East
C10313,27,Female,26-35,North
C12256,40,Female,36-50,Central
C16093,28,Male,26-35,North
C11037,36,Female,36-50,East
C13489,55,Female,51-65,South
C17604,35,Other,26-35,East
C17544,40,Female,36-50,South
C17187,34,Other,26-35,Central
C12634,43,Female,36-50,East
C11778,56,Male,51-65,Central
C17902,43,Female,36-50,North
C15110,23,Male,18-25,Central
C13895,30,Male,26-35,South
C17378,54,Male,51-65,Central
C11124,54,Female,51-65,Central
C10697,27,Other,26-35,East
C12179,53,Male,51-65,North
C11404,18,Female,18-25,Central
C15251,29,Female,26-35,North
C11929,46,Male,36-50,West
C16679,62,Female,51-65,North
C11013,26,Female,26-35,West
C10226,35,Female,26-35,South
C17321,55,Female,51-65,North
C17909,28,Female,26-35,Central
C12023,47,Male,36-50,Central
C14966,68,Female,65+,West
C12452,52,Female,51-65,North
C16345,30,Female,26-35,South
C12085,54,Male,51-65,South
C17085,61,Female,51-65,West
C14283,40,Female,36-50,East
C11080,38,Male,36-50,North
C15036,57,Female,51-65,Central
C12630,29,Male,26-35,West
C13586,41,Female,36-50,Central
C17895,66,Female,65+,West
C17908,27,Male,26-35,Central
C16841,47,Female,36-50,East
C15174,28,Female,26-35,Central
C16643,64,Male,51-65,West
C12813,49,Male,36-50,West
C12583,68,Male,65+,West
C16034,42,Male,36-50,East
C13259,30,Male,26-35,West
C14155,38,Female,36-50,Central
C12962,31,Female,26-35,East
C13390,39,Male,36-50,South
C16354,68,Male,65+,West
C11132,25,Male,18-25,North
C15195,54,Female,51-65,Central
C10541,51,Male,51-65,North
C15433,54,Female,51-65,South
C15093,61,Female,51-65,East
C12974,41,Female,36-50,West
C10867,27,Male,26-35,West
C17852,49,Female,36-50,West
C15469,30,Female,26-35,East
C16256,48,Female,36-50,East
C11206,62,Female,51-65,West
C12528,29,Male,26-35,West
C11651,54,Male,51-65,South
C12810,47,Female,36-50,West
C10475,46,Male,36-50,South
C11326,44,Male,36-50,North
C11019,19,Male,18-25,East
C11836,47,Female,36-50,North
C14256,67,Female,65+,West
C11283,47,Male,36-50,West
C15871,31,Female,26-35,North
C15166,69,Female,65+,North
C12010,50,Female,36-50,North
C10398,53,Female,51-65,East
C15678,42,Male,36-50,Central
C12171,38,Male,36-50,South
C16280,25,Female,18-25,East
C14697,31,Male,26-35,East
C13471,29,Male,26-35,North
C10836,56,Female,51-65,South
C15624,47,Female,36-50,Central
C15692,53,Female,51-65,North
C12097,43,Male,36-50,Central
C15890,32,Male,26-35,South
C15738,47,Female,36-50,East
C11885,61,Male,51-65,North
C17797,40,Male,36-50,West
C16124,19,Male,18-25,North
C12757,47,Female,36-50,South
C11900,50,Male,36-50,North
C12610,50,Female,36-50,North
C16900,54,Male,51-65,South
C11449,59,Female,51-65,East
C10546,25,Female,18-25,East
C17469,40,Female,36-50,West
C15017,33,Male,26-35,South
C17999,57,Other,51-65,Central
C12003,59,Female,51-65,North
C12096,41,Female,36-50,West
C17060,46,Male,36-50,East
C17749,27,Male,26-35,West
C13331,43,Female,36-50,West
C14733,69,Male,65+,South
C16886,24,Female,18-25,North
C17462,34,Female,26-35,South
C13384,64,Female,51-65,South
C12659,63,Female,51-65,East
C11861,23,Female,18-25,West
C12856,27,Female,26-35,Central
C17531,39,Male,36-50,West
C17736,40,Female,36-50,East
C17710,65,Female,51-65,South
C15783,67,Male,65+,East
C15080,39,Female,36-50,West
C14643,31,Female,26-35,East
C16868,61,Female,51-65,Central
C11431,18,Female,18-25,Central
C10875,28,Female,26-35,Central
C14713,19,Male,18-25,North
C14998,35,Male,26-35,East
C10162,68,Female,65+,West
C11974,47,Male,36-50,Central
C10631,52,Male,51-65,West
C10905,41,Male,36-50,South
C13253,47,Male,36-50,East
C12014,21,Male,18-25,West
C11641,43,Male,36-50,South
C17896,27,Female,26-35,Central
C10204,47,Female,36-50,South
C10581,54,Female,51-65,North
C10840,56,Male,51-65,South
C15347,25,Male,18-25,South
C12643,50,Male,36-50,South
C12297,66,Male,65+,South
C10874,40,Male,36-50,North
C17700,66,Female,65+,North
C16339,21,Other,18-25,North
C16782,43,Male,36-50,North
C11422,26,Male,26-35,East
C17927,31,Other,26-35,East
C17370,56,Male,51-65,West
C11171,42,Female,36-50,West
C15591,38,Female,36-50,North
C13737,36,Female,36-50,Central
C14991,34,Female,26-35,South
C16285,23,Female,18-25,South
C15432,33,Male,26-35,South
C14260,47,Male,36-50,South
C12361,31,Female,26-35,South
C15201,54,Other,51-65,West
C13652,68,Female,65+,Central
C17298,50,Female,36-50,South
C13670,28,Female,26-35,Central
C11938,52,Male,51-65,West
C10370,49,Female,36-50,West
C15976,65,Female,51-65,South
C14479,64,Male,51-65,North
C16304,38,Female,36-50,Central
C17875,32,Male,26-35,West
C16633,36,Male,36-50,East
C17160,34,Male,26-35,North
C16470,66,Female,65+,South
C13062,58,Female,51-65,South
C17740,48,Female,36-50,Central
C10572,42,Male,36-50,North
C16171,19,Female,18-25,North
C17097,32,Male,26-35,North
C12090,62,Male,51-65,South
C16566,59,Male,51-65,East
C13669,45,Male,36-50,North
C14272,47,Male,36-50,West
C14624,21,Female,18-25,West
C15061,45,Male,36-50,North
C11517,65,Female,51-65,West
C13648,57,Female,51-65,South
C16985,30,Male,26-35,South
C13588,53,Female,51-65,Central
C11537,27,Female,26-35,North
C16165,44,Male,36-50,Central
C17279,47,Female,36-50,South
C15176,51,Male,51-65,South
C10097,43,Male,36-50,South
C13215,62,Male,51-65,West
C13750,48,Male,36-50,East
C10343,20,Female,18-25,Central
C14666,40,Other,36-50,South
C17817,34,Male,26-35,West
C10610,68,Female,65+,West
C11727,39,Female,36-50,South
C12290,35,Female,26-35,Central
C12608,46,Female,36-50,North
C15055,49,Female,36-50,North
C16526,38,Female,36-50,Central
C11091,49,Other,36-50,South
C14979,41,Male,36-50,East
C16357,67,Female,65+,Central
C15774,47,Male,36-50,East
C16519,24,Female,18-25,East
C12791,55,Female,51-65,West
C11749,69,Male,65+,East
C16747,26,Female,26-35,West
C10781,61,Female,51-65,West
C13048,23,Male,18-25,South
C16823,44,Male,36-50,West
C13867,40,Female,36-50,West
C15879,48,Male,36-50,South
C13970,20,Male,18-25,East
C11991,38,Female,36-50,North
C11067,41,Male,36-50,West
C17264,28,Female,26-35,Central
C11011,37,Male,36-50,West
C12274,43,Female,36-50,West
C16822,33,Female,26-35,North
C11814,50,Female,36-50,West
C16744,62,Male,51-65,West
C12426,62,Male,51-65,East
C15546,42,Male,36-50,Central
C14402,56,Female,51-65,East
C14874,30,Male,26-35,West
C13657,26,Male,26-35,West
C10007,32,Female,26-35,East
C12555,38,Male,36-50,South
C15416,29,Female,26-35,East
C12211,47,Male,36-50,West
C10484,52,Male,51-65,Central
C16710,33,Female,26-35,Central
C16063,29,Female,26-35,South
C12285,67,Female,65+,South
C15223,52,Female,51-65,South
C15329,42,Female,36-50,East
C14563,59,Male,51-65,North
C13525,29,Female,26-35,North
C13339,60,Male,51-65,South
C16529,65,Female,51-65,East
C12822,46,Female,36-50,Central
C14943,28,Female,26-35,South
C12924,47,Female,36-50,North
C10258,54,Female,51-65,North
C11898,39,Female,36-50,South
C16629,61,Female,51-65,Central
C12267,43,Male,36-50,North
C13200,63,Male,51-65,West
C17167,29,Male,26-35,East
C10612,63,Female,51-65,South
C17071,33,Female,26-35,East
C16011,39,Female,36-50,East
C10687,62,Male,51-65,Central
C13690,38,Other,36-50,East
C12307,45,Female,36-50,North
C17133,30,Female,26-35,Central
C13013,67,Female,65+,North
C16509,65,Other,51-65,North
C11781,18,Female,18-25,South
C12591,46,Male,36-50,West
C12696,43,Male,36-50,North
C15643,40,Male,36-50,East
C16026,37,Male,36-50,West
C13958,36,Female,36-50,West
C17183,39,Male,36-50,East
C17276,52,Male,51-65,North
C11910,48,Male,36-50,South
C15108,25,Male,18-25,North
C13604,45,Female,36-50,East
C10669,25,Female,18-25,South
C17329,27,Female,26-35,Central
C10923,61,Male,51-65,Central
C11594,60,Other,51-65,North
C10246,26,Male,26-35,Central
C13711,25,Female,18-25,West
C17962,57,Female,51-65,West
C16274,26,Female,26-35,North
C12400,44,Male,36-50,South
C13864,35,Male,26-35,West
C15025,61,Female,51-65,North
C16844,59,Male,51-65,East
C13547,28,Male,26-35,South
C10264,65,Male,51-65,South
C11395,29,Female,26-35,East
C13557,69,Female,65+,North
C15553,29,Male,26-35,East
C17739,58,Female,51-65,Central
C15514,57,Female,51-65,East
C15483,45,Male,36-50,North
C15077,64,Male,51-65,East
C10587,45,Female,36-50,Central
C11821,41,Male,36-50,South
C10985,49,Female,36-50,South
C16299,48,Male,36-50,East
C13831,68,Female,65+,South
C11698,33,Male,26-35,Central
C16450,29,Male,26-35,North
C15038,57,Female,51-65,West
C17096,36,Other,36-50,North
C13247,53,Male,51-65,Central
C17829,35,Male,26-35,North
C16416,20,Male,18-25,West
C16763,28,Female,26-35,West
C12909,24,Female,18-25,West
C17950,34,Female,26-35,West
C10930,46,Male,36-50,West
C14384,58,Female,51-65,South
C12940,38,Male,36-50,Central
C16415,42,Female,36-50,East
C16049,58,Male,51-65,East
C11089,55,Female,51-65,Central
C14578,43,Female,36-50,North
C12295,21,Male,18-25,Central
C10155,35,Female,26-35,North
C11070,63,Male,51-65,West
C16144,41,Female,36-50,East
C13830,19,Female,18-25,South
C10639,37,Female,36-50,South
C12238,23,Female,18-25,Central
C11602,19,Male,18-25,East
C16659,65,Other,51-65,West
C16040,18,Female,18-25,South
C15934,25,Female,18-25,East
C15925,49,Male,36-50,East
C16286,63,Female,51-65,East
C17358,36,Male,36-50,North
C14628,34,Male,26-35,Central
C16370,26,Female,26-35,Central
C11336,69,Male,65+,North
C13700,54,Male,51-65,East
C10948,68,Male,65+,East
C17821,21,Female,18-25,West
C16115,43,Male,36-50,East
C10459,20,Male,18-25,North
C17568,29,Male,26-35,Central
C13938,49,Female,36-50,East
C11787,32,Female,26-35,West
C17374,49,Female,36-50,South
C12257,25,Female,18-25,East
C11138,40,Male,36-50,West
C13808,59,Male,51-65,East
C14741,67,Female,65+,South
C16362,46,Male,36-50,Central
C13674,66,Male,65+,East
C11377,61,Female,51-65,West
C16701,49,Other,36-50,East
C10141,65,Female,51-65,Central
C14596,47,Female,36-50,West
C10839,41,Male,36-50,North
C16845,66,Male,65+,West
C13618,39,Male,36-50,West
C15661,69,Male,65+,Central
C16142,59,Male,51-65,East
C13917,20,Female,18-25,South
C11904,22,Female,18-25,North
C10423,23,Female,18-25,North
C14365,39,Male,36-50,West
C16757,34,Male,26-35,East
C11967,40,Female,36-50,North
C14088,35,Male,26-35,North
C15394,36,Male,36-50,South
C17880,63,Male,51-65,North
C12331,44,Female,36-50,South
C15075,57,Male,51-65,South
C12220,46,Male,36-50,West
C13789,24,Female,18-25,Central
C15755,55,Female,51-65,East
C15494,67,Male,65+,South
C14728,67,Male,65+,South
C17155,45,Male,36-50,South
C11143,64,Male,51-65,South
C15948,58,Female,51-65,East
C12723,24,Other,18-25,North
C12512,22,Male,18-25,Central
C12367,46,Female,36-50,Central
C16816,24,Female,18-25,South
C13447,63,Female,51-65,North
C16963,42,Female,36-50,Central
C16232,33,Male,26-35,South
C15322,51,Male,51-65,North
C12269,30,Female,26-35,West
C10067,60,Female,51-65,South
C16657,57,Male,51-65,West
C15717,44,Male,36-50,Central
C15751,24,Female,18-25,West
C13198,24,Female,18-25,South
C15374,56,Male,51-65,West
C11085,37,Female,36-50,South
C17024,44,Female,36-50,Central
C12315,69,Female,65+,South
C15154,33,Female,26-35,South
C17743,36,Female,36-50,North
C11492,43,Male,36-50,East
C10660,21,Female,18-25,West
C11299,22,Female,18-25,West
C13940,64,Female,51-65,East
C17851,63,Female,51-65,West
C17156,37,Female,36-50,North
C13516,29,Male,26-35,Central
C10976,60,Male,51-65,South
C14577,59,Female,51-65,Central
C10727,47,Female,36-50,Central
C12527,22,Female,18-25,Central
C17468,69,Male,65+,North
C10342,25,Female,18-25,West
C17598,46,Male,36-50,South
C11447,40,Male,36-50,South
C12379,47,Female,36-50,West
C16581,41,Male,36-50,East
C13659,29,Male,26-35,West
C16317,28,Male,26-35,North
C11896,18,Male,18-25,East
C12073,57,Male,51-65,East
C14915,25,Male,18-25,Central
C16375,54,Male,51-65,West
C16676,44,Female,36-50,West
C14600,65,Female,51-65,Central
C13740,67,Male,65+,South
C14274,22,Female,18-25,East
C11846,26,Male,26-35,North
C12395,28,Male,26-35,East
C10771,36,Male,36-50,North
C15525,49,Male,36-50,South
C16219,68,Male,65+,East
C10578,25,Female,18-25,Central
C10193,29,Male,26-35,North
C12007,30,Male,26-35,North
C11185,51,Female,51-65,South
C12394,35,Female,26-35,West
C12998,41,Female,36-50,East
C15480,65,Female,51-65,East
C11110,59,Male,51-65,North
C17429,38,Male,36-50,North
C13793,58,Male,51-65,North
C11936,69,Female,65+,South
C16716,48,Male,36-50,Central
C14357,26,Other,26-35,East
C10729,35,Female,26-35,West
C14378,63,Male,51-65,North
C17815,64,Male,51-65,North
C15586,21,Female,18-25,West
C14457,38,Female,36-50,West
C17616,34,Male,26-35,East
C14536,19,Female,18-25,South
C12140,42,Male,36-50,West
C11644,21,Female,18-25,West
C14962,48,Female,36-50,West
C15410,32,Male,26-35,West
C11455,64,Other,51-65,Central
C15808,19,Male,18-25,Central
C16796,22,Female,18-25,East
C14796,21,Female,18-25,South
C11325,37,Male,36-50,South
C11213,42,Female,36-50,East
C11159,27,Female,26-35,Central
C14650,20,Female,18-25,East
C14987,63,Female,51-65,East
C17008,43,Female,36-50,West
C16761,67,Female,65+,North
C15482,22,Female,18-25,North
C12429,44,Male,36-50,West
C11800,55,Female,51-65,East
C15668,18,Male,18-25,South
C14912,39,Female,36-50,Central
C17696,61,Male,51-65,North
C11812,25,Female,18-25,North
C10182,34,Male,26-35,South
C13112,19,Male,18-25,North
C15670,54,Male,51-65,East
C15823,56,Male,51-65,North
C17826,57,Female,51-65,East
C15002,25,Male,18-25,West
C11356,44,Female,36-50,North
C12174,53,Male,51-65,West
C13628,38,Female,36-50,North
C14096,62,Female,51-65,South
C13691,62,Male,51-65,East
C10018,55,Male,51-65,North
C13403,25,Other,18-25,East
C14679,66,Female,65+,Central
C13311,40,Female,36-50,North
C16048,21,Female,18-25,South
C13372,51,Female,51-65,South
C16745,58,Male,51-65,Central
C16246,42,Female,36-50,South
C13321,32,Male,26-35,South
C14615,23,Female,18-25,Central
C10173,36,Other,36-50,North
C15462,44,Male,36-50,South
C16574,42,Female,36-50,West
C16993,51,Male,51-65,North
C12686,56,Female,51-65,East
C11774,60,Male,51-65,South
C12459,58,Male,51-65,North
C10331,46,Male,36-50,North
C17922,46,Female,36-50,East
C12702,35,Female,26-35,South
C14006,22,Female,18-25,West
C15889,65,Male,51-65,West
C15054,26,Male,26-35,South
C12497,38,Male,36-50,Central
C11842,30,Male,26-35,North
C11866,40,Female,36-50,North
C15385,57,Male,51-65,East
C10909,53,Male,51-65,North
C14305,65,Female,51-65,East
C13189,39,Female,36-50,East
C17718,45,Male,36-50,North
C15659,29,Male,26-35,North
C12714,46,Male,36-50,East
C13585,43,Female,36-50,West
C11628,52,Female,51-65,Central
C10386,43,Male,36-50,West
C15200,50,Male,36-50,East
C14093,56,Male,51-65,Central
C12282,50,Female,36-50,South
C17478,21,Male,18-25,West
C15476,33,Male,26-35,North
C11236,22,Male,18-25,North
C14669,23,Male,18-25,East
C14144,55,Male,51-65,South
C14318,58,Male,51-65,South
C17064,59,Female,51-65,East
C17461,27,Male,26-35,North
C15557,52,Female,51-65,South
C11130,69,Male,65+,South
C12658,46,Male,36-50,South
C14020,22,Male,18-25,East
C12021,26,Male,26-35,East
C13705,53,Female,51-65,North
C13435,60,Female,51-65,East
C11889,55,Female,51-65,South
C11474,46,Female,36-50,East
C12242,63,Female,51-65,South
C16990,60,Female,51-65,North
C15160,48,Female,36-50,East
C13134,68,Male,65+,South
C17242,29,Male,26-35,North
C16703,18,Male,18-25,Central
C15499,66,Female,65+,South
C11943,36,Female,36-50,Central
C14774,29,Male,26-35,North
C13361,67,Female,65+,East
C16583,37,Female,36-50,East
C17835,30,Female,26-35,Central
C12980,34,Female,26-35,South
C10006,57,Female,51-65,Central
C16564,56,Female,51-65,Central
C14928,59,Female,51-65,Central
C13264,35,Male,26-35,Central
C12606,67,Female,65+,Central
C17836,57,Male,51-65,South
C17611,64,Female,51-65,Central
C12011,23,Female,18-25,East
C15598,31,Female,26-35,North
C14221,44,Female,36-50,West
C16538,22,Female,18-25,South
C11829,67,Female,65+,South
C16468,33,Female,26-35,East
C10929,62,Male,51-65,South
C13759,20,Male,18-25,South
C13699,27,Female,26-35,South
C13275,19,Male,18-25,North
C17653,19,Female,18-25,Central
C11054,44,Male,36-50,West
C15744,62,Male,51-65,West
C11457,54,Female,51-65,West
C11399,59,Male,51-65,East
C10442,28,Male,26-35,Central
C13650,47,Female,36-50,West
C16218,31,Female,26-35,North
C14652,36,Female,36-50,South
C11178,36,Female,36-50,South
C17597,36,Female,36-50,Central
C16133,35,Male,26-35,West
C14458,21,Female,18-25,South
C16591,22,Female,18-25,West
C11257,20,Female,18-25,South
C13634,42,Female,36-50,West
C12309,59,Female,51-65,North
C16268,28,Female,26-35,East
C10910,53,Female,51-65,South
C14340,59,Male,51-65,North
C12172,26,Female,26-35,West
C10123,54,Male,51-65,South
C17202,25,Female,18-25,South
C13158,50,Female,36-50,East
C16789,58,Female,51-65,East
C10785,52,Female,51-65,Central
C12416,39,Female,36-50,West
C10796,19,Other,18-25,East
C14172,33,Male,26-35,North
C14154,48,Male,36-50,Central
C16781,50,Other,36-50,East
C13807,25,Male,18-25,North
C14163,69,Female,65+,East
C11932,26,Female,26-35,East
C12721,60,Female,51-65,North
C15498,60,Female,51-65,Central
C15673,47,Male,36-50,North
C14857,19,Other,18-25,North
C17664,22,Female,18-25,Central
C10382,33,Male,26-35,East
C15099,36,Male,36-50,East
C11556,21,Female,18-25,South
C10299,47,Male,36-50,East
C10138,24,Other,18-25,East
C10358,43,Other,36-50,East
C11522,40,Other,36-50,North
C11627,31,Male,26-35,Central
C11303,67,Female,65+,North
C15004,33,Female,26-35,Central
C11134,46,Female,36-50,North
C12186,32,Male,26-35,East
C15091,61,Female,51-65,South
C16578,18,Female,18-25,East
C11237,53,Female,51-65,West
C15880,41,Male,36-50,Central
C12834,68,Female,65+,West
C10998,19,Other,18-25,West
C16660,38,Male,36-50,Central
C10656,50,Male,36-50,North
C11909,56,Male,51-65,West
C16207,68,Female,65+,North
C13162,42,Male,36-50,East
C11140,25,Female,18-25,East
C10266,45,Other,36-50,East
C13630,23,Male,18-25,North
C13211,66,Female,65+,North
C13732,67,Female,65+,Central
C13829,37,Male,36-50,East
C11510,39,Male,36-50,West
C11207,44,Male,36-50,West
C10557,20,Male,18-25,South
C15113,55,Male,51-65,West
C15701,35,Female,26-35,North
C12194,25,Female,18-25,East
C14761,33,Female,26-35,South
C17471,25,Male,18-25,North
C15867,62,Female,51-65,East
C14959,66,Female,65+,West
C14677,40,Male,36-50,West
C17929,60,Male,51-65,West
C17269,21,Female,18-25,East
C11610,61,Female,51-65,North
C13488,35,Male,26-35,West
C15335,21,Female,18-25,East
C11946,61,Female,51-65,Central
C14810,49,Female,36-50,Central
C16642,63,Male,51-65,East
C13825,28,Female,26-35,East
C13536,37,Male,36-50,North
C15810,42,Male,36-50,North
C16068,67,Male,65+,South
C13802,24,Female,18-25,East
C13822,46,Male,36-50,West
C12819,47,Female,36-50,East
C14258,42,Other,36-50,East
C13119,35,Female,26-35,South
C17496,56,Male,51-65,West
C10115,67,Other,65+,South
C17084,51,Male,51-65,West
C12384,23,Female,18-25,North
C16880,45,Other,36-50,South
C13935,42,Female,36-50,West
C14935,20,Male,18-25,North
C16290,65,Female,51-65,Central
C10942,35,Female,26-35,Central
C17661,28,Female,26-35,South
C12767,51,Female,51-65,North
C11137,48,Male,36-50,North
C15845,68,Female,65+,Central
C14778,54,Female,51-65,East
C15929,56,Male,51-65,East
C10276,45,Male,36-50,Central
C11999,61,Male,51-65,South
C11227,57,Female,51-65,East
C16337,31,Other,26-35,Central
C13752,33,Female,26-35,East
C10695,58,Female,51-65,West
C11309,30,Female,26-35,East
C14152,48,Male,36-50,South
C17470,48,Male,36-50,South
C12311,45,Female,36-50,West
C12841,38,Female,36-50,West
C13559,26,Male,26-35,North
C13398,62,Male,51-65,Central
C12694,24,Male,18-25,East
C14674,34,Male,26-35,West
C11088,39,Female,36-50,North
C10024,58,Female,51-65,West
C11572,55,Female,51-65,North
C14236,50,Female,36-50,Central
C11767,54,Female,51-65,South
C14743,28,Male,26-35,North
C12235,63,Male,51-65,East
C10256,20,Male,18-25,Central
C16846,47,Female,36-50,East
C13606,43,Male,36-50,East
C13336,65,Other,51-65,Central
C14897,46,Male,36-50,Central
C15037,65,Female,51-65,East
C10413,31,Other,26-35,West
C11381,63,Female,51-65,South
C13426,36,Female,36-50,West
C13655,52,Male,51-65,South
C17938,31,Female,26-35,Central
C10187,28,Male,26-35,South
C12015,69,Male,65+,North
C15409,62,Female,51-65,West
C12092,31,Male,26-35,Central
C15242,67,Male,65+,West
C15647,62,Female,51-65,South
C15185,61,Male,51-65,East
C12422,35,Female,26-35,South
C14257,55,Female,51-65,South
C17913,53,Male,51-65,North
C17823,69,Female,65+,South
C17525,27,Male,26-35,Central
C17355,55,Female,51-65,East
C16465,42,Male,36-50,West
C14545,55,Female,51-65,South
C11497,68,Female,65+,Central
C16046,36,Male,36-50,West
C12342,45,Female,36-50,West
C17618,34,Female,26-35,South
C12951,33,Female,26-35,West
C11238,49,Male,36-50,North
C10973,35,Male,26-35,South
C14727,57,Male,51-65,North
C15686,41,Male,36-50,East
C12780,35,Female,26-35,South
C17398,28,Male,26-35,South
C11588,21,Female,18-25,South
C13878,55,Female,51-65,South
C10436,58,Male,51-65,Central
C12828,28,Male,26-35,North
C13858,68,Male,65+,Central
C17480,68,Male,65+,North
C16174,46,Female,36-50,West
C16687,43,Female,36-50,North
C11589,54,Female,51-65,Central
C11587,66,Male,65+,South
C10159,42,Male,36-50,North
C17181,53,Female,51-65,North
C16555,61,Male,51-65,East
C10052,58,Female,51-65,South
C16551,50,Male,36-50,South
C15141,53,Female,51-65,East
C11228,22,Female,18-25,West
C17226,18,Female,18-25,West
C15590,40,Female,36-50,North
C16919,38,Male,36-50,North
C17457,66,Female,65+,West
C14945,28,Female,26-35,West
C14449,40,Male,36-50,Central
C15194,38,Other,36-50,South
C17016,43,Male,36-50,West
C15835,38,Female,36-50,East
C15086,51,Female,51-65,South
C11264,53,Male,51-65,North
C13167,43,Female,36-50,East
C12341,24,Male,18-25,West
C16352,32,Female,26-35,North
C13414,19,Female,18-25,North
C10817,41,Female,36-50,West
C16056,45,Female,36-50,West
C12437,55,Female,51-65,East
C10888,38,Male,36-50,East
C17818,30,Female,26-35,East
C15793,58,Male,51-65,North
C14523,19,Male,18-25,South
C15571,28,Female,26-35,South
C16755,29,Male,26-35,South
C17054,53,Male,51-65,West
C10818,59,Female,51-65,East
C11106,22,Female,18-25,Central
C12224,29,Female,26-35,West
C12671,54,Male,51-65,East
C17735,24,Male,18-25,South
C16091,60,Male,51-65,East
C13492,21,Other,18-25,East
C17865,63,Female,51-65,West
C16361,45,Female,36-50,South
C11948,29,Female,26-35,East
C13800,64,Female,51-65,North
C16775,68,Male,65+,West
C17094,29,Female,26-35,East
C15001,18,Male,18-25,North
C16318,38,Female,36-50,Central
C14118,68,Male,65+,South
C13796,64,Other,51-65,North
C10234,31,Male,26-35,East
C17180,42,Male,36-50,West
C15220,62,Female,51-65,East
C13607,48,Female,36-50,Central
C15904,48,Female,36-50,West
C13523,38,Female,36-50,Central
C14526,38,Male,36-50,South
C14888,49,Male,36-50,West
C11629,22,Female,18-25,North
C15832,69,Female,65+,East
C17122,53,Male,51-65,East
C15842,68,Male,65+,East
C15771,69,Male,65+,Central
C12857,53,Female,51-65,Central
C15008,26,Female,26-35,Central
C15621,37,Male,36-50,Central
C12587,41,Male,36-50,South
C11023,48,Male,36-50,North
C15672,31,Male,26-35,Central
C11378,68,Male,65+,South
C11519,53,Female,51-65,West
C15574,49,Other,36-50,North
C14072,41,Female,36-50,Central
C12788,21,Male,18-25,North
C10396,35,Male,26-35,North
C15219,67,Female,65+,West
C12078,20,Female,18-25,West
C17695,21,Male,18-25,South
C14424,59,Male,51-65,North
C13237,45,Male,36-50,Central
C13893,25,Male,18-25,South
C12005,35,Female,26-35,South
C12016,33,Female,26-35,West
C12668,62,Female,51-65,Central
C11878,64,Male,51-65,North
C11196,48,Male,36-50,West
C11772,24,Male,18-25,South
C11751,49,Male,36-50,North
C17430,36,Female,36-50,West
C16417,33,Male,26-35,East
C17170,66,Male,65+,Central
C13220,21,Other,18-25,Central
C16631,22,Male,18-25,South
C11461,45,Male,36-50,North
C15184,32,Male,26-35,Central
C10355,24,Male,18-25,West
C13323,27,Female,26-35,East
C11548,29,Male,26-35,South
C14213,67,Female,65+,North
C12101,59,Female,51-65,Central
C16708,29,Male,26-35,North
C12100,43,Male,36-50,South
C14653,30,Female,26-35,West
C11815,58,Other,51-65,West
C13841,21,Male,18-25,East
C17011,38,Female,36-50,North
C17305,30,Female,26-35,East
C10674,24,Female,18-25,Central
C17703,26,Other,26-35,West
C14266,54,Female,51-65,South
C16552,45,Female,36-50,South
C10739,32,Male,26-35,South
C11401,47,Male,36-50,West
C17001,30,Female,26-35,North
C12277,18,Female,18-25,South
C13904,18,Male,18-25,West
C13227,69,Male,65+,North
C13758,63,Female,51-65,Central
C13866,60,Female,51-65,Central
C17669,48,Male,36-50,South
C13764,24,Male,18-25,East
C15818,57,Male,51-65,Central
C12222,32,Female,26-35,West
C12792,35,Female,26-35,North
C11697,57,Female,51-65,South
C15540,37,Female,36-50,West
C17301,22,Other,18-25,East
C14063,42,Female,36-50,Central
C10032,42,Female,36-50,North
C16198,50,Male,36-50,South
C14025,40,Male,36-50,East
C12566,39,Female,36-50,Central
C12803,29,Female,26-35,East
C13896,63,Other,51-65,East
C16155,22,Male,18-25,South
C10719,34,Female,26-35,Central
C16698,67,Female,65+,West
C16516,56,Other,51-65,East
C10972,40,Female,36-50,Central
C13718,20,Female,18-25,North
C14552,58,Female,51-65,East
C12207,25,Male,18-25,North
C14320,41,Female,36-50,South
C16872,29,Male,26-35,South
C13575,43,Female,36-50,South
C13116,38,Male,36-50,South
C13285,33,Male,26-35,East
C10643,47,Female,36-50,North
C10194,20,Male,18-25,East
C13996,26,Male,26-35,South
C13276,57,Female,51-65,Central
C11102,37,Female,36-50,Central
C11847,42,Female,36-50,South
C12655,52,Male,51-65,East
C10979,45,Male,36-50,Central
C14529,36,Male,36-50,South
C13402,57,Male,51-65,North
C17310,45,Female,36-50,North
C13871,34,Female,26-35,East
C11552,34,Female,26-35,East
C15209,50,Male,36-50,North
C17659,60,Female,51-65,West
C13270,41,Male,36-50,East
C12409,49,Female,36-50,West
C10025,33,Female,26-35,Central
C15513,68,Female,65+,West
C16650,20,Male,18-25,East
C17506,24,Female,18-25,East
C16410,46,Male,36-50,Central
C16599,50,Male,36-50,West
C13431,31,Male,26-35,West
C15187,24,Male,18-25,Central
C15102,26,Female,26-35,South
C17006,24,Male,18-25,West
C13483,54,Other,51-65,East
C10490,38,Male,36-50,Central
C17854,63,Male,51-65,Central
C17605,52,Male,51-65,North
C11723,19,Male,18-25,East
C11592,43,Female,36-50,Central
C16632,33,Male,26-35,East
C14781,24,Female,18-25,East
C13313,32,Male,26-35,Central
C11776,38,Male,36-50,North
C12052,47,Female,36-50,South
C17763,26,Female,26-35,Central
C15939,57,Female,51-65,South
C16504,52,Male,51-65,West
C13809,58,Female,51-65,East
C15241,36,Female,36-50,North
C15677,33,Male,26-35,Central
C12500,32,Female,26-35,South
C17557,35,Female,26-35,South
C16589,65,Female,51-65,West
C17757,20,Male,18-25,North
C16857,44,Male,36-50,Central
C16146,31,Other,26-35,North
C11116,54,Female,51-65,South
C13499,45,Male,36-50,North
C13306,68,Male,65+,Central
C17888,33,Female,26-35,South
C16474,20,Male,18-25,West
C12380,61,Female,51-65,West
C16193,46,Female,36-50,North
C14958,22,Other,18-25,North
C15787,44,Male,36-50,South
C13563,59,Female,51-65,Central
C11890,56,Female,51-65,East
C17866,46,Female,36-50,North
C17257,52,Male,51-65,South
C10356,47,Male,36-50,West
C15720,35,Male,26-35,North
C10869,69,Female,65+,Central
C12001,35,Male,26-35,South
C15509,64,Female,51-65,West
C13425,67,Female,65+,South
C14714,37,Female,36-50,East
C15930,20,Other,18-25,South
C12895,48,Male,36-50,West
C15366,27,Female,26-35,West
C12525,28,Male,26-35,West
C12019,61,Other,51-65,East
C14590,50,Female,36-50,South
C17594,30,Female,26-35,East
C13667,55,Male,51-65,South
C13671,28,Male,26-35,North
C12801,45,Female,36-50,South
C15973,50,Female,36-50,East
C10085,32,Male,26-35,Central
C16217,19,Male,18-25,West
C13583,62,Male,51-65,South
C17323,22,Female,18-25,North
C13326,64,Male,51-65,North
C12218,62,Female,51-65,West
C12217,42,Male,36-50,West
C14967,43,Female,36-50,South
C12369,36,Female,36-50,North
C12503,25,Male,18-25,West
C15722,41,Male,36-50,South
C17322,32,Female,26-35,North
C13947,50,Male,36-50,West
C11676,67,Female,65+,East
C14105,57,Female,51-65,West
C12787,64,Female,51-65,South
C17432,35,Female,26-35,West
C13318,56,Female,51-65,Central
C16689,54,Female,51-65,North
C12176,61,Male,51-65,South
C12652,51,Male,51-65,East
C13824,30,Female,26-35,Central
C12451,39,Male,36-50,North
C17778,27,Male,26-35,West
C13929,67,Female,65+,South
C12765,69,Female,65+,West
C14369,40,Female,36-50,East
C14956,25,Male,18-25,East
C11105,38,Male,36-50,West
C13008,42,Male,36-50,East
C15888,28,Male,26-35,North
C17225,39,Male,36-50,North
C15523,41,Other,36-50,North
C14410,50,Male,36-50,West
C13786,21,Female,18-25,North
C11064,44,Female,36-50,East
C16020,36,Male,36-50,South
C11216,29,Male,26-35,East
C15520,51,Male,51-65,North
C17445,63,Male,51-65,North
C17159,46,Female,36-50,North
C17423,53,Female,51-65,Central
C14746,36,Male,36-50,West
C12329,20,Male,18-25,Central
C13954,21,Male,18-25,North
C12450,67,Female,65+,North
C14647,23,Female,18-25,Central
C17812,30,Male,26-35,North
C14500,37,Female,36-50,North
C14557,28,Male,26-35,Central
C10873,32,Female,26-35,East
C10083,68,Male,65+,West
C16897,18,Male,18-25,East
C14316,33,Male,26-35,East
C13975,35,Female,26-35,North
C16696,62,Female,51-65,South
C11391,38,Female,36-50,Central
C13218,52,Female,51-65,West
C14207,35,Male,26-35,East
C14570,69,Male,65+,East
C16009,25,Female,18-25,South
C10270,42,Male,36-50,West
C16850,66,Male,65+,West
C17447,34,Male,26-35,East
C16332,61,Female,51-65,South
C17331,54,Female,51-65,Central
C16108,46,Male,36-50,North
C13075,55,Female,51-65,South
C10289,47,Female,36-50,East
C12480,29,Male,26-35,South
C13252,40,Female,36-50,North
C17415,63,Male,51-65,East
C16771,37,Male,36-50,East
C10278,36,Female,36-50,East
C14776,61,Male,51-65,South
C17676,60,Male,51-65,North
C13832,41,Female,36-50,Central
C12727,20,Female,18-25,South
C16053,37,Female,36-50,South
C13388,39,Male,36-50,West
C14307,60,Male,51-65,North
C15634,66,Female,65+,Central
C10383,36,Male,36-50,North
C11987,31,Other,26-35,Central
C14059,37,Female,36-50,West
C14939,36,Female,36-50,North
C13109,37,Male,36-50,North
C14515,57,Male,51-65,East
C12798,40,Female,36-50,West
C13240,38,Male,36-50,East
C11988,47,Other,36-50,East
C11849,31,Female,26-35,West
C10305,21,Female,18-25,South
C13613,48,Female,36-50,West
C12749,28,Male,26-35,Central
C16680,30,Male,26-35,Central
C11135,59,Male,51-65,East
C10205,32,Female,26-35,East
C17352,20,Female,18-25,West
C14591,43,Female,36-50,North
C13450,39,Female,36-50,West
C16005,59,Male,51-65,South
C13622,56,Male,51-65,East
C13599,40,Male,36-50,North
C10309,18,Male,18-25,South
C16896,55,Female,51-65,South
C14086,34,Male,26-35,Central
C11822,48,Female,36-50,East
C17081,29,Female,26-35,Central
C16175,37,Male,36-50,East
C14538,26,Female,26-35,West
C13722,41,Male,36-50,North
C13551,63,Female,51-65,Central
C12552,35,Male,26-35,East
C13907,67,Male,65+,Central
C15679,36,Female,36-50,West
C10152,69,Female,65+,South
C12916,60,Female,51-65,North
C15952,32,Male,26-35,East
C15310,41,Male,36-50,North
C11752,53,Male,51-65,South
C13875,54,Female,51-65,North
C11104,58,Male,51-65,West
C12536,34,Female,26-35,East
C14990,56,Male,51-65,South
C17361,44,Male,36-50,West
C17263,59,Male,51-65,North
C13494,54,Female,51-65,North
C17365,38,Male,36-50,East
C11006,66,Female,65+,East
C10166,46,Male,36-50,Central
C10508,28,Male,26-35,North
C11661,22,Male,18-25,North
C13664,47,Male,36-50,East
C10680,50,Male,36-50,East
C15260,30,Male,26-35,North
C12292,45,Male,36-50,West
C11538,20,Female,18-25,North
C13408,50,Male,36-50,South
C11099,41,Male,36-50,West
C11903,68,Male,65+,Central
C10174,39,Male,36-50,East
C14287,46,Male,36-50,West
C14160,24,Male,18-25,East
C17106,61,Male,51-65,North
C17007,19,Male,18-25,South
C11151,50,Female,36-50,South
C17619,65,Male,51-65,West
C16033,25,Male,18-25,East
C10368,60,Male,51-65,North
C11907,58,Female,51-65,Central
C12535,49,Female,36-50,Central
C14173,43,Female,36-50,West
C12873,46,Male,36-50,East
C11293,29,Male,26-35,West
C14769,56,Male,51-65,South
C16871,68,Male,65+,North
C13386,24,Male,18-25,Central
C12972,57,Male,51-65,West
C13922,65,Female,51-65,West
C14997,36,Female,36-50,South
C17032,18,Male,18-25,South
C12240,43,Female,36-50,West
C11476,67,Female,65+,West
C16426,36,Male,36-50,Central
C13407,60,Male,51-65,North
C10389,20,Male,18-25,North
C10999,19,Female,18-25,East
C14620,31,Male,26-35,East
C17407,66,Female,65+,West
C10658,61,Female,51-65,South
C12763,24,Male,18-25,North
C17722,55,Female,51-65,Central
C17256,65,Male,51-65,Central
C13731,28,Female,26-35,South
C17262,57,Female,51-65,North
C10451,19,Male,18-25,North
C13277,60,Female,51-65,South
C14546,55,Male,51-65,South
C17951,46,Female,36-50,North
C14690,57,Female,51-65,North
C13250,61,Male,51-65,East
C14595,48,Female,36-50,South
C14559,49,Male,36-50,West
C10112,67,Female,65+,West
C13197,69,Male,65+,South
C17732,28,Female,26-35,South
C12378,24,Female,18-25,West
C11924,61,Male,51-65,East
C10139,64,Other,51-65,North
C11424,19,Female,18-25,North
C12949,48,Female,36-50,South
C13168,41,Female,36-50,East
C10516,61,Male,51-65,North
C16043,26,Female,26-35,East
C16989,26,Male,26-35,East
C17236,50,Male,36-50,East
C16261,33,Female,26-35,West
C10887,29,Male,26-35,South
C10049,39,Female,36-50,West
C13951,68,Female,65+,West
C13560,22,Male,18-25,Central
C16340,38,Female,36-50,West
C11473,60,Female,51-65,North
C17846,41,Male,36-50,West
C13765,67,Female,65+,South
C12438,63,Male,51-65,East
C14310,24,Male,18-25,South
C16358,19,Male,18-25,South
C14855,21,Female,18-25,West
C16547,60,Female,51-65,North
C15911,23,Male,18-25,East
C16481,20,Male,18-25,South
C16974,26,Male,26-35,South
C14456,48,Female,36-50,West
C14664,55,Female,51-65,East
C11415,42,Male,36-50,South
C16160,54,Male,51-65,West
C10517,59,Female,51-65,West
C17737,40,Male,36-50,West
C15444,29,Female,26-35,East
C15531,18,Female,18-25,Central
C17249,43,Male,36-50,Central
C13545,50,Female,36-50,South
C15587,57,Male,51-65,South
C14520,67,Female,65+,East
C16064,58,Female,51-65,North
C17162,30,Male,26-35,West
C12434,27,Male,26-35,Central
C15633,45,Male,36-50,North
C17959,65,Male,51-65,North
C12633,68,Other,65+,South
C16309,42,Male,36-50,North
C16058,33,Male,26-35,West
C17606,62,Female,51-65,South
C13366,60,Male,51-65,North
C14314,63,Male,51-65,Central
C14764,48,Male,36-50,South
C16163,40,Male,36-50,West
C12600,30,Other,26-35,East
C15045,37,Male,36-50,North
C12195,18,Female,18-25,East
C17275,23,Male,18-25,West
C14498,41,Other,36-50,West
C14691,58,Male,51-65,North
C13554,68,Female,65+,West
C12414,24,Female,18-25,South
C15533,69,Female,65+,North
C17061,61,Male,51-65,West
C15253,23,Male,18-25,East
C13849,44,Female,36-50,North
C14168,28,Female,26-35,North
C14655,19,Female,18-25,South
C17493,61,Female,51-65,West
C14840,50,Female,36-50,East
C15562,59,Male,51-65,Central
C14195,18,Male,18-25,North
C12305,26,Female,26-35,East
C14508,24,Female,18-25,North
C12642,40,Female,36-50,North
C16409,56,Female,51-65,South
C17482,20,Female,18-25,West
C17034,67,Male,65+,North
C11271,37,Male,36-50,West
C11813,20,Female,18-25,North
C12915,59,Female,51-65,East
C10283,24,Female,18-25,East
C10816,35,Female,26-35,North
C10082,29,Male,26-35,North
C13491,26,Female,26-35,North
C12093,22,Male,18-25,West
C16405,60,Male,51-65,West
C10175,64,Female,51-65,West
C15285,60,Other,51-65,West
C12704,68,Male,65+,West
C14937,49,Male,36-50,North
C11818,42,Female,36-50,East
C11779,50,Male,36-50,South
C15528,69,Male,65+,South
C14462,25,Male,18-25,South
C14739,56,Female,51-65,South
C10859,53,Male,51-65,East
C13856,31,Male,26-35,West
C14017,68,Female,65+,East
C12259,34,Female,26-35,North
C15612,34,Male,26-35,North
C13751,57,Male,51-65,South
C12086,28,Male,26-35,South
C12804,20,Female,18-25,North
C10150,67,Male,65+,North
C15599,53,Female,51-65,South
C15555,29,Female,26-35,North
C15119,66,Male,65+,Central
C15694,18,Male,18-25,West
C12784,32,Female,26-35,North
C15485,31,Male,26-35,Central
C12346,51,Male,51-65,South
C15039,25,Male,18-25,West
C12250,69,Female,65+,East
C15041,45,Female,36-50,West
C13010,69,Female,65+,East
C13901,23,Male,18-25,Central
C11337,27,Female,26-35,South
C11551,45,Female,36-50,North
C11526,47,Female,36-50,North
C11361,32,Male,26-35,North
C14370,58,Female,51-65,North
C15283,27,Male,26-35,Central
C17610,58,Female,51-65,West
C12366,60,Male,51-65,Central
C16647,27,Male,26-35,East
C13757,45,Female,36-50,West
C11911,45,Female,36-50,Central
C10602,59,Female,51-65,South
C13821,22,Male,18-25,North
C10690,31,Female,26-35,East
C10493,68,Male,65+,East
C10489,59,Female,51-65,West
C16864,57,Male,51-65,South
C17786,33,Female,26-35,South
C15488,18,Female,18-25,East
C12843,66,Female,65+,South
C11717,56,Male,51-65,West
C12596,29,Male,26-35,North
C11873,35,Male,26-35,Central
C14663,61,Female,51-65,South
C13258,48,Male,36-50,North
C13641,56,Female,51-65,East
C16266,39,Male,36-50,North
C15307,68,Female,65+,North
C10741,26,Female,26-35,East
C10679,21,Male,18-25,North
C12467,65,Male,51-65,East
C10062,19,Male,18-25,South
C12559,31,Male,26-35,West
C15324,53,Female,51-65,Central
C16915,38,Female,36-50,South
C17381,60,Male,51-65,South
C10134,35,Male,26-35,West
C14970,29,Male,26-35,South
C12135,23,Male,18-25,West
C17131,48,Male,36-50,South
C17296,53,Male,51-65,Central
C13074,33,Male,26-35,Central
C12981,27,Male,26-35,West
C15873,67,Male,65+,South
C10120,40,Female,36-50,East
C17552,33,Male,26-35,North
C17205,65,Male,51-65,West
C15460,38,Female,36-50,West
C15103,59,Male,51-65,East
C10644,18,Female,18-25,North
C12068,47,Male,36-50,West
C15715,51,Female,51-65,East
C17762,29,Male,26-35,Central
C10802,65,Female,51-65,Central
C15059,55,Male,51-65,Central
C10195,31,Female,26-35,West
C12187,56,Female,51-65,Central
C13515,22,Male,18-25,South
C12330,35,Female,26-35,Central
C16195,59,Female,51-65,West
C13927,28,Female,26-35,West
C16296,63,Female,51-65,East
C15430,62,Male,51-65,West
C15933,34,Male,26-35,North
C10566,48,Female,36-50,North
C17556,19,Male,18-25,East
C14717,67,Male,65+,South
C16121,38,Male,36-50,North
C11200,45,Male,36-50,West
C17529,19,Female,18-25,North
C14409,21,Male,18-25,North
C16240,56,Female,51-65,South
C16972,55,Female,51-65,North
C10136,28,Female,26-35,East
C11029,42,Female,36-50,North
C12594,46,Male,36-50,West
C12677,61,Female,51-65,South
C12308,61,Male,51-65,North
C17593,32,Male,26-35,West
C10086,57,Male,51-65,South
C16968,34,Male,26-35,South
C12942,54,Male,51-65,West
C15404,69,Male,65+,Central
C11700,49,Male,36-50,South
C12700,21,Female,18-25,East
C17539,29,Female,26-35,South
C11647,31,Male,26-35,Central
C15164,27,Male,26-35,South
C10596,62,Female,51-65,South
C13089,36,Male,36-50,West
C10720,63,Male,51-65,South
C16378,67,Other,65+,West
C16559,66,Male,65+,South
C10498,63,Male,51-65,East
C16126,49,Female,36-50,West
C11736,47,Female,36-50,North
C13611,21,Female,18-25,South
C17178,37,Female,36-50,East
C16901,52,Female,51-65,South
C13982,58,Male,51-65,North
C14507,18,Male,18-25,South
C12410,27,Female,26-35,South
C15628,24,Male,18-25,Central
C13360,60,Female,51-65,North
C13552,62,Male,51-65,East
C16473,45,Male,36-50,South
C16055,56,Male,51-65,East
C15097,48,Female,36-50,South
C10945,69,Male,65+,West
C15473,56,Male,51-65,East
C12977,25,Male,18-25,East
C14015,51,Male,51-65,West
C10238,31,Female,26-35,East
C12607,21,Female,18-25,West
C15552,27,Male,26-35,West
C14927,68,Male,65+,North
C12687,53,Male,51-65,North
C14951,69,Female,65+,East
C14166,36,Other,36-50,South
C15388,20,Female,18-25,East
C10820,35,Female,26-35,West
C10192,18,Female,18-25,North
C16314,62,Male,51-65,South
C11788,42,Male,36-50,North
C12463,42,Male,36-50,North
C16811,34,Female,26-35,South
C11096,50,Female,36-50,West
C17260,25,Female,18-25,North
C11621,24,Female,18-25,West
C16773,56,Male,51-65,North
C13816,69,Female,65+,Central
C15318,20,Female,18-25,East
C13484,58,Female,51-65,North
C14434,65,Male,51-65,East
C15057,42,Male,36-50,West
C14994,68,Female,65+,South
C12104,64,Male,51-65,South
C11255,61,Female,51-65,Central
C16328,58,Female,51-65,East
C12339,57,Female,51-65,East
C13406,38,Female,36-50,South
C10731,38,Other,36-50,North
C16977,25,Female,18-25,West
C16476,45,Male,36-50,North
C10531,59,Female,51-65,North
C16079,19,Male,18-25,South
C11769,61,Female,51-65,East
C12370,26,Female,26-35,East
C15970,65,Female,51-65,North
C15813,20,Female,18-25,East
C16202,53,Other,51-65,West
C16003,69,Male,65+,West
C12890,31,Male,26-35,South
C13193,62,Female,51-65,North
C17646,31,Male,26-35,Central
C12666,67,Female,65+,East
C16239,40,Male,36-50,West
C10897,52,Female,51-65,West
C17048,46,Female,36-50,South
C10670,51,Male,51-65,Central
C11505,33,Female,26-35,West
C16460,37,Female,36-50,West
C14814,21,Female,18-25,North
C15167,57,Female,51-65,East
C15255,30,Other,26-35,South
C11892,45,Male,36-50,Central
C13439,18,Female,18-25,Central
C17596,55,Female,51-65,West
C11503,33,Male,26-35,West
C13571,36,Male,36-50,West
C13792,46,Female,36-50,Central
C10043,61,Female,51-65,Central
C13612,67,Female,65+,North
C12618,60,Female,51-65,West
C14678,22,Female,18-25,Central
C13163,18,Male,18-25,Central
C11288,56,Male,51-65,North
C10219,53,Male,51-65,South
C13513,41,Female,36-50,West
C10990,57,Female,51-65,South
C14953,37,Female,36-50,North
C10803,22,Female,18-25,South
C15876,55,Other,51-65,Central
C11705,46,Female,36-50,North
C13340,60,Male,51-65,West
C12575,47,Male,36-50,Central
C10615,29,Male,26-35,East
C15944,52,Male,51-65,South
C17207,19,Female,18-25,South
C12781,30,Female,26-35,West
C16859,25,Female,18-25,North
C12347,61,Male,51-65,East
C14490,45,Male,36-50,West
C12640,49,Female,36-50,North
C13801,46,Female,36-50,North
C12561,69,Female,65+,West
C16539,55,Male,51-65,South
C10857,61,Male,51-65,Central
C14886,51,Other,51-65,West
C14753,42,Female,36-50,East
C17485,52,Female,51-65,West
C16879,45,Male,36-50,North
C13877,21,Male,18-25,Central
C14334,48,Female,36-50,Central
C14290,23,Female,18-25,South
C14034,47,Female,36-50,North
C16204,49,Female,36-50,East
C16828,41,Female,36-50,East
C16111,30,Male,26-35,West
C14251,30,Female,26-35,North
C17545,36,Male,36-50,West
C17957,46,Male,36-50,South
C15705,51,Female,51-65,South
C11230,51,Male,51-65,West
C17647,28,Male,26-35,East
C12934,32,Female,26-35,West
C16483,37,Female,36-50,South
C10203,28,Male,26-35,South
C17707,56,Female,51-65,West
C14487,44,Female,36-50,North
C16718,32,Female,26-35,South
C11093,36,Female,36-50,East
C17036,42,Female,36-50,North
C10607,40,Female,36-50,North
C15710,33,Female,26-35,East
C11837,62,Female,51-65,East
C12103,69,Male,65+,East
C17911,36,Male,36-50,South
C17934,20,Male,18-25,West
C14550,61,Female,51-65,East
C14325,53,Female,51-65,Central
C17425,68,Female,65+,East
C14988,65,Male,51-65,Central
C15669,45,Female,36-50,Central
C13347,44,Female,36-50,North
C11675,63,Female,51-65,Central
C10298,56,Female,51-65,South
C16942,52,Male,51-65,North
C11114,47,Other,36-50,West
C16623,57,Female,51-65,West
C12505,49,Male,36-50,South
C14446,54,Female,51-65,East
C16000,56,Female,51-65,West
C12850,62,Male,51-65,South
C15107,45,Male,36-50,South
C13770,33,Other,26-35,West
C14594,63,Female,51-65,South
C10949,57,Male,51-65,North
C14603,30,Male,26-35,Central
C12509,18,Male,18-25,East
C10113,42,Male,36-50,South
C13504,44,Other,36-50,South
C17523,23,Other,18-25,North
C17862,33,Female,26-35,Central
C16350,26,Female,26-35,North
C11258,35,Male,26-35,North
C17609,50,Female,36-50,North
C15327,56,Female,51-65,North
C13196,23,Male,18-25,Central
C12584,18,Male,18-25,West
C15660,47,Female,36-50,East
C14478,62,Female,51-65,Central
C17082,61,Female,51-65,South
C15395,30,Female,26-35,West
C12258,48,Female,36-50,Central
C12902,22,Female,18-25,South
C10650,36,Female,36-50,South
C15741,44,Female,36-50,East
C16838,67,Female,65+,North
C17876,48,Male,36-50,Central
C13262,33,Male,26-35,North
C11338,43,Female,36-50,East
C14996,28,Male,26-35,Central
C15780,32,Male,26-35,East
C12827,52,Male,51-65,South
C15681,36,Other,36-50,East
C13539,20,Male,18-25,East
C17845,33,Other,26-35,East
C15834,32,Female,26-35,East
C14383,42,Female,36-50,Central
C13978,48,Female,36-50,West
C13226,49,Female,36-50,Central
C16837,43,Male,36-50,North
C15841,34,Other,26-35,West
C11448,42,Male,36-50,East
C10570,68,Female,65+,North
C15096,59,Female,51-65,North
C11874,28,Other,26-35,Central
C17231,22,Male,18-25,Central
C16982,52,Male,51-65,East
C16336,22,Male,18-25,West
C17086,24,Male,18-25,North
C12477,63,Male,51-65,Central
C13505,38,Male,36-50,North
C13475,21,Female,18-25,East
C15162,29,Male,26-35,South
C11319,48,Male,36-50,South
C17389,37,Male,36-50,East
C15213,53,Female,51-65,Central
C14108,36,Male,36-50,North
C10944,36,Female,36-50,Central
C12789,22,Female,18-25,West
C15953,58,Female,51-65,Central
C13882,48,Other,36-50,South
C13221,61,Female,51-65,West
C16803,30,Female,26-35,West
C15148,67,Male,65+,Central
C14391,40,Female,36-50,West
C15021,31,Male,26-35,Central
C12387,20,Female,18-25,South
C16582,45,Female,36-50,Central
C15263,50,Female,36-50,South
C10941,61,Male,51-65,Central
C14925,38,Male,36-50,South
C15866,63,Male,51-65,South
C17212,69,Male,65+,West
C12202,29,Male,26-35,East
C15300,27,Female,26-35,South
C17382,63,Female,51-65,South
C15192,54,Female,51-65,West
C17074,49,Female,36-50,North
C16774,23,Other,18-25,North
C12654,26,Male,26-35,Central
C13805,48,Female,36-50,South
C16419,33,Female,26-35,East
C16523,20,Female,18-25,South
C17910,42,Female,36-50,West
C15428,61,Male,51-65,East
C17435,44,Male,36-50,North
C15040,46,Male,36-50,South
C13135,29,Female,26-35,South
C16953,51,Female,51-65,North
C17265,53,Male,51-65,West
C11094,51,Female,51-65,South
C12617,28,Female,26-35,South
C12323,25,Male,18-25,West
C12775,26,Female,26-35,North
C17972,64,Female,51-65,South
C15927,41,Male,36-50,North
C14331,22,Male,18-25,Central
C11942,51,Male,51-65,West
C10109,40,Female,36-50,South
C10191,52,Female,51-65,Central
C10903,22,Male,18-25,Central
C15212,65,Male,51-65,Central
C10861,66,Male,65+,West
C16711,69,Female,65+,West
C11083,58,Male,51-65,North
C17216,51,Male,51-65,North
C10636,37,Female,36-50,North
C11036,21,Female,18-25,West
C15457,25,Male,18-25,North
C11879,52,Female,51-65,South
C13966,65,Male,51-65,South
C14126,59,Female,51-65,South
C17542,27,Male,26-35,North
C14581,49,Female,36-50,West
C11289,44,Female,36-50,North
C13199,18,Female,18-25,West
C17522,33,Female,26-35,Central
C14920,52,Female,51-65,West
C15558,27,Female,26-35,South
C12153,60,Male,51-65,East
C16324,43,Female,36-50,South
C10776,18,Female,18-25,East
C13442,64,Male,51-65,Central
C15067,62,Male,51-65,North
C15518,31,Male,26-35,Central
C11294,56,Other,51-65,North
C17692,51,Male,51-65,West
C13103,21,Female,18-25,North
C12440,46,Other,36-50,West
C10844,44,Male,36-50,East
C15839,66,Female,65+,West
C10446,35,Male,26-35,East
C13915,69,Male,65+,Central
C11234,49,Female,36-50,Central
C16587,63,Male,51-65,North
C15446,19,Female,18-25,West
C17185,69,Female,65+,North
C11830,24,Male,18-25,East
C13779,35,Female,26-35,South
C12877,22,Female,18-25,North
C10848,67,Male,65+,Central
C15074,34,Female,26-35,South
C15708,20,Male,18-25,West
C15112,27,Male,26-35,West
C11881,29,Female,26-35,North
C11630,19,Other,18-25,South
C14405,40,Other,36-50,South
C13203,53,Female,51-65,East
C17960,47,Male,36-50,East
C12892,64,Female,51-65,East
C11695,18,Female,18-25,Central
C16263,43,Female,36-50,South
C15570,26,Female,26-35,East
C17579,58,Female,51-65,South
C11666,64,Female,51-65,West
C15356,48,Male,36-50,East
C16751,33,Male,26-35,East
C16855,48,Female,36-50,South
C10071,49,Male,36-50,Central
C12053,33,Female,26-35,South
C13682,30,Female,26-35,Central
C14482,49,Male,36-50,West
C17243,31,Male,26-35,East
C15296,44,Male,36-50,West
C15918,38,Male,36-50,Central
C10348,20,Male,18-25,South
C13908,24,Female,18-25,South
C10307,54,Male,51-65,North
C15246,25,Male,18-25,South
C14861,18,Female,18-25,East
C12809,59,Male,51-65,West
C13558,23,Male,18-25,Central
C13477,52,Male,51-65,Central
C16531,20,Male,18-25,North
C17724,63,Female,51-65,West
C12985,43,Male,36-50,East
C17793,61,Male,51-65,South
C12764,62,Female,51-65,North
C10336,34,Male,26-35,East
C11973,23,Female,18-25,North
C13968,48,Male,36-50,Central
C17440,40,Male,36-50,East
C13129,45,Female,36-50,South
C15447,68,Male,65+,South
C16129,55,Male,51-65,Central
C14204,50,Female,36-50,West
C10314,57,Female,51-65,Central
C12746,38,Female,36-50,North
C17396,54,Female,51-65,North
C11520,50,Male,36-50,East
C12805,32,Female,26-35,West
C10721,43,Female,36-50,South
C10912,53,Male,51-65,East
C13357,30,Male,26-35,North
C10497,48,Female,36-50,North
C11756,66,Female,65+,North
C11117,41,Male,36-50,West
C13409,38,Male,36-50,South
C16100,31,Female,26-35,West
C16749,43,Male,36-50,East
C16992,45,Female,36-50,Central
C10142,28,Male,26-35,West
C17347,26,Male,26-35,Central
C16622,31,Female,26-35,North
C14660,43,Male,36-50,South
C12431,27,Female,26-35,West
C14512,33,Female,26-35,North
C16451,63,Male,51-65,South
C11504,31,Male,26-35,Central
C13308,34,Male,26-35,South
C15048,66,Female,65+,East
C11344,33,Male,26-35,North
C16250,57,Female,51-65,West
C13303,39,Male,36-50,West
C13113,32,Female,26-35,West
C12662,40,Female,36-50,North
C17850,22,Male,18-25,North
C11748,42,Male,36-50,Central
C13478,19,Female,18-25,North
C14709,43,Female,36-50,East
C15831,35,Female,26-35,North
C14322,31,Other,26-35,South
C17282,33,Female,26-35,East
C11086,40,Female,36-50,South
C14763,23,Male,18-25,West
C12042,26,Female,26-35,North
C10272,46,Female,36-50,Central
C11051,59,Female,51-65,North
C17538,50,Female,36-50,Central
C17747,53,Female,51-65,North
C13289,65,Female,51-65,Central
C17466,28,Female,26-35,North
C15072,55,Male,51-65,Central
C13176,29,Female,26-35,North
C11251,50,Male,36-50,North
C16226,63,Female,51-65,South
C16395,60,Female,51-65,East
C15815,39,Male,36-50,South
C16138,57,Male,51-65,West
C11961,57,Male,51-65,West
C17975,57,Female,51-65,East
C12656,24,Male,18-25,Central
C16603,67,Male,65+,North
C14567,58,Female,51-65,North
C17887,62,Female,51-65,North
C16513,25,Other,18-25,West
C10183,62,Female,51-65,North
C17755,44,Female,36-50,East
C13358,39,Male,36-50,North
C16615,62,Female,51-65,South
C11398,61,Male,51-65,West
C16797,26,Male,26-35,South
C12796,46,Male,36-50,South
C16945,61,Other,51-65,Central
C15698,69,Female,65+,Central
C16653,46,Male,36-50,North
C13049,46,Female,36-50,East
C11305,30,Female,26-35,East
C10915,65,Male,51-65,South
C14247,38,Female,36-50,North
C15314,23,Female,18-25,Central
C11186,18,Male,18-25,West
C12398,39,Female,36-50,South
C16995,66,Male,65+,East
C14235,52,Female,51-65,North
C17299,37,Female,36-50,Central
C14765,21,Male,18-25,West
C14947,21,Female,18-25,North
C10627,33,Female,26-35,East
C15884,28,Female,26-35,South
C13214,49,Male,36-50,North
C12925,57,Female,51-65,North
C16932,32,Female,26-35,South
C12937,64,Female,51-65,East
C12117,39,Female,36-50,South
C10090,33,Female,26-35,Central
C14756,43,Female,36-50,North
C14834,19,Male,18-25,West
C12185,30,Female,26-35,North
C13783,32,Female,26-35,South
C16646,42,Male,36-50,South
C14668,61,Female,51-65,Central
C16692,54,Male,51-65,East
C16199,69,Male,65+,South
C11260,62,Male,51-65,Central
C14965,34,Female,26-35,East
C13932,30,Female,26-35,South
C13268,37,Female,36-50,Central
C10584,65,Female,51-65,East
C12799,56,Male,51-65,North
C15819,54,Female,51-65,South
C16173,55,Female,51-65,North
C10890,60,Male,51-65,East
C16087,66,Female,65+,West
C15564,49,Female,36-50,Central
C13961,19,Female,18-25,East
C14701,64,Male,51-65,North
C13806,57,Male,51-65,North
C17662,21,Male,18-25,West
C16686,21,Male,18-25,South
C11611,20,Female,18-25,South
C10896,62,Female,51-65,East
C12432,51,Male,51-65,East
C14856,69,Male,65+,Central
C15454,50,Male,36-50,West
C10677,66,Female,65+,West
C12028,33,Female,26-35,North
C16151,62,Male,51-65,South
C10589,37,Female,36-50,West
C12821,35,Male,26-35,South
C14750,39,Female,36-50,West
C13580,34,Female,26-35,West
C10268,47,Female,36-50,West
C12462,49,Female,36-50,West
C11268,56,Female,51-65,East
C12722,25,Other,18-25,Central
C14101,52,Male,51-65,West
C17384,55,Male,51-65,East
C16169,37,Male,36-50,South
C13076,46,Female,36-50,West
C16289,31,Male,26-35,North
C11411,18,Female,18-25,East
C15368,30,Female,26-35,East
C11485,29,Other,26-35,Central
C16156,40,Female,36-50,East
C14651,59,Male,51-65,South
C17566,25,Male,18-25,South
C11003,51,Male,51-65,North
C14527,45,Male,36-50,North
C12091,53,Female,51-65,East
C15436,65,Female,51-65,East
C14240,53,Female,51-65,North
C11073,41,Male,36-50,East
C12402,56,Male,51-65,North
C16969,29,Male,26-35,West
C12445,47,Female,36-50,Central
C11956,63,Female,51-65,North
C17023,41,Male,36-50,North
C16141,59,Female,51-65,South
C10807,66,Female,65+,East
C14827,43,Male,36-50,West
C15309,24,Female,18-25,Central
C15507,64,Male,51-65,North
C12284,68,Male,65+,North
C15313,19,Male,18-25,West
C14866,23,Male,18-25,South
C10757,58,Female,51-65,East
C14231,63,Male,51-65,Central
C12206,53,Male,51-65,Central
C11580,58,Female,51-65,Central
C16726,54,Male,51-65,West
C12418,39,Female,36-50,West
C14198,21,Male,18-25,East
C11001,63,Female,51-65,East
C15244,37,Female,36-50,East
C12845,64,Female,51-65,West
C10657,49,Female,36-50,West
C17025,31,Male,26-35,West
C15316,28,Male,26-35,West
C10422,68,Male,65+,West
C16715,63,Male,51-65,South
C10452,29,Female,26-35,East
C11657,67,Female,65+,West
C13164,37,Male,36-50,Central
C12966,28,Male,26-35,East
C10287,44,Female,36-50,West
C15737,46,Male,36-50,North
C13217,64,Male,51-65,North
C11225,28,Male,26-35,South
C11235,24,Male,18-25,North
C14906,35,Female,26-35,Central
C10808,69,Female,65+,North
C10978,37,Male,36-50,South
C10725,69,Female,65+,East
C17671,26,Female,26-35,West
C13362,41,Female,36-50,Central
C17701,51,Male,51-65,South
C14051,64,Male,51-65,North
C12197,45,Male,36-50,East
C17145,30,Other,26-35,West
C12123,21,Male,18-25,West
C10598,24,Male,18-25,Central
C13341,50,Male,36-50,South
C15649,54,Female,51-65,West
C16394,59,Male,51-65,East
C10124,37,Male,36-50,West
C13246,67,Female,65+,South
C15375,45,Male,36-50,Central
C15846,53,Female,51-65,East
C14125,32,Female,26-35,North
C16424,24,Female,18-25,South
C12415,46,Female,36-50,South
C13096,44,Female,36-50,Central
C11609,19,Male,18-25,North
C11357,30,Female,26-35,South
C12095,23,Male,18-25,South
C17905,42,Male,36-50,West
C11801,37,Male,36-50,Central
C12146,48,Female,36-50,North
C15642,47,Female,36-50,East
C11620,63,Female,51-65,South
C12941,52,Male,51-65,North
C16987,21,Female,18-25,South
C16264,35,Female,26-35,Central
C14905,69,Female,65+,South
C10977,32,Female,26-35,North
C13066,29,Female,26-35,South
C10783,24,Female,18-25,West
C10240,44,Female,36-50,North
C15874,62,Male,51-65,North
C11553,18,Female,18-25,Central
C14586,29,Male,26-35,North
C10430,21,Other,18-25,West
C16447,58,Male,51-65,South
C12345,67,Male,65+,West
C10075,33,Male,26-35,Central
C17142,18,Female,18-25,South
C16785,41,Male,36-50,South
C14922,45,Female,36-50,North
C14686,40,Male,36-50,Central
C16215,56,Female,51-65,North
C11902,64,Male,51-65,West
C16006,37,Female,36-50,West
C14013,46,Female,36-50,East
C17143,62,Male,51-65,East
C12059,48,Male,36-50,West
C11789,44,Female,36-50,North
C13626,29,Female,26-35,Central
C14348,60,Male,51-65,East
C14471,56,Female,51-65,East
C15956,51,Female,51-65,West
C12851,54,Female,51-65,West
C17780,66,Female,65+,West
C10925,42,Male,36-50,East
C13734,43,Male,36-50,West
C16543,19,Female,18-25,West
C10969,39,Male,36-50,South
C13195,26,Female,26-35,South
C16940,53,Female,51-65,North
C14323,55,Female,51-65,West
C17954,23,Male,18-25,East
C14556,53,Male,51-65,Central
C14159,47,Other,36-50,East
C16308,45,Male,36-50,East
C11187,69,Female,65+,West
C14319,30,Female,26-35,North
C17108,60,Female,51-65,West
C13939,60,Female,51-65,East
C17197,44,Male,36-50,North
C10044,39,Male,36-50,South
C10829,69,Female,65+,Central
C16364,48,Female,36-50,South
C15987,30,Male,26-35,Central
C10691,32,Other,26-35,Central
C14019,29,Female,26-35,East
C10931,25,Female,18-25,West
C14936,48,Female,36-50,South
C16725,26,Female,26-35,South
C17283,23,Other,18-25,East
C16382,58,Male,51-65,Central
C16584,53,Male,51-65,East
C11032,31,Female,26-35,Central
C10387,64,Female,51-65,East
C13121,58,Female,51-65,South
C17754,22,Female,18-25,North
C11859,56,Female,51-65,East
C16792,43,Male,36-50,South
C12182,33,Male,26-35,East
C11170,32,Male,26-35,West
C12488,60,Male,51-65,South
C11876,52,Female,51-65,South
C15458,60,Female,51-65,North
C11161,26,Male,26-35,North
C17952,18,Female,18-25,West
C15983,63,Female,51-65,North
C10015,18,Female,18-25,North
C10926,59,Male,51-65,Central
C17255,67,Female,65+,East
C13950,24,Male,18-25,South
C10907,51,Female,51-65,Central
C11371,50,Female,36-50,West
C17135,20,Female,18-25,West
C16854,35,Male,26-35,Central
C15505,27,Female,26-35,South
C12578,52,Male,51-65,South
C16553,53,Male,51-65,North
C17498,56,Female,51-65,East
C17362,51,Female,51-65,Central
C12842,19,Female,18-25,North
C12229,67,Female,65+,East
C14751,43,Female,36-50,West
C16017,31,Female,26-35,North
C12077,36,Female,36-50,East
C10443,26,Female,26-35,South
C10297,46,Female,36-50,South
C14903,53,Female,51-65,South
C15856,60,Female,51-65,West
C11397,29,Male,26-35,Central
C10553,54,Female,51-65,South
C12350,30,Male,26-35,North
C14516,53,Female,51-65,North
C10184,18,Male,18-25,South
C15402,29,Male,26-35,South
C12209,46,Female,36-50,South
C15593,51,Female,51-65,South
C14296,48,Female,36-50,Central
C15807,24,Male,18-25,South
C14883,30,Male,26-35,Central
C14416,36,Male,36-50,Central
C17803,25,Female,18-25,West
C13479,24,Male,18-25,East
C15018,50,Female,36-50,South
C11694,60,Male,51-65,South
C17452,53,Other,51-65,North
C17507,28,Female,26-35,West
C10279,46,Male,36-50,West
C13977,67,Female,65+,East
C12669,55,Male,51-65,South
C12893,64,Female,51-65,North
C17825,49,Male,36-50,Central
C15247,42,Female,36-50,Central
C14427,39,Female,36-50,West
C15269,38,Female,36-50,South
C16135,18,Male,18-25,West
C15573,23,Male,18-25,South
C17189,22,Male,18-25,North
C14535,57,Male,51-65,South
C12776,69,Female,65+,South
C11119,49,Female,36-50,East
C12988,40,Male,36-50,South
C16437,65,Female,51-65,South
C10662,60,Female,51-65,South
C10479,35,Other,26-35,West
C11423,50,Female,36-50,Central
C15060,46,Male,36-50,East
C10911,26,Male,26-35,East
C15456,58,Male,51-65,West
C17148,62,Female,51-65,South
C17766,62,Female,51-65,East
C13213,47,Male,36-50,Central
C12364,24,Male,18-25,North
C15830,48,Female,36-50,North
C17940,35,Male,26-35,East
C10371,22,Female,18-25,West
C16998,30,Male,26-35,East
C16911,53,Male,51-65,West
C14942,37,Male,36-50,East
C10864,41,Male,36-50,South
C15474,61,Male,51-65,East
C15229,64,Male,51-65,North
C14054,48,Female,36-50,North
C13980,69,Female,65+,South
C12338,68,Female,65+,North
C17964,28,Female,26-35,East
C10325,54,Male,51-65,East
C11534,68,Female,65+,East
C13480,25,Female,18-25,East
C17774,64,Female,51-65,North
C13861,56,Male,51-65,East
C16060,25,Male,18-25,South
C14932,52,Other,51-65,Central
C12778,50,Male,36-50,West
C17768,62,Female,51-65,West
C11270,53,Female,51-65,East
C10640,60,Male,51-65,Central
C15974,63,Female,51-65,West
C16054,54,Female,51-65,West
C14078,41,Male,36-50,East
C14661,63,Male,51-65,East
C15849,58,Male,51-65,East
C16754,18,Male,18-25,Central
C17278,50,Male,36-50,South
C15968,33,Female,26-35,South
C14801,30,Male,26-35,East
C14103,69,Female,65+,South
C15231,39,Female,36-50,East
C15594,44,Other,36-50,South
C16355,26,Male,26-35,South
C14371,60,Male,51-65,South
C15798,65,Female,51-65,West
C14085,57,Male,51-65,South
C17130,39,Male,36-50,South
C10170,67,Male,65+,South
C10652,57,Male,51-65,South
C11499,57,Female,51-65,East
C12099,18,Female,18-25,West
C11972,42,Female,36-50,East
C17020,47,Male,36-50,West
C14039,45,Male,36-50,East
C17977,21,Male,18-25,South
C11049,23,Other,18-25,East
C17244,27,Male,26-35,East
C14306,18,Male,18-25,West
C14506,40,Male,36-50,South
C17690,67,Female,65+,North
C14522,48,Female,36-50,North
C13346,50,Male,36-50,East
C11471,42,Male,36-50,South
C15696,31,Female,26-35,West
C15351,35,Female,26-35,North
C14423,46,Female,36-50,North
C11966,45,Other,36-50,Central
C14362,44,Female,36-50,East
C16502,36,Male,36-50,East
C13395,32,Male,26-35,Central
C11893,18,Male,18-25,Central
C16795,38,Male,36-50,North
C11652,45,Female,36-50,Central
C14141,31,Male,26-35,Central
C13892,59,Male,51-65,East
C10599,53,Female,51-65,South
C11912,40,Female,36-50,East
C11292,44,Female,36-50,Central
C10380,35,Female,26-35,South
C12163,66,Male,65+,North
C14355,68,Female,65+,Central
C15753,32,Male,26-35,West
C12570,47,Female,36-50,North
C16120,27,Male,26-35,Central
C12476,68,Female,65+,Central
C10790,25,Male,18-25,South
C10746,29,Female,26-35,South
C16510,28,Male,26-35,East
C10312,34,Female,26-35,East
C14633,39,Female,36-50,South
C12829,60,Male,51-65,East
C11773,34,Female,26-35,Central
C16501,57,Female,51-65,East
C10506,22,Female,18-25,North
C17348,53,Female,51-65,North
C16719,67,Female,65+,West
C17413,69,Female,65+,South
C10505,65,Male,51-65,Central
C13590,51,Female,51-65,Central
C11872,23,Male,18-25,North
C17152,64,Male,51-65,South
C11192,21,Female,18-25,West
C14745,30,Female,26-35,East
C11464,50,Male,36-50,South
C13377,37,Male,36-50,North
C10672,57,Female,51-65,South
C11211,50,Female,36-50,West
C11539,50,Male,36-50,North
C10501,69,Male,65+,South
C12118,68,Male,65+,South
C16621,53,Male,51-65,South
C14386,63,Male,51-65,North
C13836,19,Female,18-25,South
C14050,47,Male,36-50,Central
C10755,22,Female,18-25,South
C15663,37,Male,36-50,North
C11869,55,Male,51-65,North
C14472,31,Female,26-35,West
C10507,32,Male,26-35,South
C11436,60,Male,51-65,East
C10558,31,Male,26-35,West
C17930,33,Male,26-35,Central
C17354,55,Female,51-65,Central
C13102,18,Other,18-25,North
C16403,54,Male,51-65,North
C15648,35,Male,26-35,North
C13715,56,Female,51-65,Central
C16685,35,Male,26-35,South
C12155,33,Female,26-35,Central
C16365,60,Male,51-65,East
C14350,20,Female,18-25,South
C12646,31,Male,26-35,West
C13820,50,Male,36-50,North
C16533,28,Female,26-35,Central
C17211,19,Female,18-25,West
C13985,56,Other,51-65,West
C17933,22,Female,18-25,North
C17928,64,Female,51-65,West
C12080,45,Male,36-50,South
C10904,35,Female,26-35,North
C10843,57,Male,51-65,North
C11782,41,Female,36-50,North
C11564,56,Male,51-65,South
C15606,57,Female,51-65,Central
C13956,67,Female,65+,South
C12306,56,Male,51-65,Central
C11158,20,Female,18-25,East
C11706,30,Female,26-35,South
C17889,47,Male,36-50,East
C10421,20,Female,18-25,Central
C11209,18,Female,18-25,East
C16507,60,Male,51-65,North
C16521,36,Female,36-50,West
C14817,30,Male,26-35,South
C12181,27,Female,26-35,South
C13256,27,Female,26-35,East
C11590,27,Male,26-35,West
C15882,46,Female,36-50,East
C14239,48,Female,36-50,West
C15982,24,Male,18-25,West
C11654,65,Male,51-65,South
C14528,30,Female,26-35,East
C13733,46,Male,36-50,West
C13322,21,Female,18-25,South
C10889,63,Male,51-65,West
C12170,61,Female,51-65,South
C17118,54,Male,51-65,East
C13589,54,Female,51-65,East
C15515,61,Female,51-65,North
C12670,63,Female,51-65,North
C13365,60,Female,51-65,South
C16663,66,Female,65+,North
C10339,27,Female,26-35,East
C14270,22,Female,18-25,North
C11714,37,Female,36-50,Central
C14692,40,Male,36-50,South
C15452,23,Female,18-25,North
C13567,65,Female,51-65,East
C17500,28,Male,26-35,Central
C10838,49,Female,36-50,Central
C11451,23,Male,18-25,Central
C12313,27,Female,26-35,East
C11514,52,Female,51-65,North
C11231,30,Male,26-35,North
C14056,18,Other,18-25,East
C15487,59,Male,51-65,West
C13862,53,Male,51-65,West
C14229,28,Other,26-35,East
C11450,48,Female,36-50,East
C11164,54,Male,51-65,West
C12705,32,Male,26-35,Central
C17259,26,Male,26-35,Central
C12226,63,Male,51-65,South
C11079,49,Female,36-50,East
C15274,35,Female,26-35,North
C17235,39,Female,36-50,West
C12031,41,Male,36-50,South
C10322,20,Male,18-25,Central
C11541,20,Male,18-25,Central
C17654,35,Male,26-35,Central
C12653,22,Female,18-25,Central
C10366,45,Female,36-50,North
C12897,63,Male,51-65,West
C14041,20,Female,18-25,East
C12860,23,Female,18-25,East
C10494,56,Female,51-65,North
C17116,26,Male,26-35,West
C13182,36,Female,36-50,Central
C11784,45,Male,36-50,South
C15266,36,Female,36-50,North
C16681,62,Male,51-65,Central
C15133,18,Male,18-25,East
C12280,43,Female,36-50,South
C14800,43,Female,36-50,East
C17607,33,Female,26-35,South
C14534,33,Male,26-35,North
C13803,37,Male,36-50,South
C11979,42,Female,36-50,West
C14787,33,Female,26-35,South
C17204,40,Male,36-50,East
C15729,44,Male,36-50,South
C13916,24,Female,18-25,Central
C11366,34,Male,26-35,North
C16453,19,Female,18-25,North
C16805,35,Female,26-35,South
C16671,64,Female,51-65,West
C14539,68,Other,65+,West
C10684,25,Female,18-25,East
C12887,41,Female,36-50,Central
C14180,23,Female,18-25,West
C12112,65,Female,51-65,South
C10626,38,Male,36-50,South
C15014,21,Male,18-25,West
C11375,48,Male,36-50,North
C11181,38,Female,36-50,South
C13534,18,Female,18-25,North
C13296,69,Female,65+,East
C11940,37,Female,36-50,West
C16758,30,Female,26-35,North
C11882,40,Other,36-50,East
C14908,19,Male,18-25,West
C12987,67,Female,65+,West
C13159,68,Female,65+,West
C15422,48,Female,36-50,East
C14775,65,Female,51-65,Central
C10681,59,Female,51-65,South
C15551,36,Female,36-50,North
C11370,49,Male,36-50,Central
C12580,64,Male,51-65,Central
C13248,36,Female,36-50,North
C16486,21,Male,18-25,West
C16244,33,Male,26-35,North
C10296,47,Female,36-50,East
C11677,47,Female,36-50,East
C12881,64,Male,51-65,West
C15650,53,Male,51-65,South
C14241,55,Female,51-65,South
C16487,19,Male,18-25,South
C14248,42,Male,36-50,Central
C10220,52,Male,51-65,West
C14818,24,Female,18-25,Central
C14623,28,Male,26-35,North
C17349,54,Male,51-65,East
C17209,56,Male,51-65,West
C11871,41,Female,36-50,South
C17915,23,Male,18-25,South
C17015,37,Female,36-50,Central
C15521,44,Male,36-50,North
C17713,35,Male,26-35,West
C10344,25,Male,18-25,North
C17237,39,Male,36-50,South
C16191,46,Female,36-50,East
C12598,24,Female,18-25,North
C11033,47,Female,36-50,West
C16899,44,Female,36-50,South
C12647,69,Male,65+,North
C10478,38,Male,36-50,West
C17688,18,Female,18-25,East
C16008,42,Male,36-50,West
C13332,50,Female,36-50,Central
C10787,37,Female,36-50,South
C10622,42,Male,36-50,Central
C12572,27,Male,26-35,Central
C15033,54,Male,51-65,Central
C17497,59,Male,51-65,Central
C13260,19,Other,18-25,West
C15214,33,Female,26-35,North
C14712,56,Male,51-65,South
C17663,48,Female,36-50,East
C17533,24,Female,18-25,Central
C12314,67,Female,65+,Central
C17465,22,Male,18-25,South
C10548,54,Female,51-65,Central
C15193,34,Male,26-35,North
C17675,41,Male,36-50,West
C14087,44,Female,36-50,West
C10198,36,Female,36-50,South
C17991,24,Female,18-25,East
C11831,34,Male,26-35,Central
C11174,67,Male,65+,Central
C10178,51,Male,51-65,West
C12244,24,Male,18-25,South
C10734,42,Male,36-50,East
C10798,67,Male,65+,East
C17601,57,Male,51-65,North
C12795,47,Male,36-50,East
C14304,41,Male,36-50,South
C14588,54,Female,51-65,West
C16808,30,Female,26-35,South
C12918,48,Female,36-50,North
C11129,55,Female,51-65,North
C14689,64,Female,51-65,West
C11215,21,Male,18-25,West
C10324,31,Male,26-35,North
C11850,23,Female,18-25,West
C11490,37,Female,36-50,South
C10893,68,Male,65+,West
C12263,47,Male,36-50,South
C11515,58,Male,51-65,South
C16326,31,Female,26-35,West
C12917,60,Female,51-65,North
C10110,39,Male,36-50,West
C11755,40,Male,36-50,East
C17759,33,Female,26-35,North
C13774,44,Female,36-50,North
C11030,65,Female,51-65,West
C16691,60,Female,51-65,West
C13992,57,Male,51-65,Central
C16428,37,Male,36-50,North
C16829,66,Male,65+,North
C17319,68,Male,65+,West
C13454,58,Male,51-65,West
C11189,23,Female,18-25,North
C16221,63,Female,51-65,North
C17769,33,Female,26-35,East
C11894,41,Female,36-50,South
C16322,40,Male,36-50,Central
C11811,51,Female,51-65,West
C12716,25,Female,18-25,North
C11335,20,Male,18-25,South
C14803,25,Female,18-25,Central
C13106,43,Female,36-50,South
C10378,64,Male,51-65,East
C16380,35,Female,26-35,East
C15638,66,Male,65+,Central
C11754,56,Male,51-65,North
C10463,32,Female,26-35,North
C14267,66,Male,65+,Central
C13624,50,Female,36-50,East
C14938,23,Female,18-25,West
C15417,19,Male,18-25,North
C16004,37,Male,36-50,North
C12622,25,Male,18-25,Central
C15603,61,Female,51-65,West
C11412,64,Female,51-65,West
C11583,57,Female,51-65,South
C11340,32,Male,26-35,South
C14510,39,Female,36-50,South
C12939,18,Male,18-25,North
C15143,42,Male,36-50,East
C15969,27,Female,26-35,East
C14813,65,Female,51-65,Central
C13150,56,Male,51-65,Central
C17194,27,Female,26-35,South
C16414,63,Female,51-65,East
C14657,66,Female,65+,East
C13662,44,Male,36-50,East
C10351,40,Male,36-50,Central
C11951,41,Female,36-50,North
C14848,45,Male,36-50,Central
C11024,40,Male,36-50,East
C14174,68,Male,65+,Central
C12549,58,Female,51-65,West
C12812,69,Male,65+,South
C14645,56,Male,51-65,North
C17514,55,Male,51-65,North
C17376,47,Female,36-50,North
C13639,43,Male,36-50,West
C13165,18,Male,18-25,South
C12644,46,Female,36-50,North
C17612,68,Male,65+,Central
C14852,62,Male,51-65,North
C16449,44,Male,36-50,North
C16768,68,Other,65+,North
C12550,20,Female,18-25,South
C16962,62,Male,51-65,North
C15736,44,Male,36-50,Central
C17864,65,Male,51-65,East
C17893,60,Male,51-65,East
C14252,55,Female,51-65,East
C12298,63,Female,51-65,Central
C11632,29,Male,26-35,East
C16673,67,Male,65+,North
C12374,20,Female,18-25,South
C17104,41,Female,36-50,North
C13153,40,Female,36-50,East
C12208,58,Female,51-65,South
C11128,67,Other,65+,North
C13653,36,Female,36-50,South
C15583,41,Male,36-50,East
C16001,30,Male,26-35,South
C12921,21,Male,18-25,South
C15137,54,Female,51-65,Central
C12741,23,Male,18-25,South
C10228,23,Female,18-25,South
C14284,63,Female,51-65,East
C10425,24,Female,18-25,South
C15198,49,Male,36-50,Central
C14961,61,Male,51-65,Central
C11858,65,Male,51-65,North
C16391,66,Female,65+,Central
C17942,45,Male,36-50,East
C16637,49,Female,36-50,West
C10051,47,Female,36-50,South
C11820,29,Male,26-35,South
C12521,18,Male,18-25,Central
C15550,31,Female,26-35,South
C11867,29,Male,26-35,West
C13269,49,Male,36-50,South
C12579,41,Female,36-50,Central
C17861,27,Female,26-35,West
C14631,29,Male,26-35,West
C11407,32,Female,26-35,West
C14038,66,Male,65+,West
C13768,63,Female,51-65,South
C17995,41,Female,36-50,West
C16429,68,Female,65+,North
C13605,63,Female,51-65,North
C14554,21,Male,18-25,South
C12173,18,Female,18-25,West
C16568,44,Female,36-50,West
C16080,34,Female,26-35,East
C15662,20,Male,18-25,North
C10121,54,Female,51-65,West
C14368,48,Male,36-50,Central
C11317,30,Male,26-35,West
C12518,47,Male,36-50,Central
C16712,66,Male,65+,West
C13185,57,Male,51-65,West
C11916,58,Male,51-65,East
C13548,62,Male,51-65,West
C16464,44,Male,36-50,West
C10491,43,Female,36-50,South
C15799,34,Male,26-35,West
C10585,61,Female,51-65,North
C13960,49,Female,36-50,East
C10534,38,Female,36-50,South
C14011,68,Other,65+,East
C16836,22,Male,18-25,East
C12499,23,Male,18-25,West
C15325,18,Male,18-25,North
C10326,28,Male,26-35,Central
C12706,26,Male,26-35,West
C12481,49,Female,36-50,North
C12699,20,Female,18-25,Central
C10437,30,Female,26-35,Central
C12548,58,Female,51-65,South
C11221,60,Male,51-65,East
C16188,46,Female,36-50,North
C15398,39,Female,36-50,South
C16604,21,Male,18-25,North
C14486,43,Female,36-50,East
C13918,33,Female,26-35,West
C10026,54,Female,51-65,North
C10547,33,Male,26-35,West
C15338,51,Female,51-65,South
C14280,66,Female,65+,South
C14694,54,Male,51-65,South
C10805,25,Male,18-25,South
C12126,20,Female,18-25,East
C15728,37,Male,36-50,North
C16312,56,Female,51-65,Central
C12728,32,Female,26-35,West
C17481,52,Female,51-65,Central
C12641,27,Male,26-35,Central
C13114,39,Male,36-50,East
C11926,61,Female,51-65,Central
C11203,69,Male,65+,Central
C13161,63,Other,51-65,South
C15012,23,Female,18-25,East
C12121,36,Male,36-50,North
C17794,65,Male,51-65,North
C15938,61,Other,51-65,South
C17883,61,Male,51-65,West
C14151,47,Female,36-50,East
C15840,66,Male,65+,East
C13903,66,Male,65+,South
C14593,24,Female,18-25,East
C11465,61,Male,51-65,West
C14734,53,Male,51-65,North
C17366,35,Male,26-35,South
C17438,69,Female,65+,North
C15081,24,Female,18-25,South
C16858,34,Female,26-35,North
C14196,46,Male,36-50,North
C12223,68,Male,65+,North
C17591,63,Female,51-65,West
C14461,47,Female,36-50,South
C14704,45,Female,36-50,East
C16800,57,Female,51-65,East
C14823,66,Male,65+,North
C12276,62,Female,51-65,East
C15471,27,Female,26-35,North
C13720,32,Male,26-35,East
C12883,27,Female,26-35,South
C16961,19,Female,18-25,North
C13001,52,Male,51-65,East
C11738,54,Male,51-65,East
C10151,60,Female,51-65,East
C12321,30,Female,26-35,East
C10495,21,Male,18-25,West
C13795,51,Female,51-65,East
C13085,26,Other,26-35,East
C10156,41,Other,36-50,North
C16275,39,Female,36-50,Central
C17505,53,Male,51-65,West
C16408,68,Female,65+,South
C10996,44,Female,36-50,North
C14626,25,Male,18-25,West
C12905,25,Female,18-25,South
C16067,60,Male,51-65,North
C14824,34,Female,26-35,South
C17853,37,Male,36-50,Central
C17600,57,Male,51-65,East
C16112,42,Female,36-50,East
C10786,46,Female,36-50,Central
C16123,41,Male,36-50,South
C13767,68,Male,65+,East
C10642,45,Male,36-50,South
C15994,54,Male,51-65,West
C10665,47,Female,36-50,East
C15427,43,Female,36-50,North
C15894,51,Female,51-65,East
C17055,35,Male,26-35,South
C14503,34,Female,26-35,East
C11212,37,Female,36-50,South
C11152,52,Female,51-65,Central
C17433,31,Male,26-35,West
C17367,43,Other,36-50,North
C14582,35,Female,26-35,West
C14955,19,Male,18-25,Central
C13142,50,Female,36-50,East
C16954,29,Female,26-35,East
C14294,65,Male,51-65,East
C10300,24,Male,18-25,North
C10397,58,Female,51-65,North
C14715,23,Female,18-25,North
C15680,69,Female,65+,South
C11163,64,Female,51-65,Central
C14825,58,Female,51-65,West
C10555,35,Female,26-35,West
C13661,66,Male,65+,North
C17067,48,Female,36-50,South
C17983,37,Male,36-50,West
C11480,37,Male,36-50,North
C16934,49,Male,36-50,North
C16273,63,Male,51-65,North
C16739,66,Female,65+,East
C13879,42,Male,36-50,Central
C11535,64,Male,51-65,South
C17779,56,Male,51-65,West
C13410,22,Female,18-25,North
C11532,27,Male,26-35,East
C14275,65,Female,51-65,North
C15365,32,Male,26-35,West
C17540,20,Male,18-25,West
C15190,26,Female,26-35,North
C14575,60,Female,51-65,West
C17727,28,Male,26-35,East
C12131,60,Male,51-65,West
C16500,43,Male,36-50,North
C16666,46,Male,36-50,West
C11410,43,Male,36-50,West
C16672,57,Male,51-65,North
C15273,25,Female,18-25,West
C16983,51,Female,51-65,West
C11172,61,Female,51-65,North
C10471,61,Female,51-65,North
C14726,56,Male,51-65,West
C17670,54,Female,51-65,East
C12825,24,Male,18-25,North
C12166,43,Male,36-50,South
C13309,61,Female,51-65,Central
C16923,39,Male,36-50,West
C15516,43,Male,36-50,South
C10865,62,Male,51-65,West
C16249,40,Male,36-50,Central
C15204,37,Male,36-50,South
C14309,44,Female,36-50,West
C17288,38,Male,36-50,North
C10641,69,Male,65+,South
C10773,20,Female,18-25,South
C12354,21,Female,18-25,West
C13518,45,Male,36-50,Central
C16984,57,Female,51-65,Central
C15121,23,Male,18-25,South
C12683,61,Female,51-65,North
C11545,68,Female,65+,West
C14564,18,Female,18-25,East
C16620,23,Female,18-25,North
C10751,29,Female,26-35,East
C12283,34,Male,26-35,North
C12726,41,Female,36-50,North
C13091,35,Male,26-35,Central
C14230,60,Female,51-65,North
C14505,37,Female,36-50,East
C17868,51,Male,51-65,Central
C12603,56,Male,51-65,West
C11469,60,Female,51-65,Central
C15170,61,Male,51-65,East
C15682,68,Female,65+,North
C10069,21,Female,18-25,Central
C16200,65,Male,51-65,West
C15501,43,Female,36-50,East
C10800,63,Female,51-65,East
C16495,24,Female,18-25,East
C11995,20,Male,18-25,West
C15935,21,Male,18-25,West
C11321,22,Male,18-25,North
C16057,66,Male,65+,North
C15865,47,Male,36-50,South
C10737,44,Female,36-50,East
C10179,64,Female,51-65,North
C10231,25,Male,18-25,West
C12623,61,Male,51-65,East
C15332,20,Male,18-25,West
C14625,45,Male,36-50,Central
C17072,29,Female,26-35,Central
C14977,59,Other,51-65,East
C16727,65,Female,51-65,Central
C13964,60,Female,51-65,South
C11565,35,Male,26-35,West
C10308,57,Female,51-65,South
C17049,59,Female,51-65,Central
C10435,45,Female,36-50,North
C10176,24,Female,18-25,Central
C13257,63,Male,51-65,East
C13235,67,Male,65+,Central
C14836,42,Other,36-50,South
C17442,20,Female,18-25,East
C11302,35,Female,26-35,North
C13381,65,Female,51-65,North
C12880,18,Male,18-25,Central
C15940,38,Female,36-50,West
C16255,21,Female,18-25,North
C13481,68,Female,65+,South
C11362,51,Male,51-65,West
C15378,30,Male,26-35,East
C12663,64,Female,51-65,East
C12945,61,Male,51-65,Central
C13018,48,Female,36-50,South
C15377,40,Male,36-50,East
C16022,28,Female,26-35,East
C14377,40,Other,36-50,South
C16159,58,Male,51-65,East
C17318,48,Female,36-50,South
C10328,44,Male,36-50,West
C13044,31,Female,26-35,Central
C11420,32,Male,26-35,East
C17626,23,Male,18-25,North
C15288,53,Male,51-65,East
C15812,56,Female,51-65,West
C10654,47,Male,36-50,North
C10759,31,Male,26-35,East
C15159,54,Male,51-65,West
C14511,42,Female,36-50,Central
C10254,41,Male,36-50,East
C17907,37,Male,36-50,South
C14995,63,Female,51-65,West
C14121,56,Male,51-65,Central
C11244,34,Male,26-35,South
C15972,28,Male,26-35,North
C16639,60,Male,51-65,North
C16814,37,Male,36-50,South
C16443,44,Male,36-50,Central
C12571,45,Male,36-50,South
C12997,29,Female,26-35,North
C14379,32,Male,26-35,South
C13383,42,Female,36-50,East
C10196,23,Male,18-25,East
C10877,38,Female,36-50,West
C11204,23,Female,18-25,South
C10544,25,Male,18-25,West
C17272,30,Male,26-35,South
C11223,53,Female,51-65,Central
C13172,51,Female,51-65,South
C16520,48,Male,36-50,North
C16821,36,Female,36-50,East
C12446,65,Female,51-65,North
C13666,33,Female,26-35,North
C12569,68,Female,65+,West
C14899,40,Female,36-50,Central
C17448,29,Other,26-35,North
C11443,60,Male,51-65,West
C14002,29,Male,26-35,North
C15629,46,Male,36-50,East
C17592,58,Male,51-65,East
C17422,57,Male,51-65,West
C10433,34,Female,26-35,West
C17897,64,Female,51-65,North
C17925,54,Female,51-65,North
C14656,30,Male,26-35,South
C11173,48,Female,36-50,Central
C10432,65,Male,51-65,East
C15064,58,Male,51-65,East
C10835,61,Male,51-65,East
C12246,56,Female,51-65,East
C13815,23,Female,18-25,West
C13438,39,Female,36-50,West
C11074,69,Female,65+,Central
C14022,60,Female,51-65,East
C13799,69,Female,65+,North
C13151,69,Male,65+,West
C16840,31,Male,26-35,East
C17706,65,Male,51-65,North
C17631,48,Male,36-50,South
C10706,48,Female,36-50,North
C16997,34,Female,26-35,South
C13064,27,Other,26-35,Central
C11334,59,Female,51-65,East
C16851,38,Female,36-50,South
C13934,24,Male,18-25,East
C17582,37,Male,36-50,South
C13317,39,Male,36-50,North
C14302,38,Male,36-50,West
C14428,69,Male,65+,North
C10402,59,Female,51-65,East
C14157,29,Female,26-35,South
C16571,58,Female,51-65,South
C10579,57,Female,51-65,West
C15825,35,Male,26-35,North
C13039,65,Female,51-65,West
C14326,20,Male,18-25,East
C16537,20,Other,18-25,North
C15641,55,Male,51-65,South
C11467,46,Male,36-50,North
C17572,60,Male,51-65,West
C16535,28,Female,26-35,West
C10880,24,Female,18-25,East
C13149,52,Female,51-65,Central
C10084,69,Female,65+,South
C17944,36,Female,36-50,Central
C11168,41,Male,36-50,South
C12526,55,Female,51-65,West
C12867,23,Male,18-25,West
C17338,62,Female,51-65,Central
C13555,42,Other,36-50,South
C17820,46,Female,36-50,Central
C15965,60,Male,51-65,Central
C15111,22,Female,18-25,East
C16752,59,Female,51-65,South
C10445,35,Male,26-35,Central
C13337,66,Female,65+,West
C12266,66,Female,65+,Central
C15652,45,Male,36-50,South
C10091,44,Female,36-50,Central
C14222,59,Female,51-65,North
C10982,52,Male,51-65,East
C13443,23,Male,18-25,West
C15011,53,Male,51-65,West
C12533,21,Female,18-25,North
C10693,67,Male,65+,West
C16062,67,Male,65+,North
C15829,20,Male,18-25,East
C13497,64,Male,51-65,South
C14372,45,Female,36-50,West
C10551,65,Male,51-65,East
C11176,24,Female,18-25,North
C14332,32,Male,26-35,East
C10997,22,Female,18-25,Central
C14076,30,Female,26-35,South
C16252,55,Female,51-65,West
C13937,37,Male,36-50,South
C15303,55,Male,51-65,Central
C15317,62,Male,51-65,West
C12248,50,Female,36-50,West
C15441,20,Male,18-25,Central
C10503,68,Male,65+,North
C13625,35,Male,26-35,North
C16931,19,Female,18-25,East
C10257,68,Female,65+,East
C15138,35,Female,26-35,Central
C14518,30,Male,26-35,East
C15492,52,Female,51-65,South
C16567,22,Male,18-25,South
C13459,62,Female,51-65,East
C11992,24,Female,18-25,Central
C11860,22,Female,18-25,East
C10779,30,Male,26-35,Central
C10528,43,Female,36-50,South
C10208,60,Male,51-65,East
C12299,59,Male,51-65,North
C10418,36,Male,36-50,West
C15484,18,Female,18-25,East
C13392,31,Female,26-35,North
C16784,59,Male,51-65,Central
C16522,54,Female,51-65,North
C15265,55,Female,51-65,West
C10678,54,Male,51-65,West
C11502,52,Female,51-65,North
C15281,41,Female,36-50,East
C15027,35,Female,26-35,South
C11425,46,Female,36-50,South
C15157,34,Female,26-35,East
C16074,53,Male,51-65,East
C11278,24,Male,18-25,Central
C12436,60,Male,51-65,East
C15517,37,Female,36-50,South
C11027,50,Female,36-50,Central
C13350,39,Female,36-50,East
C13382,61,Female,51-65,North
C10087,48,Male,36-50,West
C15816,51,Male,51-65,North
C15470,35,Male,26-35,South
C14273,28,Male,26-35,East
C15003,58,Male,51-65,West
C15227,42,Female,36-50,East
C16952,69,Female,65+,North
C16130,69,Female,65+,North
C12022,45,Male,36-50,West
C10118,47,Male,36-50,North
C17841,26,Male,26-35,North
C17665,37,Female,36-50,South
C14140,46,Female,36-50,East
C11101,69,Female,65+,North
C14421,36,Female,36-50,West
C13428,40,Male,36-50,East
C16658,52,Male,51-65,East
C14169,54,Female,51-65,West
C13905,34,Male,26-35,Central
C13209,63,Female,51-65,South
C16743,60,Female,51-65,East
C15171,31,Female,26-35,Central
C14812,41,Female,36-50,Central
C12770,29,Female,26-35,Central
C14354,60,Male,51-65,West
C16946,27,Female,26-35,North
C13127,41,Female,36-50,West
C14568,56,Male,51-65,West
C14762,49,Female,36-50,South
C15360,54,Male,51-65,South
C10354,56,Male,51-65,East
C12024,59,Male,51-65,West
C17756,50,Female,36-50,South
C10065,49,Female,36-50,West
C12486,20,Male,18-25,North
C10834,57,Female,51-65,North
C14537,18,Male,18-25,North
C15700,34,Male,26-35,North
C16227,45,Female,36-50,South
C13686,62,Female,51-65,South
C11832,41,Male,36-50,East
C15065,42,Male,36-50,North
C17224,68,Other,65+,East
C10172,35,Female,26-35,North
C15666,53,Female,51-65,West
C12886,26,Female,26-35,South
C12164,51,Male,51-65,West
C13945,35,Female,26-35,East
C15235,42,Female,36-50,West
C17746,58,Male,51-65,West
C14934,52,Female,51-65,South
C13880,39,Female,36-50,West
C16607,21,Female,18-25,East
C12758,55,Female,51-65,North
C17824,37,Male,36-50,Central
C15676,62,Female,51-65,South
C12373,46,Male,36-50,East
C15210,33,Female,26-35,North
C14845,42,Female,36-50,East
C12689,21,Other,18-25,South
C16512,60,Female,51-65,East
C10048,63,Female,51-65,Central
C12833,59,Male,51-65,South
C15924,49,Other,36-50,South
C17645,43,Female,36-50,East
C13826,35,Male,26-35,Central
C14574,47,Male,36-50,Central
C10831,62,Male,51-65,North
C12697,50,Female,36-50,West
C17802,69,Male,65+,North
C15419,41,Male,36-50,North
C10081,26,Male,26-35,South
C12063,52,Female,51-65,East
C13739,66,Male,65+,South
C13535,56,Female,51-65,South
C12707,46,Male,36-50,East
C17356,66,Male,65+,Central
C13933,35,Male,26-35,North
C11582,66,Male,65+,South
C10564,57,Female,51-65,North
C10350,37,Female,36-50,North
C11928,30,Male,26-35,South
C11017,34,Female,26-35,East
C14161,36,Female,36-50,North
C16746,64,Male,51-65,North
C15824,53,Female,51-65,East
C12718,52,Male,51-65,West
C12944,55,Male,51-65,South
C14376,55,Male,51-65,West
C17210,63,Male,51-65,West
C12750,21,Male,18-25,Central
C14587,31,Male,26-35,Central
C13007,59,Male,51-65,North
C14001,54,Female,51-65,Central
C10229,49,Female,36-50,North
C16153,41,Female,36-50,South
C12132,52,Male,51-65,South
C13055,24,Male,18-25,Central
C13460,31,Male,26-35,East
C11005,44,Male,36-50,East
C15820,69,Female,65+,East
C12302,41,Male,36-50,South
C15885,55,Female,51-65,North
C14366,38,Female,36-50,Central
C10122,68,Female,65+,West
C10947,30,Male,26-35,West
C12794,22,Male,18-25,East
C13749,34,Male,26-35,West
C15817,59,Female,51-65,Central
C14453,43,Female,36-50,East
C13245,57,Male,51-65,North
C10485,38,Male,36-50,Central
C10199,39,Female,36-50,North
C14466,29,Male,26-35,Central
C14343,39,Male,36-50,West
C10604,50,Male,36-50,South
C17773,67,Female,65+,Central
C15785,52,Male,51-65,West
C11417,31,Female,26-35,East
C15916,62,Male,51-65,South
C14597,49,Male,36-50,East
C17251,51,Female,51-65,South
C17532,30,Female,26-35,South
C15461,60,Female,51-65,North
C15544,53,Male,51-65,West
C10847,58,Male,51-65,Central
C16575,34,Male,26-35,West
C14773,49,Female,36-50,North
C14254,34,Female,26-35,Central
C16157,63,Male,51-65,South
C12272,42,Male,36-50,Central
C17672,46,Female,36-50,South
C13320,55,Female,51-65,Central
C14698,58,Male,51-65,East
C11840,18,Female,18-25,South
C14771,66,Female,65+,South
C13885,36,Female,36-50,South
C12970,19,Male,18-25,Central
C16149,27,Male,26-35,South
C16649,60,Female,51-65,South
C11025,54,Female,51-65,East
C12251,61,Male,51-65,North
C16720,66,Female,65+,Central
C14032,30,Female,26-35,West
C16906,43,Male,36-50,North
C16260,31,Female,26-35,South
C14844,55,Male,51-65,West
C11354,41,Male,36-50,North
C15577,41,Female,36-50,North
C11559,45,Female,36-50,East
C11507,25,Male,18-25,North
C14071,60,Female,51-65,Central
C16386,34,Female,26-35,East
C16069,38,Male,36-50,North
C15007,29,Female,26-35,South
C14210,23,Male,18-25,East
C11322,57,Female,51-65,Central
C12441,20,Male,18-25,Central
C11126,29,Other,26-35,West
C12225,54,Female,51-65,Central
C17110,59,Male,51-65,Central
C16458,20,Other,18-25,Central
C13787,55,Other,51-65,North
C17169,35,Male,26-35,South
C16014,57,Male,51-65,Central
C17477,64,Female,51-65,West
C12083,28,Female,26-35,East
C11615,52,Female,51-65,South
C11600,28,Female,26-35,West
C13396,68,Female,65+,North
C10618,31,Female,26-35,East
C15491,64,Male,51-65,North
C12115,21,Female,18-25,West
C16577,24,Male,18-25,Central
C11487,63,Male,51-65,South
C15009,26,Female,26-35,South
C11557,59,Female,51-65,East
C11044,34,Male,26-35,East
C16182,45,Male,36-50,East
C10601,38,Female,36-50,South
C14880,41,Male,36-50,Central
C17503,54,Male,51-65,South
C14766,65,Male,51-65,North
C15362,58,Female,51-65,West
C10100,50,Female,36-50,North
C15875,19,Female,18-25,North
C14271,26,Male,26-35,Central
C17053,48,Male,36-50,South
C16073,38,Male,36-50,South
C12542,36,Male,36-50,Central
C10540,69,Other,65+,East
C17926,49,Male,36-50,North
C13145,48,Male,36-50,East
C11456,45,Female,36-50,South
C16152,24,Male,18-25,North
C17741,65,Female,51-65,South
C11052,65,Female,51-65,North
C17281,62,Female,51-65,North
C16300,46,Male,36-50,Central
C16478,43,Male,36-50,North
C11922,52,Male,51-65,North
C16769,50,Female,36-50,South
C10319,52,Male,51-65,Central
C12149,29,Female,26-35,West
C11452,36,Female,36-50,North
C16398,32,Male,26-35,East
C13032,29,Male,26-35,North
C13936,67,Male,65+,East
C11115,28,Female,26-35,North
C11075,60,Male,51-65,Central
C14907,41,Male,36-50,West
C11055,25,Male,18-25,Central
C17456,57,Male,51-65,East
C16786,49,Female,36-50,North
C13869,21,Female,18-25,North
C16041,56,Male,51-65,South
C14610,62,Female,51-65,East
C14525,24,Male,18-25,West
C12358,32,Other,26-35,Central
C11416,65,Other,51-65,Central
C15761,55,Female,51-65,North
C11468,69,Female,65+,Central
C12399,66,Male,65+,South
C10057,48,Female,36-50,West
C10682,18,Male,18-25,East
C12008,55,Male,51-65,East
C11790,26,Male,26-35,West
C11477,66,Female,65+,East
C15684,21,Male,18-25,South
C10810,68,Male,65+,West
C14373,64,Female,51-65,West
C11287,50,Female,36-50,North
C12926,49,Male,36-50,South
C11352,26,Male,26-35,West
C17655,25,Male,18-25,North
C11298,53,Female,51-65,South
C14868,45,Male,36-50,West
C16862,45,Male,36-50,South
C16870,45,Male,36-50,East
C10701,62,Female,51-65,South
C17250,39,Male,36-50,North
C11919,20,Female,18-25,West
C14262,30,Female,26-35,North
C14264,35,Female,26-35,West
C17968,55,Female,51-65,North
C16098,45,Female,36-50,West
C10527,24,Female,18-25,South
C14619,46,Female,36-50,Central
C16875,64,Female,51-65,East
C13012,28,Male,26-35,West
C14228,48,Female,36-50,East
C16412,66,Male,65+,North
C11770,29,Other,26-35,South
C14113,68,Female,65+,North
C11777,19,Female,18-25,North
C10752,25,Other,18-25,South
C11392,69,Female,65+,East
C12605,67,Other,65+,North
C11095,66,Male,65+,North
C14541,50,Male,36-50,West
C16213,53,Female,51-65,East
C11561,35,Male,26-35,South
C11544,19,Male,18-25,East
C13123,29,Male,26-35,North
C15153,55,Male,51-65,North
C14898,20,Male,18-25,West
C12178,46,Female,36-50,Central
C12885,22,Female,18-25,North
C17599,39,Male,36-50,East
C15522,19,Female,18-25,West
C14710,48,Female,36-50,North
C15579,60,Female,51-65,West
C16794,37,Male,36-50,East
C10964,20,Other,18-25,West
C14224,21,Male,18-25,East
C17258,47,Male,36-50,West
C16865,34,Female,26-35,South
C10332,38,Male,36-50,Central
C17087,36,Female,36-50,Central
C17191,40,Male,36-50,South
C11429,28,Male,26-35,East
C15026,37,Male,36-50,South
C12111,39,Female,36-50,South
C12213,29,Female,26-35,West
C17399,51,Female,51-65,North
C14601,37,Female,36-50,North
C13071,62,Male,51-65,West
C11563,21,Female,18-25,West
C13319,62,Male,51-65,North
C11108,19,Female,18-25,East
C15466,65,Male,51-65,North
C17341,31,Female,26-35,South
C16258,67,Female,65+,West
C10030,63,Female,51-65,East
C11400,45,Male,36-50,West
C14634,67,Female,65+,East
C10940,22,Female,18-25,East
C12908,55,Male,51-65,East
C17484,41,Female,36-50,East
C11656,50,Female,36-50,East
C10453,50,Male,36-50,South
C10012,36,Male,36-50,North
C17058,57,Female,51-65,West
C13979,28,Male,26-35,West
C16475,30,Female,26-35,Central
C12868,53,Female,51-65,North
C12515,39,Male,36-50,South
C11438,38,Female,36-50,Central
C13543,49,Male,36-50,East
C16343,47,Male,36-50,East
C10211,64,Female,51-65,Central
C15617,44,Male,36-50,North
C16860,39,Female,36-50,West
C10550,61,Female,51-65,South
C16399,62,Male,51-65,East
C14975,45,Female,36-50,Central
C12862,40,Female,36-50,Central
C10648,45,Other,36-50,North
C15095,38,Male,36-50,West
C11009,50,Male,36-50,South
C11550,49,Male,36-50,Central
C14080,60,Female,51-65,South
C17492,62,Male,51-65,Central
C17375,59,Male,51-65,West
C13298,33,Female,26-35,East
C16925,18,Female,18-25,West
C13050,40,Male,36-50,East
C12233,57,Male,51-65,East
C14700,69,Male,65+,North
C12835,59,Female,51-65,South
C16301,33,Female,26-35,East
C15559,57,Male,51-65,West
C12513,22,Male,18-25,South
C11554,19,Other,18-25,Central
C10994,62,Male,51-65,North
C17799,22,Male,18-25,North
C10841,29,Male,26-35,Central
C15321,38,Female,36-50,North
C14439,27,Female,26-35,North
C10858,62,Other,51-65,South
C14317,27,Male,26-35,North
C14687,62,Other,51-65,Central
C11295,46,Female,36-50,East
C12045,68,Male,65+,Central
C13761,56,Female,51-65,West
C12275,69,Female,65+,North
C11808,21,Female,18-25,East
C14055,22,Male,18-25,East
C11672,55,Female,51-65,South
C14532,36,Female,36-50,Central
C14864,36,Female,36-50,Central
C12273,69,Male,65+,North
C12510,20,Male,18-25,East
C11144,31,Female,26-35,South
C13782,36,Male,36-50,South
C12815,35,Female,26-35,North
C15822,22,Female,18-25,West
C12072,64,Male,51-65,Central
C13949,40,Male,36-50,East
C11817,67,Female,65+,West
C15993,61,Female,51-65,South
C13538,47,Female,36-50,East
C12907,40,Female,36-50,East
C15354,56,Male,51-65,East
C17946,38,Male,36-50,North
C13870,65,Female,51-65,East
C11649,34,Female,26-35,East
C12291,46,Male,36-50,South
C14483,18,Female,18-25,West
C10058,34,Female,26-35,North
C11162,37,Other,36-50,West
C10561,20,Male,18-25,North
C11737,45,Female,36-50,East
C11726,31,Male,26-35,North
C17095,58,Female,51-65,South
C11038,19,Female,18-25,East
C11109,63,Female,51-65,Central
C13771,43,Female,36-50,South
C14913,53,Female,51-65,South
C11092,18,Female,18-25,East
C15538,27,Male,26-35,West
C17111,20,Male,18-25,East
C14607,27,Male,26-35,South
C12602,61,Male,51-65,West
C12114,27,Female,26-35,Central
C14707,18,Male,18-25,North
C13053,66,Other,65+,North
C13333,46,Male,36-50,East
C12903,46,Male,36-50,West
C16423,28,Male,26-35,Central
C11313,18,Female,18-25,East
C17847,54,Male,51-65,South
C13095,64,Male,51-65,West
C13047,20,Female,18-25,North
C12004,24,Other,18-25,North
C17637,29,Male,26-35,North
C10617,25,Female,18-25,South
C16452,68,Female,65+,West
C17623,50,Male,36-50,North
C17642,46,Male,36-50,Central
C16243,21,Male,18-25,South
C14381,55,Male,51-65,West
C16206,25,Other,18-25,East
C14782,62,Female,51-65,East
C17460,19,Male,18-25,East
C13078,61,Male,51-65,North
C15990,63,Female,51-65,South
C12523,63,Female,51-65,North
C15609,60,Male,51-65,North
C11765,57,Female,51-65,West
C11220,43,Female,36-50,North
C11618,19,Male,18-25,North
C11263,51,Male,51-65,South
C10871,42,Male,36-50,North
C12413,35,Female,26-35,Central
C10209,27,Male,26-35,East
C10233,22,Male,18-25,North
C15709,50,Female,36-50,West
C10334,19,Male,18-25,South
C11359,41,Female,36-50,North
C15735,62,Female,51-65,East
C10212,58,Female,51-65,South
C11658,23,Male,18-25,East
C15837,30,Female,26-35,West
C14847,49,Female,36-50,West
C10104,52,Male,51-65,West
C14808,54,Female,51-65,Central
C17937,50,Male,36-50,West
C10711,68,Female,65+,North
C11888,60,Male,51-65,South
C17173,20,Female,18-25,South
C11259,40,Male,36-50,East
C10748,32,Female,26-35,South
C16400,59,Male,51-65,Central
C10509,45,Female,36-50,South
C17586,66,Male,65+,West
C11222,47,Female,36-50,West
C16580,38,Female,36-50,South
C11242,66,Male,65+,East
C10347,32,Male,26-35,West
C11569,40,Female,36-50,South
C11918,54,Male,51-65,West
C14060,19,Male,18-25,North
C11721,23,Female,18-25,East
C13593,21,Male,18-25,East
C15130,54,Male,51-65,North
C15199,57,Female,51-65,North
C10842,52,Male,51-65,East
C11760,30,Male,26-35,North
C15114,69,Male,65+,North
C14335,45,Female,36-50,East
C10625,38,Female,36-50,South
C13994,64,Female,51-65,West
C10222,28,Female,26-35,South
C10743,22,Other,18-25,Central
C10462,51,Male,51-65,North
C15259,67,Male,65+,East
C10664,48,Male,36-50,Central
C16383,49,Female,36-50,West
C13370,45,Female,36-50,Central
C11702,24,Female,18-25,East
C13620,68,Female,65+,South
C17153,34,Female,26-35,North
C17120,60,Female,51-65,East
C12650,63,Female,51-65,North
C16125,23,Male,18-25,North
C10809,68,Female,65+,East
C17698,47,Male,36-50,South
C12423,25,Female,18-25,North
C14680,59,Male,51-65,East
C10401,47,Male,36-50,North
C17416,35,Female,26-35,South
C14989,63,Female,51-65,South
C16558,66,Male,65+,South
C10393,44,Female,36-50,Central
C16839,38,Female,36-50,East
C10132,63,Female,51-65,West
C12268,46,Female,36-50,West
C17213,38,Male,36-50,West
C13263,28,Male,26-35,South
C11543,68,Male,65+,West
C11127,57,Male,51-65,Central
C13125,28,Male,26-35,West
C11963,51,Male,51-65,West
C16967,68,Male,65+,West
C17814,45,Male,36-50,East
C12748,51,Male,51-65,South
C17379,53,Female,51-65,North
C14253,41,Male,36-50,South
C12006,42,Other,36-50,Central
C17013,60,Male,51-65,North
C10837,43,Female,36-50,West
C14584,51,Female,51-65,Central
C16347,29,Female,26-35,Central
C14418,22,Female,18-25,Central
C12228,65,Male,51-65,Central
C14879,57,Male,51-65,East
C12836,44,Female,36-50,North
C10292,42,Female,36-50,North
C15328,22,Male,18-25,East
C16237,53,Male,51-65,North
C13400,34,Male,26-35,East
C11558,65,Male,51-65,West
C11103,69,Female,65+,South
C17520,31,Male,26-35,North
C11419,25,Female,18-25,East
C13914,26,Male,26-35,South
C13742,20,Male,18-25,North
C17132,38,Female,36-50,West
C12574,42,Female,36-50,Central
C10705,44,Male,36-50,North
C11020,65,Male,51-65,West
C11446,51,Female,51-65,Central
C15062,58,Female,51-65,West
C13685,68,Other,65+,North
C16372,26,Female,26-35,South
C17105,39,Female,36-50,West
C15702,66,Male,65+,Central
C17530,34,Male,26-35,North
C17018,54,Female,51-65,North
C11349,44,Female,36-50,East
C15272,30,Female,26-35,North
C12577,31,Male,26-35,Central
C10480,67,Male,65+,Central
C17874,31,Female,26-35,Central
C16861,64,Male,51-65,East
C17065,54,Male,51-65,North
C11877,66,Male,65+,Central
C11699,66,Male,65+,Central
C16611,47,Female,36-50,West
C10227,55,Male,51-65,East
C17917,25,Male,18-25,Central
C13544,28,Male,26-35,North
C17233,49,Male,36-50,South
C15781,68,Female,65+,South
C16554,38,Male,36-50,Central
C14722,30,Male,26-35,East
C16605,42,Male,36-50,West
C12986,29,Female,26-35,South
C12855,66,Female,65+,East
C13412,21,Female,18-25,South
C10056,32,Female,26-35,East
C16597,64,Female,51-65,South
C16499,61,Male,51-65,South
C17292,25,Female,18-25,West
C12098,26,Male,26-35,South
C16319,32,Male,26-35,South
C10252,54,Female,51-65,North
C15411,60,Male,51-65,Central
C15920,64,Female,51-65,West
C14279,66,Other,65+,South
C10712,67,Male,65+,Central
C17990,42,Male,36-50,North
C15740,33,Female,26-35,South
C15257,30,Other,26-35,West
C16214,52,Male,51-65,West
C15006,34,Male,26-35,North
C13688,48,Male,36-50,South
C17562,39,Male,36-50,North
C14385,23,Female,18-25,Central
C10789,35,Male,26-35,South
C15389,21,Male,18-25,South
C13524,62,Male,51-65,West
C10023,40,Male,36-50,North
C13003,55,Female,51-65,Central
C16730,60,Male,51-65,Central
C15414,62,Female,51-65,West
C12847,62,Male,51-65,Central
C14480,69,Male,65+,South
C10742,49,Female,36-50,West
C12138,21,Male,18-25,Central
C13464,35,Female,26-35,East
C16728,40,Male,36-50,West
C11915,19,Male,18-25,South
C13238,24,Female,18-25,North
C16866,21,Other,18-25,Central
C17716,47,Male,36-50,North
C10486,44,Male,36-50,Central
C11360,45,Male,36-50,South
C17495,43,Female,36-50,East
C13649,21,Female,18-25,North
C17699,53,Female,51-65,Central
C12249,64,Female,51-65,North
C17063,65,Female,51-65,North
C12691,22,Female,18-25,South
C16849,55,Male,51-65,South
C12592,58,Female,51-65,East
C11224,39,Male,36-50,Central
C16118,39,Male,36-50,East
C16114,44,Female,36-50,South
C13286,43,Female,36-50,Central
C13034,23,Female,18-25,North
C13973,23,Male,18-25,North
C15128,50,Male,36-50,North
C12107,56,Female,51-65,Central
C13133,40,Female,36-50,Central
C13279,47,Female,36-50,Central
C13541,67,Other,65+,Central
C13023,52,Male,51-65,East
C16247,55,Male,51-65,East
C16885,48,Female,36-50,West
C16912,39,Other,36-50,East
C17510,58,Male,51-65,North
C14641,64,Female,51-65,North
C14205,58,Male,51-65,West
C14838,51,Female,51-65,West
C15632,65,Male,51-65,East
C10782,24,Female,18-25,South
C15654,56,Female,51-65,West
C11833,46,Female,36-50,West
C11616,58,Other,51-65,East
C15614,51,Other,51-65,Central
C14617,68,Female,65+,Central
C16853,58,Female,51-65,Central
C13458,54,Female,51-65,South
C10981,20,Female,18-25,West
C13529,46,Male,36-50,Central
C10801,23,Male,18-25,West
C13349,19,Male,18-25,Central
C10349,32,Female,26-35,North
C17873,58,Male,51-65,Central
C11780,69,Male,65+,Central
C16321,42,Male,36-50,North
C15234,34,Male,26-35,Central
C16902,26,Male,26-35,North
C13139,30,Male,26-35,East
C12492,35,Male,26-35,Central
C12755,50,Female,36-50,West
C15950,18,Male,18-25,Central
C14047,37,Female,36-50,South
C15909,27,Male,26-35,West
C11729,47,Female,36-50,South
C12191,69,Male,65+,Central
C17752,57,Male,51-65,West
C11612,33,Male,26-35,North
C12846,23,Female,18-25,South
C14392,62,Male,51-65,West
C15349,35,Female,26-35,North
C11728,25,Male,18-25,East
C14477,18,Male,18-25,East
C12317,33,Female,26-35,West
C13621,41,Male,36-50,South
C10449,19,Male,18-25,Central
C12465,28,Female,26-35,West
C11233,33,Female,26-35,East
C11437,59,Female,51-65,East
C13352,18,Male,18-25,East
C14030,42,Male,36-50,West
C12759,40,Male,36-50,North
C17899,37,Male,36-50,East
C14949,57,Male,51-65,West
C15584,31,Female,26-35,East
C17844,64,Male,51-65,East
C13181,55,Male,51-65,Central
C17171,54,Female,51-65,South
C10093,40,Female,36-50,Central
C11775,39,Other,36-50,South
C12260,38,Male,36-50,West
C16651,62,Female,51-65,West
C10076,27,Male,26-35,West
C13148,58,Male,51-65,East
C11405,58,Female,51-65,South
C14640,29,Male,26-35,West
C12960,64,Female,51-65,Central
C12199,25,Female,18-25,East
C10655,59,Female,51-65,East
C17923,56,Female,51-65,North
C17501,37,Male,36-50,North
C12110,44,Male,36-50,East
C10957,60,Male,51-65,South
C11330,58,Female,51-65,East
C13002,36,Female,36-50,East
C15646,32,Female,26-35,Central
C12651,64,Male,51-65,West
C11741,56,Male,51-65,West
C10745,38,Male,36-50,North
C15912,61,Male,51-65,East
C16216,67,Male,65+,Central
C13126,61,Female,51-65,West
C16389,67,Male,65+,Central
C15221,42,Male,36-50,South
C11745,47,Female,36-50,North
C15440,18,Female,18-25,Central
C10730,32,Male,26-35,South
C14890,53,Female,51-65,North
C11506,19,Female,18-25,South
C15286,20,Female,18-25,East
C12516,58,Female,51-65,South
C15019,35,Male,26-35,South
C17219,66,Male,65+,North
C17872,60,Female,51-65,South
C13473,31,Female,26-35,North
C10620,62,Male,51-65,Central
C13790,24,Other,18-25,Central
C11379,19,Other,18-25,West
C17819,35,Male,26-35,Central
C15821,69,Female,65+,North
C16127,54,Female,51-65,North
C10267,38,Female,36-50,North
C11112,45,Female,36-50,South
C10288,36,Male,36-50,South
C11195,49,Male,36-50,South
C13470,19,Male,18-25,South
C10496,62,Female,51-65,North
C13399,48,Female,36-50,Central
C16723,53,Male,51-65,West
C17614,36,Female,36-50,East
C10323,37,Male,36-50,West
C13265,37,Female,36-50,Central
C11426,42,Female,36-50,Central
C16330,31,Male,26-35,South
C17464,25,Female,18-25,West
C17807,69,Female,65+,East
C17195,53,Female,51-65,East
C15547,41,Male,36-50,West
C17377,53,Female,51-65,East
C14299,44,Male,36-50,Central
C14394,31,Male,26-35,North
C16536,65,Female,51-65,East
C17958,43,Male,36-50,East
C10108,48,Female,36-50,North
C14412,31,Male,26-35,West
C15931,58,Male,51-65,South
C14053,47,Male,36-50,East
C12922,18,Other,18-25,Central
C10029,25,Male,18-25,West
C16890,40,Female,36-50,West
C15958,18,Male,18-25,Central
C17436,22,Female,18-25,Central
C14793,47,Female,36-50,North
C15202,29,Female,26-35,Central
C15344,32,Female,26-35,North
C14830,25,Female,18-25,West
C16734,59,Female,51-65,North
C16802,23,Female,18-25,North
C10106,59,Male,51-65,South
C17012,18,Female,18-25,South
C15756,51,Female,51-65,South
C12377,61,Male,51-65,South
C16466,38,Male,36-50,Central
C16576,53,Female,51-65,Central
C12586,20,Male,18-25,East
C12648,42,Female,36-50,West
C14352,25,Female,18-25,East
C13574,57,Female,51-65,South
C16820,28,Male,26-35,East
C10549,33,Female,26-35,East
C14454,35,Male,26-35,East
C15769,24,Male,18-25,West
C15733,45,Male,36-50,Central
C14382,37,Male,36-50,South
C15601,64,Male,51-65,South
C10295,20,Female,18-25,North
C13693,58,Male,51-65,East
C13413,57,Male,51-65,West
C15340,63,Female,51-65,South
C13006,28,Male,26-35,Central
C11180,24,Male,18-25,West
C16101,59,Male,51-65,West
C15687,36,Male,36-50,South
C10239,63,Male,51-65,East
C14165,40,Male,36-50,West
C12245,30,Male,26-35,Central
C10567,47,Male,36-50,South
C14900,42,Male,36-50,South
C10881,28,Male,26-35,Central
C14420,38,Male,36-50,Central
C16203,68,Female,65+,North
C10576,61,Female,51-65,East
C10037,55,Male,51-65,South
C12840,27,Male,26-35,South
C16889,65,Male,51-65,East
C14411,56,Female,51-65,Central
C13912,33,Other,26-35,East
C15563,66,Male,65+,East
C12963,65,Female,51-65,Central
C15674,60,Male,51-65,North
C10045,21,Female,18-25,Central
C11193,34,Female,26-35,South
C16282,24,Male,18-25,South
C16032,46,Male,36-50,North
C14696,24,Female,18-25,North
C15595,63,Male,51-65,West
C13614,39,Female,36-50,East
C17508,57,Male,51-65,North
C14742,57,Male,51-65,West
C17838,57,Female,51-65,East
C17882,65,Female,51-65,North
C14112,48,Male,36-50,East
C11509,28,Male,26-35,South
C17573,48,Female,36-50,South
C11578,59,Male,51-65,North
C10879,19,Female,18-25,West
C15914,27,Male,26-35,East
C14217,54,Male,51-65,West
C10080,61,Female,51-65,East
C12732,27,Male,26-35,South
C11444,26,Female,26-35,East
C11345,36,Female,36-50,Central
C15716,47,Female,36-50,South
C16076,57,Female,51-65,North
C15768,32,Female,26-35,North
C17785,41,Female,36-50,East
C12685,27,Male,26-35,South
C17372,23,Male,18-25,North
C17639,63,Male,51-65,East
C16338,21,Female,18-25,South
C14102,30,Female,26-35,East
C13026,29,Male,26-35,East
C12620,59,Male,51-65,North
C13872,33,Male,26-35,North
C10765,29,Male,26-35,North
C17039,61,Male,51-65,East
C14092,39,Female,36-50,South
C11149,50,Male,36-50,East
C11642,29,Male,26-35,North
C15899,66,Male,65+,Central
C10565,52,Male,51-65,East
C16909,54,Male,51-65,West
C14921,49,Female,36-50,South
C13254,65,Female,51-65,East
C11113,59,Male,51-65,Central
C12304,28,Male,26-35,West
C11194,42,Male,36-50,East
C10777,23,Male,18-25,Central
C11046,21,Female,18-25,West
C17953,62,Male,51-65,West
C10500,30,Male,26-35,North
C14608,64,Male,51-65,West
C17234,49,Male,36-50,North
C17033,25,Male,18-25,East
C16384,26,Female,26-35,East
C12464,24,Female,18-25,Central
C10852,49,Female,36-50,South
C11758,69,Male,65+,South
C13353,55,Female,51-65,North
C14695,31,Female,26-35,West
C12588,36,Female,36-50,East
C16594,29,Male,26-35,East
C13520,26,Female,26-35,East
C13132,26,Female,26-35,North
C13573,55,Male,51-65,North
C17309,27,Female,26-35,North
C16187,36,Male,36-50,East
C15790,34,Male,26-35,Central
C17198,52,Male,51-65,Central
C14684,18,Male,18-25,West
C11905,44,Male,36-50,North
C14562,69,Male,65+,West
C10469,27,Female,26-35,Central
C16455,55,Male,51-65,Central
C16107,19,Female,18-25,East
C11406,46,Female,36-50,North
C15206,20,Male,18-25,South
C14091,30,Female,26-35,East
C13528,56,Female,51-65,West
C10710,60,Male,51-65,East
C17188,36,Male,36-50,South
C15013,30,Female,26-35,South
C10415,40,Male,36-50,Central
C11281,51,Female,51-65,West
C12576,43,Male,36-50,South
C14184,37,Male,36-50,North
C16883,45,Male,36-50,North
C12540,65,Female,51-65,Central
C14099,46,Male,36-50,North
C15156,40,Female,36-50,East
C13082,40,Male,36-50,East
C17711,22,Other,18-25,Central
C12389,29,Male,26-35,South
C15747,59,Male,51-65,West
C13027,25,Male,18-25,Central
C12239,58,Female,51-65,Central
C13773,40,Male,36-50,South
C12627,25,Female,18-25,North
C16618,68,Male,65+,East
C13931,42,Male,36-50,West
C13130,53,Female,51-65,South
C10096,37,Male,36-50,East
C15397,48,Female,36-50,North
C11937,31,Female,26-35,Central
C11146,67,Female,65+,North
C15152,50,Female,36-50,South
C16661,25,Male,18-25,Central
C15928,33,Female,26-35,Central
C16482,48,Female,36-50,South
C11718,66,Male,65+,Central
C17028,39,Female,36-50,East
C15664,21,Female,18-25,South
C10952,40,Female,36-50,West
C15967,68,Female,65+,North
C14842,56,Female,51-65,North
C12484,50,Male,36-50,South
C13231,65,Male,51-65,East
C16176,58,Male,51-65,West
C13100,47,Male,36-50,North
C13244,26,Female,26-35,South
C17364,62,Male,51-65,Central
C16978,69,Male,65+,South
C13094,27,Male,26-35,Central
C15964,51,Male,51-65,Central
C13855,68,Female,65+,Central
C10694,38,Female,36-50,South
C14863,26,Male,26-35,Central
C11971,68,Male,65+,East
C16485,24,Male,18-25,Central
C11671,35,Female,26-35,North
C17632,55,Female,51-65,West
C16092,38,Male,36-50,South
C12142,40,Female,36-50,West
C13542,32,Female,26-35,Central
C17748,57,Male,51-65,East
C17248,61,Male,51-65,East
C10265,30,Female,26-35,Central
C12094,64,Male,51-65,South
C10414,56,Male,51-65,Central
C13424,55,Male,51-65,North
C12210,65,Female,51-65,North
C11472,65,Male,51-65,East
C17134,20,Male,18-25,West
C16435,42,Female,36-50,North
C17770,31,Male,26-35,West
C11501,31,Male,26-35,South
C13794,23,Female,18-25,West
C16750,31,Male,26-35,Central
C13080,39,Female,36-50,East
C11339,66,Male,65+,South
C11886,60,Female,51-65,West
C16081,48,Male,36-50,West
C16695,21,Female,18-25,North
C15955,67,Female,65+,East
C13540,41,Male,36-50,South
C14635,25,Female,18-25,West
C15697,27,Female,26-35,East
C12221,25,Female,18-25,North
C16613,42,Female,36-50,East
C12392,63,Male,51-65,East
C17855,47,Female,36-50,North
C15688,54,Female,51-65,North
C16037,32,Male,26-35,East
C16973,61,Female,51-65,North
C10761,60,Male,51-65,North
C13785,52,Male,51-65,Central
C17750,61,Female,51-65,West
C16818,54,Female,51-65,South
C14233,39,Male,36-50,North
C10577,51,Female,51-65,East
C12328,18,Male,18-25,West
C13305,35,Male,26-35,South
C16939,25,Male,18-25,Central
C14094,26,Male,26-35,North
C16167,68,Male,65+,East
C12372,34,Male,26-35,West
C11883,46,Female,36-50,East
C10017,50,Female,36-50,East
C17078,64,Female,51-65,West
C17412,65,Male,51-65,East
C12018,59,Female,51-65,Central
C16884,66,Female,65+,Central
C15369,27,Male,26-35,East
C17336,63,Female,51-65,Central
C13131,53,Male,51-65,North
C15992,23,Male,18-25,Central
C10799,58,Female,51-65,South
C17624,60,Female,51-65,North
C15070,68,Female,65+,East
C14339,43,Male,36-50,South
C12447,56,Female,51-65,South
C15292,42,Female,36-50,North
C15403,60,Male,51-65,East
C12952,56,Female,51-65,North
C13891,24,Male,18-25,South
C16270,38,Female,36-50,South
C11432,38,Female,36-50,West
C16572,65,Female,51-65,Central
C11374,38,Male,36-50,East
C15186,34,Female,26-35,Central
C12688,52,Female,51-65,South
C10756,23,Male,18-25,West
C15261,45,Male,36-50,North
C10438,34,Male,26-35,East
C16348,22,Male,18-25,West
C10965,59,Male,51-65,North
C12287,49,Female,36-50,South
C11793,61,Female,51-65,North
C17046,46,Male,36-50,Central
C14190,66,Female,65+,South
C16826,52,Female,51-65,South
C15852,61,Male,51-65,East
C11835,25,Male,18-25,West
C14829,65,Female,51-65,North
C11864,63,Female,51-65,East
C14292,25,Male,18-25,West
C16234,64,Female,51-65,East
C12316,18,Female,18-25,North
C16641,25,Female,18-25,South
C11897,37,Male,36-50,Central
C15770,51,Male,51-65,East
C11272,65,Female,51-65,South
C14374,43,Male,36-50,West
C15100,35,Male,26-35,West
C12899,62,Female,51-65,West
C17238,41,Male,36-50,North
C10472,60,Male,51-65,South
C10958,20,Other,18-25,Central
C10532,47,Male,36-50,South
C14974,37,Male,36-50,West
C15382,61,Female,51-65,West
C17359,68,Female,65+,North
C17666,38,Female,36-50,South
C10594,31,Male,26-35,East
C15957,45,Female,36-50,West
C11219,67,Male,65+,South
C16071,61,Other,51-65,South
C16192,49,Male,36-50,East
C10144,53,Female,51-65,East
C11825,44,Male,36-50,North
C14414,41,Female,36-50,East
C14387,63,Female,51-65,Central
C14192,34,Male,26-35,Central
C10073,20,Female,18-25,North
C11941,26,Male,26-35,North
C14303,29,Male,26-35,Central
C11421,42,Male,36-50,South
C11691,54,Female,51-65,North
C16025,67,Male,65+,North
C15364,38,Female,36-50,Central
C12865,25,Male,18-25,East
C17163,46,Male,36-50,Central
C14504,61,Male,51-65,Central
C17441,63,Female,51-65,North
C16248,20,Female,18-25,Central
C10428,62,Female,51-65,South
C15180,18,Male,18-25,South
C13378,48,Female,36-50,East
C16586,37,Female,36-50,North
C11434,51,Female,51-65,North
C13817,67,Female,65+,East
C17044,21,Female,18-25,North
C16334,68,Female,65+,West
C15306,43,Male,36-50,North
C14786,18,Male,18-25,North
C17640,21,Male,18-25,West
C13166,41,Male,36-50,West
C15712,38,Female,36-50,East
C12910,66,Female,65+,West
C12407,38,Female,36-50,West
C14919,21,Female,18-25,East
C13487,50,Male,36-50,Central
C17383,30,Female,26-35,Central
C16223,28,Female,26-35,East
C11188,43,Male,36-50,West
C11536,34,Female,26-35,South
C10318,50,Male,36-50,East
C12264,23,Female,18-25,West
C14819,66,Male,65+,East
C10718,34,Female,26-35,Central
C16908,29,Female,26-35,West
C12303,27,Female,26-35,South
C15117,53,Male,51-65,Central
C16929,30,Female,26-35,West
C15828,61,Female,51-65,Central
C16436,24,Female,18-25,North
C11670,69,Male,65+,West
C14747,44,Male,36-50,West
C10210,23,Male,18-25,Central
C13375,53,Female,51-65,West
C13955,36,Male,36-50,East
C13405,54,Female,51-65,North
C11746,21,Male,18-25,Central
C15384,45,Female,36-50,North
C15775,32,Female,26-35,Central
C13708,68,Female,65+,West
C17767,45,Male,36-50,East
C17733,18,Male,18-25,South
C16333,66,Other,65+,North
C15371,43,Female,36-50,South
C14442,18,Male,18-25,West
C13437,45,Female,36-50,South
C10039,55,Female,51-65,West
C17565,24,Male,18-25,South
C17924,34,Male,26-35,West
C14606,29,Male,26-35,West
C16874,46,Female,36-50,East
C10416,39,Male,36-50,East
C14463,47,Female,36-50,East
C13717,40,Male,36-50,East
C10107,44,Male,36-50,South
C14513,46,Male,36-50,South
C17439,52,Female,51-65,Central
C10180,19,Male,18-25,Central
C14952,19,Female,18-25,North
C16277,28,Male,26-35,South
C16625,35,Male,26-35,West
C10582,47,Male,36-50,East
C13038,62,Male,51-65,Central
C14194,42,Female,36-50,East
C16753,19,Female,18-25,South
C14649,39,Male,36-50,East
C12470,69,Male,65+,South
C13660,54,Female,51-65,North
C11068,57,Female,51-65,West
C15723,66,Male,65+,North
C15196,65,Female,51-65,Central
C15400,41,Male,36-50,North
C13206,27,Female,26-35,Central
C15896,48,Male,36-50,East
C13834,67,Female,65+,Central
C11703,64,Male,51-65,Central
C10303,46,Female,36-50,West
C15556,38,Female,36-50,West
C13033,44,Female,36-50,Central
C10668,23,Female,18-25,North
C11414,55,Female,51-65,South
C16690,27,Female,26-35,West
C14923,59,Female,51-65,North
C12984,61,Male,51-65,North
C17931,26,Male,26-35,North
C16351,52,Female,51-65,West
C13838,53,Female,51-65,Central
C15044,19,Male,18-25,North
C16377,59,Male,51-65,West
C17886,24,Male,18-25,West
C17344,63,Female,51-65,East
C17308,24,Female,18-25,North
C13680,37,Male,36-50,North
C14404,58,Female,51-65,East
C10230,52,Female,51-65,Central
C17550,45,Male,36-50,North
C14250,49,Female,36-50,Central
C11413,43,Male,36-50,West
C11041,32,Female,26-35,Central
C16927,34,Male,26-35,Central
C16109,27,Female,26-35,East
C13065,51,Male,51-65,East
C12036,35,Male,26-35,South
C17652,24,Male,18-25,North
C14075,54,Female,51-65,East
C17093,20,Male,18-25,West
C13017,20,Female,18-25,North
C10068,31,Male,26-35,South
C17403,61,Female,51-65,East
C15396,24,Male,18-25,West
C10573,44,Male,36-50,East
C17636,51,Female,51-65,North
C11513,62,Male,51-65,East
C15635,68,Male,65+,Central
C11511,61,Male,51-65,North
C15144,58,Female,51-65,South
C16050,21,Other,18-25,South
C12992,53,Male,51-65,South
C15304,58,Male,51-65,South
C16693,39,Male,36-50,Central
C13467,49,Male,36-50,West
C12318,31,Male,26-35,West
C14329,22,Male,18-25,East
C11731,28,Male,26-35,Central
C10092,48,Male,36-50,North
C12664,56,Female,51-65,North
C15379,42,Male,36-50,West
C12692,63,Female,51-65,South
C13921,25,Male,18-25,North
C10613,31,Female,26-35,South
C11978,63,Male,51-65,West
C10812,32,Male,26-35,East
C11786,68,Male,65+,West
C10330,18,Male,18-25,West
C15493,47,Male,36-50,East
C15910,25,Female,18-25,East
C12375,59,Male,51-65,West
C14791,32,Male,26-35,Central
C16742,21,Female,18-25,East
C12457,21,Female,18-25,South
C12818,40,Female,36-50,Central
C12611,21,Female,18-25,West
C10095,22,Male,18-25,East
C16418,29,Female,26-35,East
C10245,52,Male,51-65,South
C16560,21,Female,18-25,North
C14077,24,Female,18-25,West
C12754,25,Male,18-25,South
C16994,28,Male,26-35,South
C17391,58,Female,51-65,East
C15239,40,Female,36-50,West
C11839,33,Male,26-35,West
C15120,33,Male,26-35,East
C12619,52,Male,51-65,South
C16393,64,Male,51-65,Central
C13519,22,Male,18-25,Central
C15228,28,Female,26-35,North
C16021,26,Female,26-35,West
C14359,47,Female,36-50,East
C17254,42,Male,36-50,Central
C14630,58,Female,51-65,South
C10321,24,Female,18-25,Central
C12067,35,Male,26-35,East
C12991,34,Female,26-35,North
C15425,19,Male,18-25,Central
C12955,29,Female,26-35,South
C11018,67,Female,65+,North
C13819,62,Male,51-65,South
C17765,36,Female,36-50,Central
C15333,43,Male,36-50,South
C11626,53,Other,51-65,East
C15284,47,Male,36-50,East
C12333,26,Male,26-35,Central
C16827,26,Male,26-35,Central
C12168,27,Other,26-35,West
C14295,65,Male,51-65,West
C11791,29,Female,26-35,North
C13527,39,Female,36-50,Central
C14685,46,Male,36-50,Central
C17963,47,Male,36-50,Central
C10724,48,Female,36-50,West
C12582,18,Female,18-25,North
C13837,34,Other,26-35,South
C11665,25,Female,18-25,North
C17475,21,Female,18-25,South
C17103,59,Female,51-65,West
C12456,25,Male,18-25,South
C15278,37,Female,36-50,Central
C14984,25,Female,18-25,Central
C10921,22,Female,18-25,Central
C14772,62,Male,51-65,East
C16630,42,Male,36-50,West
C17017,45,Female,36-50,North
C10185,28,Male,26-35,West
C15743,64,Female,51-65,South
C17635,40,Female,36-50,Central
C16201,19,Other,18-25,East
C13859,39,Male,36-50,Central
C11183,31,Female,26-35,East
C15407,30,Female,26-35,West
C12876,20,Male,18-25,East
C16341,37,Male,36-50,South
C14122,22,Female,18-25,North
C12412,50,Female,36-50,Central
C12753,35,Male,26-35,Central
C10530,23,Male,18-25,North
C13728,42,Other,36-50,Central
C16189,43,Female,36-50,South
C13463,66,Female,65+,West
C11142,47,Male,36-50,West
C17076,51,Female,51-65,Central
C16061,38,Female,36-50,East
C15165,57,Male,51-65,East
C15627,41,Other,36-50,South
C16740,68,Male,65+,East
C13404,57,Other,51-65,South
C15508,19,Male,18-25,East
C15434,36,Male,36-50,South
C17401,27,Female,26-35,East
C12144,40,Male,36-50,East
C10543,40,Male,36-50,West
C10883,47,Male,36-50,Central
C16664,21,Female,18-25,Central
C10647,55,Male,51-65,South
C12487,18,Female,18-25,South
C13312,43,Male,36-50,East
C17919,65,Female,51-65,West
C13898,30,Male,26-35,South
C11669,45,Female,36-50,North
C16634,35,Female,26-35,North
C13297,32,Male,26-35,Central
C12913,67,Female,65+,West
C10763,66,Female,65+,North
C15076,55,Male,51-65,Central
C15608,34,Female,26-35,North
C10216,68,Male,65+,North
C17335,43,Male,36-50,East
C11614,54,Male,51-65,Central
C14960,59,Female,51-65,Central
C16550,27,Male,26-35,Central
C16194,41,Female,36-50,North
C11701,64,Other,51-65,East
C17229,35,Female,26-35,East
C10111,67,Male,65+,North
C11201,24,Male,18-25,North
C17273,34,Female,26-35,South
C10908,33,Male,26-35,West
C17828,19,Female,18-25,North
C14129,34,Female,26-35,North
C10461,49,Female,36-50,South
C11934,26,Male,26-35,South
C13909,46,Male,36-50,South
C14872,46,Male,36-50,East
C12337,69,Female,65+,West
C15838,55,Male,51-65,South
C14950,67,Female,65+,South
C14012,42,Female,36-50,East
C10376,54,Female,51-65,West
C16595,45,Male,36-50,East
C14215,56,Other,51-65,South
C13881,67,Female,65+,Central
C12628,69,Male,65+,West
C14395,24,Male,18-25,Central
C10429,42,Male,36-50,East
C12417,58,Female,51-65,South
C15271,40,Male,36-50,Central
C10898,68,Female,65+,Central
C10833,34,Female,26-35,South
C15936,58,Female,51-65,North
C14301,19,Female,18-25,North
C10866,63,Male,51-65,East
C11351,63,Other,51-65,East
C11057,42,Female,36-50,South
C17859,47,Female,36-50,Central
C13355,69,Female,65+,East
C13469,39,Female,36-50,Central
C12943,63,Female,51-65,North
C11482,45,Male,36-50,South
C13045,40,Other,36-50,South
C12215,40,Female,36-50,South
C14716,69,Male,65+,East
C16498,50,Female,36-50,Central
C17075,36,Male,36-50,North
C10408,44,Female,36-50,East
C16505,25,Female,18-25,South
C17050,54,Female,51-65,West
C13307,64,Male,51-65,South
C15050,33,Male,26-35,Central
C15169,60,Male,51-65,South
C11945,60,Male,51-65,West
C14003,50,Female,36-50,Central
C12531,38,Female,36-50,Central
C15123,59,Male,51-65,East
C14209,65,Male,51-65,Central
C11197,38,Female,36-50,South
C10465,27,Male,26-35,West
C14162,36,Male,36-50,East
C13455,52,Male,51-65,West
C12310,54,Male,51-65,West
C10538,41,Male,36-50,South
C10592,28,Male,26-35,South
C16765,60,Female,51-65,East
C12615,21,Female,18-25,West
C14313,48,Female,36-50,West
C10367,55,Female,51-65,South
C13328,55,Male,51-65,South
C12957,68,Female,65+,East
C16425,36,Male,36-50,Central
C11891,39,Male,36-50,West
C10070,31,Male,26-35,North
C17879,54,Female,51-65,East
C10696,39,Male,36-50,East
C12406,32,Male,26-35,West
C10248,59,Male,51-65,Central
C10637,64,Female,51-65,South
C11111,68,Female,65+,West
C16569,34,Male,26-35,West
C13842,38,Male,36-50,North
C12517,28,Female,26-35,Central
C11253,35,Female,26-35,East
C11483,69,Male,65+,South
C15464,56,Female,51-65,North
C15766,60,Male,51-65,North
C10605,21,Male,18-25,West
C16086,63,Male,51-65,North
C17472,26,Male,26-35,East
C10315,42,Male,36-50,South
C14398,58,Male,51-65,West
C12201,50,Female,36-50,East
C10131,28,Male,26-35,Central
C16128,25,Other,18-25,East
C16147,25,Other,18-25,East
C14604,49,Female,36-50,South
C11743,47,Male,36-50,South
C15294,43,Female,36-50,North
C11844,33,Male,26-35,West
C14963,61,Male,51-65,East
C17021,68,Female,65+,South
C10868,65,Male,51-65,East
C10811,47,Female,36-50,West
C14862,41,Other,36-50,West
C11744,44,Female,36-50,West
C16608,60,Male,51-65,North
C16518,60,Male,51-65,Central
C15803,68,Female,65+,Central
C17089,36,Male,36-50,South
C11491,40,Female,36-50,North
C13689,55,Female,51-65,Central
C15981,19,Female,18-25,East
C10747,23,Female,18-25,North
C10683,53,Female,51-65,North
C11385,27,Male,26-35,West
C15405,54,Female,51-65,North
C12882,54,Female,51-65,Central
C11595,35,Female,26-35,South
C11623,19,Female,18-25,Central
C17719,66,Male,65+,West
C11923,59,Female,51-65,South
C10633,31,Male,26-35,West
C13098,32,Male,26-35,Central
C15312,19,Male,18-25,East
C10061,24,Female,18-25,North
C11454,64,Male,51-65,North
C10063,51,Male,51-65,South
C10457,53,Male,51-65,West
C11740,63,Female,51-65,South
C11954,19,Male,18-25,West
C12473,54,Male,51-65,West
C14139,58,Female,51-65,South
C11851,66,Female,65+,Central
C13025,51,Female,51-65,Central
C12288,19,Male,18-25,South
C14098,52,Female,51-65,North
C14237,52,Female,51-65,West
C17405,30,Female,26-35,North
C12057,52,Female,51-65,West
C12029,67,Female,65+,Central
C15125,69,Male,65+,Central
C11732,47,Female,36-50,East
C11803,37,Other,36-50,East
C11598,40,Female,36-50,North
C13316,36,Female,36-50,East
C17884,34,Male,26-35,East
C15361,35,Male,26-35,West
C14553,30,Female,26-35,East
C17720,55,Female,51-65,East
C15030,51,Female,51-65,Central
C17463,21,Male,18-25,Central
C15146,31,Female,26-35,Central
C12348,40,Male,36-50,South
C16459,64,Male,51-65,South
C15623,48,Male,36-50,South
C11562,45,Male,36-50,West
C13187,38,Female,36-50,North
C10611,49,Female,36-50,East
C15151,28,Female,26-35,West
C13646,52,Female,51-65,East
C11662,44,Male,36-50,North
C15639,27,Female,26-35,West
C15049,39,Female,36-50,South
C13154,27,Male,26-35,North
C10214,49,Female,36-50,West
C10333,50,Female,36-50,West
C14561,53,Female,51-65,East
C10079,66,Male,65+,Central
C12124,55,Male,51-65,South
C17474,64,Other,51-65,Central
C15707,32,Male,26-35,East
C14127,26,Male,26-35,South
C12357,27,Male,26-35,Central
C12906,29,Female,26-35,South
C17070,23,Male,18-25,South
C15270,51,Other,51-65,North
C10033,21,Female,18-25,South
C17261,20,Male,18-25,Central
C15706,44,Female,36-50,North
C14004,60,Female,51-65,West
C12344,52,Male,51-65,East
C17066,52,Male,51-65,East
C12673,44,Male,36-50,West
C14035,36,Male,36-50,North
C16935,39,Male,36-50,North
C14789,52,Female,51-65,Central
C15613,33,Female,26-35,East
C14216,43,Female,36-50,East
C14560,38,Male,36-50,East
C15386,19,Female,18-25,Central
C15082,36,Female,36-50,West
C10360,66,Female,65+,East
C12453,28,Male,26-35,East
C13692,31,Male,26-35,Central
C15339,36,Female,36-50,South
C12154,42,Male,36-50,West
C15843,60,Female,51-65,South
C17453,69,Female,65+,South
C12236,21,Female,18-25,East
C14176,43,Male,36-50,Central
C10554,62,Female,51-65,East
C14397,18,Female,18-25,East
C15942,63,Female,51-65,South
C11880,35,Male,26-35,Central
C17386,69,Male,65+,North
C12802,34,Male,26-35,South
C13745,51,Male,51-65,South
C10794,34,Male,26-35,East
C14353,69,Male,65+,South
C11047,57,Female,51-65,East
C13021,39,Male,36-50,South
C16323,29,Female,26-35,Central
C16627,56,Male,51-65,West
C14502,43,Male,36-50,West
C17969,25,Male,18-25,North
C16950,42,Female,36-50,West
C14147,53,Male,51-65,South
C10468,62,Female,51-65,North
C13647,42,Female,36-50,South
C16088,34,Female,26-35,North
C16066,38,Female,36-50,North
C16601,25,Male,18-25,South
C16179,69,Female,65+,South
C13299,24,Male,18-25,North
C14851,31,Female,26-35,Central
C15620,51,Male,51-65,North
C16930,68,Male,65+,East
C13889,60,Male,51-65,Central
C16759,40,Other,36-50,East
C11586,33,Male,26-35,North
C14901,50,Male,36-50,North
C17702,40,Female,36-50,East
C14464,66,Female,65+,North
C12227,19,Female,18-25,Central
C14860,24,Female,18-25,South
C16110,64,Male,51-65,North
C13592,64,Male,51-65,Central
C10758,68,Male,65+,South
C16291,26,Other,26-35,Central
C14708,24,Male,18-25,North
C13833,69,Male,65+,West
C12742,39,Female,36-50,South
C13827,54,Male,51-65,North
C17434,31,Male,26-35,South
C11022,35,Female,26-35,East
C17947,52,Female,51-65,South
C15058,50,Male,36-50,East
C16027,25,Female,18-25,Central
C11617,68,Female,65+,North
C17988,43,Female,36-50,North
C11575,49,Female,36-50,North
C13946,51,Male,51-65,South
C11684,59,Female,51-65,West
C10568,62,Female,51-65,East
C14705,37,Other,36-50,East
C15465,31,Male,26-35,North
C17222,27,Female,26-35,South
C12884,29,Female,26-35,West
C14870,37,Male,36-50,South
C17038,19,Male,18-25,South
C12858,48,Male,36-50,Central
C12927,32,Female,26-35,North
C10014,31,Male,26-35,West
C12900,51,Other,51-65,North
C14100,34,Male,26-35,South
C13063,31,Male,26-35,East
C11659,63,Male,51-65,West
C15155,62,Male,51-65,North
C14993,31,Female,26-35,Central
C16876,43,Male,36-50,East
C16211,64,Male,51-65,West
C15804,55,Female,51-65,South
C16029,28,Female,26-35,North
C11935,67,Male,65+,South
C10353,21,Male,18-25,Central
C17590,39,Male,36-50,South
C10932,40,Female,36-50,North
C10434,54,Female,51-65,Central
C16329,39,Female,36-50,Central
C16867,49,Male,36-50,East
C12404,37,Female,36-50,Central
C16472,45,Female,36-50,East
C12231,69,Male,65+,Central
C15118,64,Female,51-65,Central
C13101,21,Female,18-25,Central
C13813,25,Female,18-25,South
C17792,46,Male,36-50,North
C13290,47,Female,36-50,East
C15267,26,Female,26-35,Central
C12088,60,Female,51-65,North
C15903,41,Male,36-50,North
C12183,22,Female,18-25,West
C15908,38,Female,36-50,East
C14638,30,Female,26-35,North
C11488,46,Other,36-50,West
C17150,57,Male,51-65,North
C17346,34,Male,26-35,East
C16013,64,Female,51-65,West
C13090,23,Male,18-25,North
C16180,63,Male,51-65,North
C16515,22,Male,18-25,West
C10263,58,Female,51-65,North
C12478,45,Female,36-50,East
C15786,21,Male,18-25,West
C13706,36,Male,36-50,South
C17791,52,Female,51-65,South
C10008,37,Male,36-50,Central
C11608,36,Female,36-50,South
C16790,52,Male,51-65,South
C13418,26,Female,26-35,North
C10473,53,Female,51-65,South
C13942,57,Male,51-65,Central
C15858,34,Male,26-35,Central
C14081,38,Female,36-50,North
C10177,49,Female,36-50,North
C14288,42,Male,36-50,North
C15758,41,Female,36-50,South
C13441,27,Female,26-35,West
C15015,35,Female,26-35,West
C14407,19,Female,18-25,West
C17535,31,Male,26-35,East
C13501,50,Female,36-50,East
C13944,23,Female,18-25,East
C14367,27,Female,26-35,West
C16556,28,Female,26-35,West
C12996,65,Female,51-65,North
C11643,69,Female,65+,South
C15028,50,Male,36-50,East
C16113,60,Female,51-65,North
C16444,67,Female,65+,South
C11650,27,Male,26-35,East
C12820,19,Female,18-25,North
C17881,59,Female,51-65,South
C15963,44,Female,36-50,East
C16209,25,Male,18-25,South
C10188,52,Female,51-65,Central
C10157,30,Male,26-35,East
C17200,30,Female,26-35,South
C17528,33,Male,26-35,West
C15605,27,Male,26-35,West
C12471,38,Male,36-50,North
C11566,67,Other,65+,South
C15331,44,Male,36-50,West
C13780,52,Male,51-65,East
C10533,20,Male,18-25,East
C17289,48,Female,36-50,East
C10676,36,Male,36-50,South
C11683,52,Male,51-65,East
C17945,51,Female,51-65,West
C17414,62,Female,51-65,East
C17726,32,Male,26-35,South
C14246,64,Female,51-65,East
C14467,40,Other,36-50,North
C13989,66,Female,65+,North
C16315,20,Male,18-25,West
C17337,47,Male,36-50,South
C13601,67,Male,65+,Central
C15861,38,Female,36-50,East
C14220,21,Male,18-25,Central
C16670,21,Female,18-25,South
C13107,36,Female,36-50,Central
C15489,29,Female,26-35,West
C16388,57,Female,51-65,West
C13550,67,Male,65+,South
C10624,44,Female,36-50,Central
C11078,36,Male,36-50,North
C15224,68,Male,65+,West
C12069,46,Male,36-50,West
C16442,63,Male,51-65,North
C12254,48,Male,36-50,East
C16926,61,Male,51-65,East
C10167,19,Male,18-25,South
C13422,50,Male,36-50,East
C13016,54,Male,51-65,Central
C15689,46,Male,36-50,West
C16137,64,Female,51-65,West
C17588,32,Male,26-35,South
C11226,51,Female,51-65,Central
C14881,68,Female,65+,South
C13781,35,Female,26-35,West
C10439,36,Male,36-50,Central
C16817,37,Female,36-50,North
C16134,61,Female,51-65,West
C10381,67,Female,65+,West
C10511,55,Male,51-65,South
C10304,39,Male,36-50,South
C12807,34,Male,26-35,East
C11053,33,Male,26-35,North
C15046,50,Male,36-50,South
C12894,28,Female,26-35,North
C17203,55,Female,51-65,South
C14342,43,Male,36-50,Central
C10764,61,Female,51-65,East
C13995,57,Other,51-65,East
C10700,67,Male,65+,South
C11593,57,Male,51-65,Central
C15836,20,Female,18-25,South
C17681,57,Male,51-65,North
C12025,67,Male,65+,West
C11965,35,Male,26-35,West
C17316,45,Female,36-50,East
C17580,30,Male,26-35,East
C12715,60,Female,51-65,West
C16848,29,Male,26-35,West
C11498,56,Male,51-65,North
C11479,23,Male,18-25,North
C11634,44,Male,36-50,Central
C15905,53,Male,51-65,East
C14885,38,Male,36-50,North
C11496,19,Female,18-25,East
C10149,19,Male,18-25,North
C10168,62,Male,51-65,North
C11320,20,Male,18-25,West
C11921,56,Other,51-65,North
C13058,51,Male,51-65,South
C16903,21,Female,18-25,West
C13684,44,Female,36-50,Central
C13651,40,Female,36-50,South
C16220,41,Male,36-50,North
C17387,50,Other,36-50,East
C14315,66,Female,65+,North
C13411,54,Male,51-65,East
C17324,49,Male,36-50,Central
C15426,32,Female,26-35,North
C17199,31,Female,26-35,Central
C16422,62,Female,51-65,South
C15020,50,Female,36-50,East
C10420,20,Female,18-25,Central
C12543,57,Male,51-65,East
C14816,30,Male,26-35,North
C12629,20,Male,18-25,Central
C11964,55,Male,51-65,North
C11795,52,Other,51-65,South
C15381,62,Male,51-65,North
C14622,22,Female,18-25,East
C11720,36,Female,36-50,East
C10862,56,Male,51-65,West
C10373,35,Female,26-35,North
C10653,45,Female,36-50,Central
C13658,39,Male,36-50,West
C16810,28,Male,26-35,East
C14693,22,Male,18-25,South
C13288,31,Male,26-35,East
C13997,40,Female,36-50,North
C12087,58,Male,51-65,West
C10135,60,Male,51-65,South
C17627,51,Other,51-65,North
C17144,29,Female,26-35,North
C15809,28,Female,26-35,West
C15537,69,Female,65+,South
C11042,40,Female,36-50,East
C15763,37,Male,36-50,Central
C11121,45,Female,36-50,West
C17772,48,Female,36-50,East
C11310,45,Male,36-50,South
C16798,48,Female,36-50,Central
C14999,21,Female,18-25,East
C12874,37,Female,36-50,East
C10099,66,Female,65+,South
C13852,50,Male,36-50,North
C17149,60,Male,51-65,Central
C14614,20,Female,18-25,Central
C11688,58,Female,51-65,East
C10535,23,Male,18-25,South
C12995,31,Female,26-35,North
C14602,40,Female,36-50,South
C16847,67,Male,65+,West
C14918,27,Male,26-35,South
C13379,31,Male,26-35,East
C11210,19,Male,18-25,North
C17100,39,Female,36-50,West
C10937,59,Male,51-65,East
C10518,31,Male,26-35,Central
C10102,29,Male,26-35,East
C16253,22,Male,18-25,North
C13608,54,Female,51-65,West
C12954,28,Female,26-35,Central
C16311,52,Male,51-65,East
C15363,36,Female,36-50,Central
C11010,48,Male,36-50,East
C13857,38,Female,36-50,South
C15566,59,Female,51-65,South
C11039,51,Male,51-65,West
C15035,30,Male,26-35,South
C12589,49,Female,36-50,South
C13656,25,Male,18-25,Central
C14983,43,Female,36-50,North
C10181,20,Female,18-25,West
C15106,37,Female,36-50,West
C14436,61,Female,51-65,South
C14245,40,Male,36-50,North
C16956,68,Male,65+,North
C13194,31,Male,26-35,South
C11002,42,Female,36-50,South
C15250,32,Male,26-35,South
C15960,21,Female,18-25,North
C17302,43,Female,36-50,West
C14896,33,Female,26-35,West
C15438,55,Male,51-65,South
C17677,38,Female,36-50,South
C12614,55,Female,51-65,North
C11533,37,Other,36-50,Central
C11090,59,Female,51-65,West
C16832,54,Male,51-65,South
C17172,27,Female,26-35,North
C16045,28,Male,26-35,Central
C12609,21,Male,18-25,North
C16210,69,Female,65+,North
C15502,47,Female,36-50,East
C16492,36,Female,36-50,North
C11315,22,Male,18-25,South
C13846,33,Female,26-35,West
C10483,65,Female,51-65,West
C17499,28,Female,26-35,Central
C11175,67,Female,65+,West
C14201,19,Male,18-25,East
C17524,58,Other,51-65,East
C12271,62,Male,51-65,Central
C16162,68,Female,65+,North
C10000,54,Male,51-65,North
C11783,62,Female,51-65,North
C12680,61,Female,51-65,West
C14119,52,Female,51-65,East
C11952,54,Male,51-65,Central
C16760,45,Female,36-50,West
C14755,40,Female,36-50,South
C17760,68,Female,65+,South
C10047,61,Male,51-65,South
C14672,60,Female,51-65,West
C11983,20,Female,18-25,East
C17936,56,Female,51-65,East
C10019,60,Male,51-65,South
C15022,63,Male,51-65,Central
C14981,20,Female,18-25,North
C16440,39,Male,36-50,Central
C12973,48,Female,36-50,South
C15937,44,Female,36-50,North
C10426,52,Male,51-65,North
C11373,69,Female,65+,North
C13755,67,Female,65+,North
C15893,32,Male,26-35,East
C14046,60,Male,51-65,West
C13753,46,Other,36-50,Central
C16590,50,Male,36-50,North
C13984,20,Male,18-25,West
C17775,36,Female,36-50,East
C16669,34,Female,26-35,East
C17563,54,Male,51-65,South
C12439,22,Male,18-25,West
C16271,34,Female,26-35,West
C12157,45,Male,36-50,Central
C16306,41,Male,36-50,North
C17660,61,Female,51-65,West
C13698,26,Male,26-35,East
C14671,32,Female,26-35,East
C15023,33,Male,26-35,South
C12948,46,Male,36-50,North
C17801,45,Male,36-50,Central
C14828,18,Female,18-25,North
C10050,41,Male,36-50,South
C14731,44,Male,36-50,South
C17685,39,Female,36-50,West
C15748,65,Male,51-65,Central
C15216,45,Male,36-50,North
C12771,42,Female,36-50,West
C12522,39,Female,36-50,East
C13105,22,Other,18-25,West
C12760,20,Female,18-25,East
C10411,44,Male,36-50,Central
C16778,63,Male,51-65,South
C12167,20,Female,18-25,South
C16532,20,Female,18-25,North
C13886,57,Female,51-65,Central
C13204,18,Male,18-25,East
C10967,46,Female,36-50,North
C12968,63,Female,51-65,South
C17019,54,Female,51-65,West
C15412,30,Female,26-35,North
C14128,43,Male,36-50,West
C15945,18,Female,18-25,Central
C12184,50,Male,36-50,East
C16699,38,Male,36-50,Central
C12932,43,Female,36-50,East
C10487,62,Female,51-65,East
C11157,18,Female,18-25,Central
C13024,65,Female,51-65,Central
C11277,55,Male,51-65,East
C14450,48,Male,36-50,Central
C14738,34,Female,26-35,East
C14333,28,Male,26-35,East
C13143,50,Female,36-50,South
C17649,49,Male,36-50,East
C17615,23,Female,18-25,West
C12678,50,Male,36-50,East
C15282,58,Female,51-65,West
C14629,57,Male,51-65,Central
C12495,58,Male,51-65,South
C13910,27,Male,26-35,Central
C15337,19,Male,18-25,Central
C15459,49,Female,36-50,North
C15129,29,Female,26-35,East
C10169,29,Female,26-35,South
C12684,48,Male,36-50,North
C13011,47,Male,36-50,Central
C16729,67,Male,65+,East
C11957,31,Male,26-35,East
C14441,43,Male,36-50,East
C10476,25,Male,18-25,North
C16497,51,Male,51-65,West
C15168,34,Male,26-35,South
C15277,35,Female,26-35,Central
C17985,60,Female,51-65,Central
C14609,40,Female,36-50,Central
C11372,55,Female,51-65,West
C11323,61,Male,51-65,West
C11739,19,Male,18-25,West
C13721,50,Female,36-50,Central
C15527,57,Male,51-65,South
C15848,69,Female,65+,North
C16143,24,Female,18-25,South
C12002,22,Female,18-25,North
C12585,48,Male,36-50,South
C16706,56,Male,51-65,East
C15576,19,Female,18-25,Central
C11123,51,Male,51-65,North
C10041,61,Male,51-65,East
C11071,41,Female,36-50,South
C10450,19,Male,18-25,North
C10736,35,Female,26-35,Central
C13948,57,Male,51-65,North
C10621,44,Female,36-50,North
C17488,38,Female,36-50,East
C17955,47,Female,36-50,North
C10293,67,Female,65+,East
C17584,65,Male,51-65,North
C10286,44,Female,36-50,West
C17369,47,Female,36-50,West
C11430,50,Male,36-50,West
C15746,39,Other,36-50,South
C11153,63,Female,51-65,East
C14074,40,Female,36-50,North
C12483,45,Male,36-50,West
C13570,48,Female,36-50,West
C14914,63,Male,51-65,West
C17782,64,Female,51-65,East
C15714,53,Female,51-65,Central
C10927,63,Female,51-65,North
C14509,19,Female,18-25,North
C12301,46,Male,36-50,South
C15792,60,Female,51-65,South
C17921,61,Male,51-65,Central
C16918,26,Male,26-35,North
C15665,53,Female,51-65,North
C17139,29,Male,26-35,South
C12312,62,Female,51-65,West
C16561,32,Male,26-35,South
C13887,68,Female,65+,South
C15900,60,Female,51-65,North
C14328,54,Male,51-65,Central
C13434,21,Female,18-25,West
C12879,50,Female,36-50,West
C11402,38,Male,36-50,East
C16705,20,Female,18-25,North
C12177,32,Male,26-35,West
C17228,49,Male,36-50,Central
C10088,56,Other,51-65,South
C16735,29,Female,26-35,West
C14058,35,Male,26-35,South
C14338,53,Female,51-65,South
C15597,42,Female,36-50,South
C15862,24,Male,18-25,Central
C11730,68,Male,65+,West
C17217,38,Female,36-50,South
C11199,30,Female,26-35,East
C12498,42,Female,36-50,North
C17781,18,Female,18-25,East
C16161,67,Male,65+,Central
C17290,46,Male,36-50,West
C14767,65,Female,51-65,West
C10031,33,Female,26-35,North
C13615,46,Female,36-50,South
C17458,56,Female,51-65,Central
C14269,18,Male,18-25,North
C17877,35,Male,26-35,East
C16225,27,Female,26-35,Central
C14024,28,Female,26-35,West
C16517,61,Male,51-65,South
C12826,47,Female,36-50,Central
C12458,59,Female,51-65,North
C10059,66,Female,65+,East
C12319,57,Female,51-65,South
C14417,45,Female,36-50,South
C12189,40,Female,36-50,South
C10410,61,Male,51-65,South
C14401,20,Female,18-25,Central
C13295,34,Female,26-35,South
C14902,38,Male,36-50,East
C13941,43,Female,36-50,North
C17303,29,Male,26-35,North
C13208,67,Male,65+,South
C10218,21,Male,18-25,Central
C17628,31,Female,26-35,East
C13334,55,Male,51-65,West
C12133,57,Male,51-65,West
C13043,25,Male,18-25,South
C10586,61,Male,51-65,West
C11870,66,Female,65+,East
C16421,64,Male,51-65,North
C16951,56,Female,51-65,South
C16920,50,Female,36-50,East
C14447,68,Male,65+,Central
C12405,34,Female,26-35,North
C17201,40,Female,36-50,North
C14028,53,Female,51-65,East
C16307,25,Male,18-25,West
C15140,32,Female,26-35,South
C17107,43,Female,36-50,North
C14010,44,Female,36-50,North
C14475,45,Male,36-50,South
C14291,68,Male,65+,Central
C11097,64,Female,51-65,North
C17571,28,Female,26-35,North
C10251,23,Female,18-25,South
C17567,50,Female,36-50,Central
C15719,44,Female,36-50,West
C17712,26,Male,26-35,South
C16624,56,Female,51-65,South
C17949,38,Female,36-50,Central
C15245,52,Female,51-65,South
C17834,65,Female,51-65,East
C14149,27,Male,26-35,South
C13207,60,Other,51-65,South
C15857,61,Male,51-65,North
C16913,51,Female,51-65,South
C17220,63,Female,51-65,East
C11768,58,Male,51-65,North
C14031,58,Female,51-65,Central
C10290,34,Female,26-35,West
C15359,32,Female,26-35,Central
C13429,57,Male,51-65,South
C17808,27,Female,26-35,South
C16084,48,Female,36-50,North
C10101,47,Male,36-50,East
C11061,69,Male,65+,East
C11807,21,Male,18-25,East
C17051,38,Male,36-50,South
C10744,56,Male,51-65,East
C15090,58,Female,51-65,North
C13128,22,Female,18-25,North
C15357,69,Other,65+,East
C12127,63,Male,51-65,South
C15071,58,Male,51-65,Central
C16648,64,Male,51-65,West
C12519,58,Female,51-65,East
C16682,22,Male,18-25,Central
C12638,57,Female,51-65,East
C17109,51,Male,51-65,West
C13532,69,Female,65+,South
C17900,58,Male,51-65,North
C11261,58,Female,51-65,South
C15549,64,Female,51-65,East
C13433,61,Male,51-65,North
C12252,64,Male,51-65,East
C11862,53,Male,51-65,Central
C11328,29,Male,26-35,South
C14489,63,Female,51-65,South
C11084,62,Female,51-65,South
C12859,40,Female,36-50,North
C15418,40,Male,36-50,Central
C15826,44,Male,36-50,Central
C14618,43,Male,36-50,East
C10856,63,Female,51-65,West
C13315,36,Male,36-50,Central
C13274,27,Female,26-35,South
C13617,60,Male,51-65,North
C12534,58,Male,51-65,Central
C11393,65,Male,51-65,West
C16178,31,Male,26-35,South
C14189,67,Female,65+,North
C17613,56,Female,51-65,East
C15653,33,Other,26-35,Central
C12698,49,Female,36-50,South
C15863,40,Male,36-50,East
C13070,65,Male,51-65,North
C16438,22,Female,18-25,West
C15503,24,Female,18-25,Central
C11350,43,Female,36-50,East
C13784,62,Male,51-65,East
C13393,20,Male,18-25,East
C15998,54,Male,51-65,South
C13509,42,Female,36-50,West
C11606,62,Female,51-65,South
C12751,57,Male,51-65,North
C11383,52,Male,51-65,West
C17363,58,Female,51-65,West
C12554,61,Female,51-65,East
C10708,23,Male,18-25,South
C12351,55,Male,51-65,North
C15478,25,Female,18-25,South
C17306,42,Female,36-50,West
C10960,28,Female,26-35,East
C13668,37,Male,36-50,West
C11297,36,Female,36-50,North
C17502,60,Male,51-65,South
C15589,26,Female,26-35,East
C13704,67,Female,65+,North
C11034,58,Female,51-65,East
C10970,25,Male,18-25,West
C14043,34,Male,26-35,East
C10828,27,Female,26-35,North
C10103,30,Female,26-35,West
C12020,22,Male,18-25,West
C12420,32,Female,26-35,West
C16433,30,Male,26-35,North
C13616,49,Male,36-50,South
C17682,22,Female,18-25,North
C12232,64,Male,51-65,South
C15391,67,Female,65+,West
C14110,59,Female,51-65,Central
C17912,45,Male,36-50,West
C16688,21,Female,18-25,West
C16779,24,Female,18-25,South
C16503,50,Male,36-50,North
C15711,34,Male,26-35,North
C14730,61,Male,51-65,North
